v 0.001433 -0.002506 -0.015402
v 0.005510 0.002130 -0.015406
v -0.005361 0.001587 -0.015397
v -0.003748 -0.001182 -0.015397
v -0.001926 -0.002247 -0.015400
v 0.004090 -0.000800 -0.015387
v 0.016565 0.068184 -0.029673
v -0.016402 0.068127 -0.031723
v 0.016409 0.068127 -0.031769
v 0.016443 0.064447 -0.028118
v -0.016458 0.064389 -0.028118
v 0.016477 0.071630 -0.004481
v 0.016659 0.071723 -0.013251
v 0.016503 0.074283 -0.004419
v 0.016458 0.068384 -0.013182
v 0.016712 0.068432 -0.017384
v 0.016517 0.046201 -0.018831
v 0.016524 0.044483 -0.020765
v 0.016561 0.066902 -0.028123
v 0.016451 0.044522 -0.026214
v 0.016718 0.046294 -0.027521
v 0.016659 0.071723 -0.033441
v 0.016328 0.068254 -0.033510
v 0.016542 0.074235 -0.042277
v 0.016477 0.071630 -0.042211
v 0.008013 0.068326 -0.009896
v -0.010800 0.068251 -0.012930
v -0.016459 0.068384 -0.013182
v 0.010648 0.068266 -0.012859
v 0.007760 0.068326 -0.004520
v -0.007762 0.068406 -0.004441
v -0.007773 0.068130 -0.010453
v -0.016478 0.071630 -0.004481
v -0.007740 0.071691 -0.004352
v -0.016522 0.074252 -0.004436
v 0.007739 0.071691 -0.004352
v -0.016540 0.074283 -0.042238
v -0.007802 0.071692 -0.042342
v -0.016478 0.071630 -0.042211
v 0.007702 0.068384 -0.042266
v -0.007703 0.068311 -0.042193
v 0.007822 0.071663 -0.042294
v 0.007547 0.068141 -0.037154
v -0.007541 0.068143 -0.037196
v -0.016553 0.066930 -0.018559
v 0.016562 0.066855 -0.018621
v -0.016529 0.044566 -0.020478
v -0.016348 0.068236 -0.033455
v -0.016650 0.071717 -0.033518
v -0.016660 0.071723 -0.013251
v -0.016713 0.068447 -0.017361
v -0.016571 0.046287 -0.018894
v -0.016714 0.066965 -0.027834
v -0.016442 0.044449 -0.025962
v -0.016560 0.068131 -0.029394
v -0.016719 0.046294 -0.027521
v -0.011260 0.071471 -0.033842
v -0.008289 0.071471 -0.036286
v -0.008009 0.068604 -0.037571
v -0.008846 0.068605 -0.035638
v -0.011103 0.068607 -0.033865
v -0.008201 0.071471 -0.010173
v -0.011133 0.071471 -0.012838
v -0.008153 0.068615 -0.009892
v 0.008288 0.071471 -0.036286
v 0.011310 0.071471 -0.033819
v 0.011086 0.068623 -0.033880
v 0.008845 0.068605 -0.035638
v 0.008010 0.068600 -0.037558
v 0.008042 0.071471 -0.009387
v 0.009199 0.071471 -0.011485
v 0.011391 0.071471 -0.012887
v -0.016259 0.068099 -0.016768
v 0.016254 0.068103 -0.016731
v -0.016249 0.066361 -0.028168
v -0.016236 0.046205 -0.027996
v 0.016228 0.046347 -0.028022
v 0.010454 0.068131 -0.033544
v -0.010511 0.068132 -0.033506
v 0.016387 0.068113 -0.037280
v 0.016539 0.043948 -0.040551
v -0.016558 0.044189 -0.040604
v 0.014013 0.017301 -0.025318
v -0.014016 0.017327 -0.025343
v 0.013928 0.017175 -0.023344
v -0.013925 0.017176 -0.023343
v 0.008486 -0.011171 -0.023168
v 0.012420 -0.008753 -0.023068
v -0.010422 -0.010273 -0.023151
v -0.007642 -0.011205 -0.023215
v -0.013592 -0.005955 -0.023347
v 0.013782 -0.004838 -0.023346
v 0.011278 -0.009597 -0.015531
v 0.013977 -0.005293 -0.015463
v 0.008705 -0.011071 -0.015510
v 0.013922 0.017176 -0.015387
v 0.004875 0.005257 -0.015407
v -0.008742 -0.010769 -0.015384
v -0.012319 -0.008680 -0.015577
v -0.014014 -0.005428 -0.015538
v -0.013928 0.017175 -0.015387
v 0.014352 0.017593 -0.013205
v -0.014344 0.017430 -0.013334
v 0.016227 0.043848 -0.028100
v -0.014268 0.017853 -0.013169
v -0.016220 0.043844 -0.028089
v 0.016496 0.064713 -0.040685
v -0.016528 0.064755 -0.040617
v -0.016388 0.068113 -0.037280
v 0.016683 0.043732 -0.028544
v 0.014416 0.017648 -0.025025
v 0.014407 0.017605 -0.015861
v 0.014416 0.017616 -0.022855
v -0.014285 -0.004598 -0.022869
v -0.014408 0.017603 -0.015868
v -0.014418 0.017648 -0.025025
v -0.014418 0.017617 -0.022861
v -0.016684 0.043731 -0.028544
v 0.013364 -0.007431 -0.015863
v 0.014241 -0.005042 -0.022863
v -0.013050 -0.008055 -0.022871
v -0.008807 -0.011247 -0.015870
v 0.003110 0.007383 -0.015393
v -0.005043 0.004809 -0.015405
v 0.000003 0.002865 -0.020786
v -0.000230 0.008410 -0.015418
v -0.003094 0.007323 -0.015400
v 0.015639 0.056811 -0.028264
v 0.014280 0.059374 -0.028317
v 0.013345 0.060202 -0.032898
v 0.011123 0.049594 -0.032898
v 0.012069 0.049885 -0.028599
v 0.012581 0.060577 -0.028599
v 0.014228 0.051433 -0.032898
v 0.009816 0.061430 -0.028609
v 0.009551 0.061428 -0.032898
v 0.014344 0.051771 -0.028599
v 0.015462 0.054208 -0.028607
v 0.015647 0.056005 -0.032898
v 0.012997 0.049837 -0.028123
v 0.003439 0.055725 -0.028601
v 0.003052 0.053991 -0.028126
v 0.015610 0.052882 -0.028123
v 0.004396 0.052309 -0.028599
v 0.005497 0.050300 -0.028122
v 0.005980 0.050562 -0.028600
v 0.008627 0.049418 -0.028609
v 0.009009 0.048844 -0.028123
v 0.004033 0.058955 -0.028123
v 0.011847 0.061511 -0.028123
v 0.007641 0.061689 -0.028124
v 0.006751 0.060729 -0.028592
v 0.004759 0.059012 -0.028599
v 0.004875 0.051433 -0.032898
v 0.005758 0.060202 -0.032898
v 0.008350 0.049475 -0.032898
v 0.003456 0.056005 -0.032898
v -0.003935 0.058139 -0.028320
v -0.005760 0.060202 -0.032898
v -0.007981 0.049594 -0.032898
v -0.007035 0.049885 -0.028599
v -0.006523 0.060577 -0.028599
v -0.004876 0.051433 -0.032898
v -0.009288 0.061430 -0.028609
v -0.009553 0.061428 -0.032898
v -0.004760 0.051771 -0.028599
v -0.003436 0.054624 -0.028424
v -0.003457 0.056005 -0.032898
v -0.004424 0.051182 -0.028124
v -0.015665 0.055725 -0.028601
v -0.015868 0.057200 -0.028123
v -0.015672 0.053096 -0.028123
v -0.014708 0.052309 -0.028599
v -0.013314 0.050535 -0.028409
v -0.010477 0.049418 -0.028609
v -0.009447 0.048743 -0.028125
v -0.010505 0.061813 -0.028122
v -0.013526 0.060581 -0.028123
v -0.006634 0.061318 -0.028125
v -0.012353 0.060729 -0.028592
v -0.014345 0.059012 -0.028599
v -0.014229 0.051433 -0.032898
v -0.013346 0.060202 -0.032898
v -0.010754 0.049475 -0.032898
v -0.015648 0.056005 -0.032898
v -0.004775 0.003420 -0.017748
v -0.000573 -0.001871 -0.017752
v -0.003723 -0.000258 -0.017729
v -0.003734 0.005754 -0.017732
v -0.001633 0.007392 -0.017745
v -0.003183 0.004310 -0.017748
v -0.001317 -0.000360 -0.017739
v -0.003266 0.001542 -0.017705
v -0.001568 0.005933 -0.017734
v 0.002896 0.004639 -0.015425
v 0.000018 -0.000516 -0.015413
v 0.001111 0.006013 -0.015415
v 0.002332 0.000384 -0.015411
v 0.003322 0.002427 -0.015414
v 0.000248 0.005666 -0.015346
v -0.002066 0.004784 -0.015350
v -0.000249 0.000043 -0.015346
v -0.002772 0.001921 -0.015347
v 0.004595 0.004455 -0.015421
v 0.002841 0.006840 -0.015419
v -0.000829 -0.001970 -0.015419
v 0.002852 -0.001207 -0.015418
v -0.000024 0.007722 -0.015425
v 0.004737 0.001735 -0.015423
v 0.014218 0.017039 -0.015229
v -0.014219 0.017039 -0.015227
v 0.001370 0.005139 -0.003445
v 0.002771 0.003788 -0.015347
v 0.002429 0.001394 -0.003445
v 0.002065 0.000926 -0.015350
v 0.001544 0.007364 -0.017729
v -0.007710 -0.011023 -0.000373
v -0.013941 -0.000762 -0.000353
v -0.013944 0.006472 -0.000354
v 0.003611 -0.011069 -0.000342
v 0.013865 -0.005009 -0.000384
v 0.013942 -0.000762 -0.000354
v 0.003620 0.016786 -0.000341
v 0.003572 0.006428 -0.000281
v 0.013944 0.006478 -0.000351
v -0.003603 -0.000747 -0.000267
v -0.003612 -0.011069 -0.000342
v -0.000001 -0.011161 -0.002882
v -0.000001 0.002855 -0.002770
v -0.000001 0.016870 -0.002885
v -0.003614 0.016787 -0.000345
v -0.003579 0.006433 -0.000278
v 0.003602 -0.000747 -0.000267
v 0.009062 -0.010843 -0.000418
v -0.010935 -0.010045 -0.015289
v 0.012514 -0.008594 -0.015294
v -0.005485 -0.000420 -0.015344
v -0.013987 -0.006015 -0.015282
v -0.006246 0.001687 -0.015349
v 0.001163 0.009095 -0.015352
v -0.004837 0.003407 -0.015418
v -0.001169 0.009101 -0.015349
v -0.003275 0.008339 -0.015344
v -0.007530 -0.011314 -0.015287
v 0.001167 -0.003391 -0.015350
v 0.003274 -0.002630 -0.015344
v -0.011264 -0.009514 -0.000370
v -0.013811 -0.005612 -0.000389
v -0.011929 0.004048 -0.015357
v -0.011671 0.004319 -0.002695
v -0.006552 0.004381 -0.002682
v -0.001454 0.009343 -0.002693
v -0.004259 0.008087 -0.002673
v 0.001458 0.014520 -0.002696
v 0.006485 0.004304 -0.002696
v 0.006280 0.004043 -0.015366
v 0.004310 0.007728 -0.015339
v 0.004848 0.007700 -0.002660
v 0.011928 0.014792 -0.015355
v 0.001448 0.009339 -0.002696
v 0.007916 -0.008987 -0.015353
v 0.011368 -0.005809 -0.002678
v 0.011556 -0.006203 -0.015345
v 0.011927 0.001662 -0.015357
v 0.006551 0.001328 -0.002682
v 0.001454 -0.003634 -0.002693
v 0.004259 -0.002378 -0.002671
v 0.001459 -0.008812 -0.002697
v 0.008104 -0.008653 -0.002680
v -0.011726 -0.005626 -0.015355
v -0.007840 -0.008709 -0.002688
v -0.008508 -0.008856 -0.015342
v -0.001458 -0.008810 -0.002698
v -0.001194 -0.009073 -0.015357
v -0.001527 -0.003697 -0.002682
v -0.006489 0.001400 -0.002693
v -0.005233 -0.001405 -0.002671
v -0.011638 -0.004439 -0.002685
v -0.010520 -0.006967 -0.002649
v 0.003132 0.004324 -0.017737
v 0.003909 0.005611 -0.017747
v 0.001152 0.006234 -0.017745
v -0.003431 0.003549 -0.015394
v -0.001149 0.006055 -0.015418
v -0.002306 0.000359 -0.015411
v -0.001371 0.000570 -0.003446
v -0.002430 0.004316 -0.003445
v 0.012447 -0.008159 -0.000337
v 0.013965 0.016762 -0.000444
v 0.014158 -0.004946 -0.015273
v -0.013950 0.016760 -0.000417
v 0.008501 -0.011186 -0.015294
v 0.011673 0.004320 -0.002697
v 0.011935 0.004054 -0.015357
v 0.011674 0.014521 -0.002697
v 0.001203 0.014792 -0.015356
v -0.004054 -0.000008 -0.015423
v -0.003308 0.006555 -0.015420
v -0.011675 0.014520 -0.002696
v -0.011938 0.014784 -0.015355
v -0.001459 0.014520 -0.002696
v -0.006246 0.004022 -0.015350
v -0.001201 0.014791 -0.015357
v -0.005374 0.006334 -0.015350
v 0.011673 0.001390 -0.002698
v 0.006245 0.001687 -0.015350
v 0.001200 -0.009081 -0.015356
v 0.005373 -0.000624 -0.015350
v -0.011673 0.001390 -0.002697
v -0.001169 -0.003391 -0.015349
v -0.011936 0.001655 -0.015357
v -0.003480 -0.002519 -0.015350
v 0.003428 0.002185 -0.017731
v 0.001704 -0.000299 -0.017727
v 0.004791 0.002411 -0.017744
v 0.002979 -0.000984 -0.017764
v 0.014016 0.002855 -0.002882
v -0.014025 0.002855 -0.002891
v 0.016907 0.129386 -0.050662
v 0.016907 0.128061 -0.049254
v 0.016907 0.144678 -0.049254
v 0.016907 0.144678 -0.050662
v 0.020229 0.101954 -0.096345
v 0.020229 0.102355 -0.097984
v 0.020229 0.101950 0.096336
v 0.020227 0.119256 0.097643
v 0.020227 0.112868 0.099823
v 0.020229 0.107658 0.101269
v 0.020229 0.106203 0.101171
v 0.020229 0.104801 0.100693
v 0.020229 0.103564 0.099742
v 0.020229 0.102764 0.098733
v 0.020229 0.103432 -0.099619
v 0.020228 0.104876 -0.100746
v 0.020229 0.102223 0.097550
v 0.002641 0.144927 -0.044970
v 0.006585 0.144858 -0.044493
v -0.001723 0.145003 -0.045064
v 0.015239 0.144707 -0.042045
v 0.010703 0.144786 -0.043606
v -0.001723 0.146209 -0.045064
v 0.005242 0.155439 -0.063424
v 0.004364 0.156225 -0.063408
v 0.005304 0.148190 -0.063425
v 0.000686 0.146985 -0.140604
v 0.001936 0.153649 -0.138866
v 0.001421 0.152180 -0.139208
v 0.002064 0.150539 -0.140639
v 0.002485 0.155993 -0.138216
v 0.001977 0.147273 -0.141393
v 0.001318 0.147399 -0.140809
v 0.002668 0.154909 -0.140915
v 0.002603 0.151341 -0.141665
v 0.002422 0.148999 -0.141794
v 0.002617 0.155659 -0.139151
v 0.001518 0.149401 -0.140429
v 0.001299 0.154607 -0.137558
v 0.000664 0.149251 -0.140054
v 0.001944 0.155992 -0.137034
v 0.002624 0.146733 -0.142930
v 0.002285 0.145414 -0.142064
v 0.001523 0.145444 -0.141175
v 0.002475 0.152715 -0.140410
v 0.000879 0.156141 -0.135874
v 0.002624 0.127328 -0.142772
v 0.002673 0.122785 -0.142886
v 0.002680 0.128329 -0.144434
v 0.002622 0.117267 -0.137011
v 0.002676 0.117347 -0.139237
v 0.002719 0.154088 -0.141994
v 0.002006 0.111992 -0.136393
v 0.002514 0.111726 -0.136627
v 0.004166 0.114185 -0.136119
v 0.003490 0.114144 -0.136060
v 0.020228 0.122331 -0.093422
v 0.020310 0.125418 -0.039540
v 0.020248 0.123635 -0.039575
v 0.020438 0.127999 -0.049189
v 0.020285 0.123931 0.000410
v 0.020399 0.124197 0.039487
v 0.021198 0.124653 0.039010
v 0.020876 0.135525 -0.039206
v 0.020876 0.135525 -0.049181
v 0.020228 0.122344 0.093311
v 0.020229 0.106925 -0.101285
v 0.020229 0.108388 -0.101121
v 0.020227 0.121810 0.095059
v 0.020228 0.120774 0.096571
v 0.020229 0.119500 -0.097533
v 0.020233 0.122772 0.043374
v 0.020229 0.120954 -0.096358
v 0.020229 0.121778 -0.095113
v 0.019600 0.143421 -0.039941
v 0.019617 0.143353 -0.049204
v 0.020431 0.133871 0.039471
v 0.019025 0.144223 -0.049215
v 0.019106 0.144120 -0.040209
v 0.018314 0.144607 -0.040626
v 0.018098 0.144641 -0.049232
v 0.018506 0.049865 0.127964
v 0.018748 0.049843 -0.122835
v 0.015186 0.049759 -0.092616
v 0.018639 0.049840 0.114862
v 0.015016 0.049803 0.129651
v 0.014362 0.049745 -0.093715
v 0.013565 0.049731 -0.094025
v 0.016221 0.049807 -0.129166
v 0.014000 0.049738 0.093927
v 0.014961 0.049755 0.093068
v 0.018596 0.049887 -0.127390
v 0.015236 0.049760 0.092234
v -0.001723 0.146209 0.045064
v 0.002895 0.148232 -0.047053
v 0.007703 0.148148 -0.046458
v 0.013914 0.148041 -0.044826
v 0.018574 0.147887 -0.103626
v 0.005304 0.148175 -0.102729
v 0.025892 0.147793 0.048038
v 0.032863 0.147697 0.051969
v 0.030039 0.147728 0.101738
v 0.006298 0.148172 0.046699
v 0.010895 0.148092 0.045711
v 0.015811 0.148016 0.044136
v 0.022689 0.147864 0.045815
v 0.018699 0.089699 -0.139615
v 0.018592 0.071162 -0.141016
v 0.018692 0.108250 -0.136950
v 0.018643 0.117918 -0.135062
v 0.012242 0.061403 -0.141272
v 0.017882 0.064585 -0.141169
v 0.018383 0.099928 -0.138324
v 0.004882 0.114551 -0.136029
v 0.005293 0.115336 -0.135863
v 0.021275 0.060553 -0.136877
v 0.021280 0.063655 -0.139051
v 0.012851 0.054372 -0.135983
v 0.022668 0.059686 -0.133592
v 0.020554 0.056936 -0.134889
v 0.021627 0.055198 -0.132077
v 0.022965 0.064006 -0.135885
v 0.014955 0.056702 -0.137665
v 0.022474 0.052958 -0.127153
v 0.022182 0.065162 -0.138437
v 0.022706 0.054882 -0.128991
v 0.022340 0.061600 -0.135835
v 0.022285 0.055318 -0.130819
v 0.013122 0.059791 -0.140534
v 0.023430 0.060708 -0.131835
v 0.023057 0.067677 -0.137322
v 0.023218 0.056000 -0.127823
v 0.023855 0.070442 -0.134143
v 0.023207 0.071178 -0.137248
v 0.023228 0.078613 -0.136617
v 0.024201 0.072373 -0.130868
v 0.022954 0.096501 -0.135021
v 0.016538 0.053756 -0.134569
v 0.023716 0.095691 -0.130978
v 0.015087 0.051085 -0.132377
v 0.022769 0.118557 -0.131239
v 0.023485 0.117379 -0.127333
v 0.017218 0.060491 -0.139964
v 0.022670 0.126031 -0.129128
v 0.023609 0.124102 -0.123920
v 0.022570 0.131696 -0.126836
v 0.017755 0.051086 -0.131657
v 0.024197 0.124350 -0.118983
v 0.023584 0.056522 -0.125153
v 0.023775 0.060662 -0.129637
v 0.022485 0.135730 -0.124481
v 0.018438 0.054804 -0.134703
v 0.022966 0.053513 -0.124415
v 0.024199 0.131760 -0.111392
v 0.023751 0.065078 -0.133108
v 0.018494 0.053573 -0.133624
v 0.024200 0.060085 -0.118244
v 0.022988 0.053696 -0.114566
v 0.023293 0.137610 -0.112853
v 0.022512 0.142228 -0.115933
v 0.022649 0.143626 -0.110015
v 0.024199 0.135444 -0.103565
v 0.018382 0.061226 -0.139899
v 0.022438 0.138978 -0.121655
v 0.019634 0.051569 -0.131063
v 0.019450 0.055179 -0.134403
v 0.022742 0.144335 -0.103637
v 0.020330 0.053540 -0.132270
v 0.024188 0.064774 -0.129310
v 0.019829 0.062390 -0.139771
v 0.006668 0.058752 -0.140457
v 0.004912 0.053981 -0.136377
v 0.024197 0.061927 -0.126142
v 0.009834 0.056971 -0.138759
v 0.021066 0.052062 -0.129866
v 0.011543 0.050591 -0.132090
v 0.021820 0.052482 -0.128753
v 0.023679 0.103110 0.107081
v 0.026957 0.106855 0.116410
v 0.025426 0.087601 0.121729
v 0.024031 0.099091 0.111662
v 0.029318 0.095843 0.127255
v 0.024816 0.087003 0.119805
v 0.024213 0.078577 0.114074
v 0.027476 0.079608 0.130035
v 0.025027 0.061815 0.125895
v 0.025630 0.066325 0.129848
v 0.026404 0.071775 0.130704
v 0.024352 0.067946 0.117146
v 0.024229 0.060168 0.115793
v 0.023582 0.095521 0.099896
v 0.023510 0.101463 -0.096306
v 0.023535 0.101972 -0.098618
v 0.023512 0.103006 -0.099926
v 0.023624 0.093349 -0.107367
v 0.023524 0.119713 0.097932
v 0.023768 0.120602 0.099111
v 0.023494 0.108507 0.101633
v 0.023525 0.106335 0.101795
v 0.023491 0.101505 0.096508
v 0.024627 0.120684 0.102427
v 0.023488 0.102073 0.098373
v 0.025508 0.104339 0.114053
v 0.024591 0.099001 0.114172
v 0.028160 0.121433 0.111098
v 0.023483 0.104707 0.101139
v 0.023534 0.103312 0.100407
v 0.032106 0.120255 0.120620
v 0.030954 0.110193 0.123716
v 0.023523 0.104637 -0.101228
v 0.026567 0.120968 0.107538
v 0.024199 0.135692 -0.036992
v 0.022878 0.143993 -0.037932
v 0.029342 0.127379 0.107193
v 0.023726 0.124360 0.037905
v 0.034001 0.132301 0.110498
v 0.024415 0.124872 0.094595
v 0.023795 0.122936 0.096459
v 0.023543 0.122485 0.094664
v 0.023498 0.121207 0.096648
v 0.034426 0.134148 0.107064
v 0.028497 0.124419 0.109108
v 0.026075 0.127111 0.094942
v 0.034149 0.133865 0.079247
v 0.030139 0.130744 0.083846
v 0.024378 0.135653 0.038424
v 0.033019 0.126821 0.116706
v 0.026294 0.127260 0.096768
v 0.025050 0.134138 0.040196
v 0.032492 0.123253 0.119251
v 0.026330 0.126600 0.099412
v 0.033513 0.129757 0.113820
v 0.025764 0.124603 0.101594
v 0.024797 0.124954 0.097133
v 0.026539 0.131895 0.042214
v 0.028967 0.129569 0.101215
v 0.027534 0.131705 0.043249
v 0.024458 0.122713 0.099951
v 0.026141 0.135307 0.042083
v 0.028414 0.131083 0.044437
v 0.023605 0.102470 -0.109434
v 0.023524 0.107832 -0.101861
v 0.027915 0.127568 0.102765
v 0.027711 0.133554 0.043342
v 0.029247 0.130426 0.097897
v 0.029015 0.132928 0.044287
v 0.023584 0.124369 -0.097604
v 0.035040 0.135665 0.100620
v 0.026089 0.122729 0.104834
v 0.034740 0.135199 0.104102
v 0.023756 0.123551 0.093544
v 0.023491 0.122783 -0.092677
v 0.023677 0.126672 -0.037371
v 0.023493 0.122777 0.030702
v 0.023689 0.126668 0.033501
v 0.023957 0.126669 0.037169
v 0.024486 0.127027 0.039693
v 0.023902 0.123941 0.044476
v 0.024676 0.126020 0.041996
v 0.023498 0.105843 -0.101574
v 0.024823 0.125452 0.045821
v 0.023498 0.122704 0.041075
v 0.024536 0.128504 0.039020
v 0.025486 0.127548 0.042526
v 0.024037 0.124078 0.050490
v 0.025669 0.128249 0.042162
v 0.025545 0.129422 0.041258
v 0.024393 0.130941 0.038061
v 0.024911 0.131009 0.039581
v 0.025907 0.127364 0.044305
v 0.023496 0.114189 -0.099898
v 0.024737 0.125143 0.051560
v 0.025708 0.131591 0.041100
v 0.026071 0.127098 0.045954
v 0.027264 0.129165 0.044580
v 0.026944 0.130088 0.043156
v 0.025772 0.126369 0.048825
v 0.027016 0.127546 0.050346
v 0.027732 0.128989 0.045991
v 0.024182 0.135757 0.037007
v 0.024760 0.125294 0.084272
v 0.027957 0.128768 0.047593
v 0.029361 0.130490 0.046606
v 0.030008 0.131748 0.045818
v 0.031070 0.131445 0.048267
v 0.029390 0.132214 0.044809
v 0.031302 0.133280 0.045935
v 0.025717 0.126362 0.066477
v 0.031372 0.131346 0.049955
v 0.028850 0.129205 0.050388
v 0.027374 0.135693 0.043349
v 0.028575 0.135743 0.044139
v 0.032754 0.133258 0.047564
v 0.030376 0.134830 0.044900
v 0.033621 0.135682 0.046418
v 0.037496 0.135690 0.051603
v 0.036807 0.135702 0.049730
v 0.036112 0.135696 0.048584
v 0.035145 0.135732 0.047508
v 0.023537 0.120066 -0.097949
v 0.024202 0.099878 -0.126475
v 0.030158 0.130141 0.055611
v 0.023496 0.121315 -0.096666
v 0.027771 0.128716 0.088304
v 0.023498 0.122531 -0.094450
v 0.037111 0.135685 0.069431
v 0.032159 0.131664 0.052713
v 0.037945 0.135688 0.055410
v 0.023955 0.124541 0.040535
v 0.024127 0.129376 0.037044
v 0.023524 0.122751 0.092910
v 0.030954 0.134124 0.045311
v 0.026112 0.142830 0.042346
v 0.024839 0.143075 0.040817
v 0.037594 0.143003 0.052273
v 0.037276 0.143178 0.050996
v 0.036673 0.142965 0.049515
v 0.037879 0.143035 0.054455
v 0.036076 0.142572 0.048536
v 0.027353 0.143250 0.043440
v 0.023749 0.143809 0.038945
v 0.023328 0.143612 0.037616
v 0.028708 0.143388 0.044270
v 0.035545 0.143286 0.047978
v 0.034401 0.142790 0.046928
v 0.032630 0.142782 0.045883
v 0.037894 0.142784 0.057299
v 0.019218 0.054598 0.134389
v 0.016910 0.056384 0.136922
v 0.028640 0.094863 0.131547
v 0.028993 0.106160 0.133599
v 0.030487 0.119357 0.130616
v 0.031874 0.123964 0.124089
v 0.031371 0.127090 0.128121
v 0.032259 0.132555 0.124351
v 0.033307 0.139496 0.117485
v 0.023152 0.053648 0.120377
v 0.023880 0.056427 0.125549
v 0.023011 0.053063 0.124358
v 0.022656 0.052990 0.127347
v 0.013584 0.050845 0.132387
v 0.022671 0.054150 0.129291
v 0.023460 0.055937 0.128914
v 0.021748 0.052385 0.129427
v 0.021834 0.054626 0.131831
v 0.020768 0.054186 0.132778
v 0.020443 0.051571 0.130405
v 0.019431 0.051603 0.131408
v 0.015088 0.053236 0.134620
v 0.017895 0.052744 0.133380
v 0.018160 0.051251 0.131777
v 0.024347 0.059063 0.128822
v 0.008670 0.055812 0.137902
v 0.020436 0.058054 0.136337
v 0.022036 0.058509 0.135019
v 0.023786 0.059349 0.132109
v 0.012632 0.056626 0.138107
v 0.009254 0.059182 0.140587
v 0.014387 0.060001 0.140442
v 0.025121 0.063787 0.130789
v 0.034947 0.143269 0.101585
v 0.024786 0.064246 0.133657
v 0.019037 0.061934 0.140230
v 0.034485 0.142618 0.107110
v 0.021083 0.062988 0.139647
v 0.033819 0.141246 0.113393
v 0.017184 0.061053 0.140388
v 0.022902 0.057201 0.132366
v 0.022494 0.063706 0.138640
v 0.023015 0.053816 0.114396
v 0.024077 0.063978 0.135778
v 0.024734 0.068007 0.137246
v 0.025774 0.070775 0.135121
v 0.023363 0.064882 0.138176
v 0.023960 0.066923 0.138394
v 0.026577 0.074801 0.133533
v 0.025447 0.072038 0.137234
v 0.026071 0.076153 0.136773
v 0.027943 0.095835 0.135182
v 0.027363 0.133464 0.129259
v 0.026997 0.130170 0.131049
v 0.026151 0.122801 0.133788
v 0.029968 0.147427 0.105982
v 0.029015 0.145198 0.115367
v 0.029473 0.146581 0.110980
v 0.028432 0.143604 0.118800
v 0.027776 0.139874 0.124029
v 0.027744 0.135941 0.127561
v 0.028682 0.141634 0.121814
v 0.027971 0.138113 0.125768
v 0.026776 0.126970 0.132380
v 0.022388 0.084342 0.140072
v 0.017741 0.063758 0.141184
v 0.023497 0.093684 0.139040
v 0.021382 0.073692 0.140833
v 0.024513 0.103581 0.137629
v 0.010957 0.061696 0.141342
v 0.025433 0.113116 0.135908
v 0.022945 0.053547 0.060953
v 0.018458 0.130942 -0.131424
v 0.005304 0.129205 -0.132395
v 0.018349 0.142537 -0.123254
v 0.005304 0.142488 -0.123764
v 0.005304 0.143981 -0.121657
v 0.018071 0.147149 -0.112256
v 0.005304 0.146996 -0.114182
v 0.018602 0.126714 -0.132876
v 0.005304 0.121925 -0.134448
v 0.017932 0.141052 -0.125048
v 0.005304 0.140688 -0.125771
v 0.005304 0.145638 -0.118416
v 0.018336 0.139303 -0.126632
v 0.018233 0.145437 -0.118152
v 0.005304 0.138135 -0.127918
v 0.018525 0.147694 -0.107598
v 0.005304 0.147868 -0.108849
v 0.018228 0.136856 -0.128480
v 0.018041 0.144272 -0.120678
v 0.005304 0.134378 -0.130234
v 0.018022 0.133698 -0.130260
v 0.005252 0.153713 -0.141502
v 0.005299 0.154988 -0.138791
v 0.005290 0.148430 -0.143454
v 0.005299 0.126904 -0.143311
v 0.005259 0.121631 -0.141609
v 0.022947 0.126622 0.037882
v 0.022946 0.145012 0.037881
v 0.022452 0.145887 0.038246
v 0.021987 0.126274 0.038515
v 0.021393 0.125816 0.038891
v 0.020832 0.125205 0.039232
v 0.018648 0.145966 0.040457
v 0.014555 0.146036 0.042326
v 0.010333 0.146120 0.043684
v 0.002779 0.146259 0.044951
v 0.023040 0.126632 0.019505
v 0.020014 0.145939 -0.039715
v 0.021488 0.125984 -0.038832
v 0.002545 0.146266 -0.044970
v 0.021928 0.145907 -0.038554
v 0.022404 0.145196 -0.038244
v 0.022817 0.126590 -0.037970
v 0.006568 0.146189 -0.044506
v 0.010755 0.146110 -0.043583
v 0.014165 0.146049 -0.042456
v 0.017037 0.146000 -0.041261
v 0.020565 0.124840 -0.039389
v 0.025913 0.146743 0.044992
v 0.026063 0.147343 0.046412
v 0.026037 0.143920 0.042480
v 0.024668 0.144136 0.040925
v 0.025012 0.146140 0.043193
v 0.026161 0.145017 0.043251
v 0.023448 0.147499 0.044391
v 0.023926 0.146814 0.043126
v 0.024415 0.145098 0.041258
v 0.023748 0.146099 0.041526
v 0.023413 0.145106 0.039444
v 0.022800 0.146222 0.039969
v 0.021718 0.147618 0.042515
v 0.037658 0.144230 0.055762
v 0.022368 0.147196 0.041822
v 0.021773 0.147132 0.040168
v 0.036595 0.145984 0.055718
v 0.036220 0.143794 0.049064
v 0.036630 0.144455 0.050289
v 0.034898 0.143805 0.047530
v 0.037331 0.144214 0.052363
v 0.035317 0.144604 0.048365
v 0.035543 0.145137 0.049033
v 0.035866 0.145826 0.050675
v 0.036827 0.145255 0.052302
v 0.035227 0.147067 0.056080
v 0.034215 0.144847 0.047528
v 0.036422 0.145945 0.053276
v 0.033161 0.143900 0.046367
v 0.033988 0.147539 0.054031
v 0.032599 0.144940 0.046583
v 0.032874 0.145872 0.047459
v 0.035756 0.146494 0.052551
v 0.034220 0.145874 0.048441
v 0.035042 0.146803 0.051505
v 0.034604 0.147220 0.052626
v 0.034818 0.146392 0.049830
v 0.033804 0.147305 0.050954
v 0.033324 0.146906 0.049253
v 0.031831 0.146808 0.048131
v 0.028632 0.144592 0.044661
v 0.031975 0.147476 0.049782
v 0.028266 0.145453 0.045021
v 0.028099 0.146529 0.046046
v 0.027307 0.144363 0.043777
v 0.020305 0.147880 0.041887
v 0.037085 0.145205 0.057822
v 0.026497 0.146031 0.044433
v 0.034529 0.144620 0.101535
v 0.033801 0.145773 0.101910
v 0.032825 0.146694 0.102041
v 0.031894 0.147251 0.101873
v 0.031003 0.147553 0.102635
v 0.034297 0.144193 0.105472
v 0.033701 0.145199 0.105786
v 0.029810 0.121881 0.131840
v 0.030203 0.121145 0.131292
v 0.029023 0.122276 0.132597
v 0.029903 0.129768 0.129800
v 0.029750 0.132511 0.128727
v 0.030708 0.134168 0.126973
v 0.028288 0.131755 0.129967
v 0.027969 0.121476 0.133513
v 0.029904 0.135522 0.126879
v 0.030875 0.137566 0.124503
v 0.028859 0.134485 0.128181
v 0.029036 0.136591 0.126662
v 0.030692 0.139467 0.123019
v 0.031830 0.139189 0.121795
v 0.027433 0.124292 0.133079
v 0.031171 0.141648 0.120041
v 0.030664 0.127181 0.129674
v 0.026617 0.118695 0.134608
v 0.032272 0.141682 0.118204
v 0.031419 0.143552 0.116791
v 0.032674 0.143660 0.114081
v 0.029396 0.125783 0.131500
v 0.031442 0.144885 0.113988
v 0.032330 0.145254 0.111054
v 0.033227 0.144393 0.110682
v 0.032717 0.145869 0.107825
v 0.031179 0.146370 0.109976
v 0.028555 0.125828 0.132111
v 0.033066 0.146042 0.105351
v 0.030682 0.130095 0.128792
v 0.029013 0.129930 0.130412
v 0.031314 0.133980 0.126224
v 0.031787 0.132205 0.126049
v 0.027970 0.128276 0.131571
v 0.029959 0.141017 0.121966
v 0.032026 0.146793 0.105478
v 0.031780 0.135993 0.124324
v 0.032539 0.136376 0.122186
v 0.030274 0.142869 0.119159
v 0.029734 0.144247 0.117176
v 0.030350 0.145410 0.114018
v 0.030825 0.146992 0.107619
v 0.032535 0.138747 0.120732
v 0.029570 0.138174 0.125117
v 0.029247 0.142690 0.120082
v 0.028636 0.117296 0.133688
v 0.028816 0.139999 0.123680
v 0.033134 0.141923 0.115634
v 0.033873 0.143435 0.110051
v 0.026038 0.106622 0.136751
v 0.027300 0.096859 0.136451
v 0.027308 0.107254 0.135924
v 0.026541 0.096859 0.137277
v 0.025307 0.096954 0.138137
v 0.020826 0.066817 0.140897
v 0.025431 0.086817 0.138570
v 0.024387 0.088999 0.139178
v 0.026845 0.088115 0.136784
v 0.014338 0.061279 0.141077
v 0.025831 0.083626 0.138092
v 0.027571 0.115401 0.134727
v 0.023517 0.080871 0.139952
v 0.028725 0.109572 0.134175
v 0.024103 0.076843 0.139645
v 0.024481 0.073681 0.139189
v 0.025462 0.075082 0.137976
v 0.022775 0.073893 0.140396
v 0.021769 0.065316 0.140144
v 0.020112 0.064141 0.140701
v 0.018358 0.062632 0.140780
v 0.022721 0.069622 0.140261
v 0.006876 0.060093 0.141157
v 0.024713 0.070432 0.138320
v 0.023256 0.067975 0.139587
v 0.022502 0.065087 0.139460
v 0.019509 0.049992 0.124701
v 0.019963 0.050545 0.128886
v 0.016778 0.050875 0.131850
v 0.018638 0.050425 0.130161
v 0.013700 0.050151 0.131173
v 0.017071 0.050050 0.130035
v 0.022528 0.052518 0.115101
v 0.021731 0.051461 0.115308
v 0.021099 0.050884 0.114649
v 0.019957 0.050213 0.116343
v 0.021972 0.052014 0.127904
v 0.022442 0.052087 0.120711
v 0.021076 0.050940 0.127365
v 0.020770 0.050511 0.123449
v 0.020322 0.050386 0.126572
v 0.021746 0.051228 0.123823
v 0.021046 0.051379 0.129011
v 0.019451 0.050941 0.130457
v 0.022362 0.052060 0.125697
v 0.021628 0.051348 -0.046876
v 0.019337 0.050007 -0.048274
v 0.020398 0.050435 -0.034975
v 0.022493 0.052468 -0.025510
v 0.022960 0.053628 -0.028146
v 0.019335 0.049992 0.094461
v 0.020329 0.050401 0.087197
v 0.021021 0.050831 -0.048896
v 0.022738 0.052985 0.075367
v 0.020060 0.050270 -0.094308
v 0.022280 0.052150 0.066537
v 0.021461 0.051197 0.062620
v 0.021893 0.051651 -0.093263
v 0.020557 0.050529 0.060092
v 0.022355 0.052269 -0.106343
v 0.019459 0.050038 0.061422
v 0.021034 0.050838 -0.095762
v 0.022758 0.053048 -0.113629
v 0.019433 0.050017 0.015651
v 0.022093 0.051882 0.042081
v 0.022679 0.052849 0.049036
v 0.020320 0.050377 -0.115489
v 0.021551 0.051280 -0.112767
v 0.021383 0.051078 -0.117752
v 0.022149 0.051947 -0.114712
v 0.020619 0.050566 0.017350
v 0.021610 0.051345 -0.010466
v 0.019831 0.050174 -0.005268
v 0.020936 0.050765 -0.010611
v 0.019823 0.050153 -0.124791
v 0.022231 0.051914 -0.121858
v 0.022964 0.053190 -0.121200
v 0.020889 0.050657 -0.122205
v 0.021532 0.051267 -0.125087
v 0.022420 0.052384 -0.125021
v 0.020659 0.050731 -0.126876
v 0.018303 0.050051 -0.129003
v 0.019692 0.050453 -0.128603
v 0.016484 0.050227 -0.130650
v 0.018853 0.050530 -0.129990
v 0.020889 0.051346 -0.128738
v 0.019997 0.051081 -0.129848
v 0.012881 0.049930 -0.130501
v 0.021785 0.051767 -0.126764
v 0.022078 0.145669 -0.103782
v 0.021216 0.146692 -0.039950
v 0.020930 0.146887 -0.102925
v 0.019758 0.147594 -0.041832
v 0.019809 0.147519 -0.103591
v 0.018288 0.147952 -0.042961
v 0.019858 0.147175 -0.108263
v 0.020080 0.146583 -0.111842
v 0.022083 0.143567 -0.115349
v 0.022154 0.144736 -0.110344
v 0.021230 0.145545 -0.112703
v 0.020905 0.146557 -0.108033
v 0.021704 0.145724 -0.108164
v 0.019837 0.125878 -0.132690
v 0.020402 0.118989 -0.134124
v 0.020416 0.124276 -0.132779
v 0.021640 0.119624 -0.132939
v 0.022171 0.125601 -0.130497
v 0.021134 0.126640 -0.131512
v 0.019268 0.133454 -0.130050
v 0.019697 0.135425 -0.128774
v 0.019567 0.137709 -0.127375
v 0.019354 0.140301 -0.125302
v 0.020138 0.141095 -0.123843
v 0.019876 0.142295 -0.122628
v 0.019761 0.130268 -0.131194
v 0.019269 0.143753 -0.120918
v 0.020323 0.143705 -0.119845
v 0.020806 0.129961 -0.130610
v 0.019724 0.144915 -0.118224
v 0.021000 0.142426 -0.120957
v 0.021641 0.142326 -0.119770
v 0.018451 0.146166 -0.116066
v 0.020907 0.144516 -0.117075
v 0.021306 0.131592 -0.129416
v 0.022128 0.141581 -0.119279
v 0.019747 0.146041 -0.114878
v 0.018876 0.147002 -0.112222
v 0.022047 0.131660 -0.128262
v 0.020218 0.132767 -0.129837
v 0.019884 0.113050 -0.135640
v 0.020711 0.136051 -0.127627
v 0.021398 0.135588 -0.127104
v 0.021573 0.144155 -0.115880
v 0.022010 0.136098 -0.125650
v 0.020609 0.139317 -0.125178
v 0.021368 0.138785 -0.124666
v 0.022024 0.139442 -0.122617
v 0.021253 0.140499 -0.123092
v 0.021967 0.108572 -0.134833
v 0.022524 0.108332 -0.133913
v 0.020398 0.101928 -0.137381
v 0.021090 0.109012 -0.135660
v 0.022362 0.094855 -0.136519
v 0.019514 0.104415 -0.137361
v 0.021440 0.096970 -0.137332
v 0.019527 0.095394 -0.138719
v 0.022203 0.067769 -0.138936
v 0.021740 0.088757 -0.138136
v 0.019249 0.067368 -0.140974
v 0.020275 0.090586 -0.139011
v 0.022594 0.081599 -0.137759
v 0.020714 0.081694 -0.139656
v 0.021631 0.077862 -0.139301
v 0.019263 0.081338 -0.140309
v 0.022713 0.071782 -0.138364
v 0.021171 0.066904 -0.139974
v 0.020259 0.067334 -0.140612
v 0.021563 0.065501 -0.139364
v 0.020350 0.064159 -0.140124
v 0.020910 0.072565 -0.140193
v 0.019509 0.072272 -0.140797
v 0.022041 0.070400 -0.139254
v 0.016632 0.061657 -0.140800
v 0.017213 0.063084 -0.141100
v 0.007663 0.059888 -0.141067
v 0.019210 0.064224 -0.140776
v 0.018490 0.062478 -0.140524
v 0.020229 0.113650 -0.099569
v 0.023028 0.108196 -0.101254
v 0.002033 0.123589 -0.140029
v 0.001360 0.123001 -0.139095
v 0.000786 0.123085 -0.138806
v 0.002430 0.124482 -0.141184
v 0.002618 0.121523 -0.140488
v 0.000686 0.120992 -0.137422
v 0.002342 0.120876 -0.139024
v 0.001574 0.120769 -0.137800
v 0.001373 0.129849 -0.141097
v 0.001939 0.128928 -0.141520
v 0.002356 0.128820 -0.142139
v 0.001353 0.127804 -0.140803
v 0.001325 0.118581 -0.135646
v 0.001926 0.118109 -0.135869
v 0.000694 0.125461 -0.139857
v 0.002356 0.117645 -0.136290
v 0.001353 0.125770 -0.140270
v 0.001925 0.125840 -0.140787
v 0.021269 0.125776 0.009487
v 0.021339 0.125845 0.026371
v 0.020302 0.124183 0.030307
v 0.022050 0.126323 0.018006
v 0.020727 0.125100 0.011492
v 0.022337 0.126442 -0.004762
v 0.021405 0.125901 -0.004214
v 0.020493 0.124665 -0.015404
v 0.021654 0.126090 -0.019269
v 0.020951 0.125418 -0.024187
v 0.022519 0.126520 -0.018557
v 0.021565 0.126013 -0.030136
v 0.022564 0.126542 -0.031099
v 0.006841 0.146180 0.044459
v 0.023109 0.119327 -0.097688
v 0.023121 0.120592 -0.096841
v 0.023059 0.121500 -0.095764
v 0.023129 0.122201 -0.094287
v 0.023131 0.122455 -0.092802
v 0.023158 0.113996 -0.099567
v 0.023056 0.104607 -0.100651
v 0.023145 0.105871 -0.101196
v 0.022995 0.106823 -0.101317
v 0.023086 0.101860 -0.096260
v 0.023062 0.102188 -0.097657
v 0.023168 0.102782 -0.098949
v 0.023117 0.103585 -0.099880
v 0.023143 0.102691 0.098798
v 0.023184 0.101984 0.097105
v 0.023174 0.108242 0.101266
v 0.023154 0.107194 0.101366
v 0.023188 0.106361 0.101306
v 0.023141 0.105013 0.100905
v 0.023148 0.103642 0.099953
v 0.023194 0.119628 0.097568
v 0.023198 0.113841 0.099631
v 0.023269 0.122476 0.092860
v 0.023226 0.122310 0.093893
v 0.023236 0.121940 0.095009
v 0.023135 0.121085 0.096340
v 0.023255 0.122474 0.057851
v 0.023130 0.122456 0.032512
v 0.023342 0.101714 -0.078938
v 0.023224 0.101801 0.095806
v 0.023370 0.102026 -0.097823
v 0.023443 0.102998 0.099690
v 0.023336 0.104258 -0.100667
v 0.023290 0.107709 -0.101473
v 0.023435 0.119392 -0.097963
v 0.023374 0.121794 -0.095643
v 0.023353 0.122604 -0.021352
v 0.004263 0.156216 -0.138136
v 0.004796 0.155889 -0.139037
v 0.005172 0.155442 -0.138898
v 0.004295 0.153386 -0.142754
v 0.004344 0.155328 -0.140892
v 0.005148 0.154754 -0.140578
v 0.004802 0.153998 -0.142090
v 0.004168 0.154450 -0.142009
v 0.004822 0.155145 -0.140709
v 0.004169 0.155971 -0.139583
v 0.005150 0.151531 -0.142828
v 0.004385 0.149129 -0.144330
v 0.004244 0.145937 -0.144888
v 0.005216 0.145496 -0.144073
v 0.004770 0.145908 -0.144646
v 0.005035 0.148970 -0.143872
v 0.004146 0.151698 -0.143535
v 0.004695 0.151468 -0.143425
v 0.004192 0.129250 -0.144876
v 0.004656 0.129847 -0.144747
v 0.004255 0.122359 -0.142967
v 0.004760 0.121609 -0.142363
v 0.004154 0.120133 -0.141750
v 0.005151 0.119264 -0.140276
v 0.004365 0.115333 -0.137529
v 0.004749 0.118983 -0.140687
v 0.004154 0.124505 -0.143851
v 0.004694 0.124702 -0.143728
v 0.004995 0.116426 -0.138129
v 0.005152 0.125015 -0.143269
v 0.004155 0.126500 -0.144424
v 0.004313 0.117479 -0.139754
v 0.004777 0.127461 -0.144388
v 0.005251 0.117024 -0.138041
v 0.005170 0.128859 -0.144110
v 0.001869 0.156188 -0.136475
v 0.003027 0.156151 -0.138825
v 0.002935 0.114804 -0.136846
v 0.002984 0.117050 -0.139335
v 0.002951 0.120484 -0.141951
v 0.002998 0.123941 -0.143630
v 0.002932 0.126333 -0.144335
v 0.002971 0.128367 -0.144725
v 0.002920 0.130452 -0.144882
v 0.002981 0.145084 -0.144895
v 0.003066 0.147397 -0.144703
v 0.003043 0.150878 -0.143848
v 0.002959 0.153847 -0.142456
v 0.002984 0.155053 -0.141288
v 0.002914 0.155668 -0.140195
v 0.002710 0.146262 -0.144590
v 0.002798 0.148695 -0.144293
v 0.002685 0.150863 -0.143530
v 0.002867 0.114229 -0.135992
v 0.002647 0.116024 -0.135544
v 0.002640 0.115706 -0.135621
v 0.002641 0.115137 -0.135759
v 0.002655 0.114669 -0.135873
v 0.002821 0.114307 -0.135970
v 0.000831 0.118276 -0.134897
v 0.001300 0.118073 -0.134972
v 0.001909 0.117567 -0.135128
v 0.001502 0.117918 -0.135021
v 0.002353 0.116936 -0.135306
v 0.002466 0.116555 -0.135405
v 0.002058 0.117375 -0.135183
v -0.016907 0.129386 -0.050662
v -0.016907 0.128061 -0.049254
v -0.016907 0.144678 -0.049254
v -0.016907 0.144678 -0.050662
v -0.020229 0.101954 -0.096345
v -0.020229 0.102355 -0.097984
v -0.020229 0.101950 0.096336
v -0.020227 0.119256 0.097643
v -0.020227 0.112868 0.099823
v -0.020229 0.107658 0.101269
v -0.020229 0.106203 0.101171
v -0.020229 0.104801 0.100693
v -0.020229 0.103564 0.099742
v -0.020229 0.102764 0.098733
v -0.020229 0.103432 -0.099619
v -0.020228 0.104876 -0.100746
v -0.020229 0.102223 0.097550
v -0.002641 0.144927 -0.044970
v -0.006585 0.144858 -0.044493
v 0.001723 0.145003 -0.045064
v -0.015239 0.144707 -0.042045
v -0.010703 0.144786 -0.043606
v 0.001723 0.146209 -0.045064
v 0.000000 0.146304 -0.045031
v 0.000000 0.120318 -0.136774
v 0.000000 0.150981 -0.139332
v -0.000000 0.123082 -0.138684
v -0.000000 0.154357 -0.137336
v -0.000000 0.126717 -0.140170
v -0.000000 0.156139 -0.135701
v -0.000000 0.129906 -0.140703
v -0.000000 0.148282 -0.063327
v 0.000000 0.156169 -0.063327
v -0.000000 0.148282 -0.047136
v 0.000000 0.118617 -0.135120
v 0.000000 0.145904 -0.140674
v 0.000000 0.148356 -0.140206
v -0.005242 0.155439 -0.063424
v -0.004364 0.156225 -0.063408
v -0.005304 0.148190 -0.063425
v -0.000686 0.146985 -0.140604
v -0.001936 0.153649 -0.138866
v -0.001421 0.152180 -0.139208
v 0.000000 0.151890 -0.138963
v -0.002064 0.150539 -0.140639
v -0.002485 0.155993 -0.138216
v -0.001977 0.147273 -0.141393
v -0.001318 0.147399 -0.140809
v -0.002668 0.154909 -0.140915
v -0.002603 0.151341 -0.141665
v -0.002422 0.148999 -0.141794
v -0.002617 0.155659 -0.139151
v -0.001518 0.149401 -0.140429
v -0.001299 0.154607 -0.137558
v -0.000664 0.149251 -0.140054
v -0.000000 0.154536 -0.137254
v -0.001944 0.155992 -0.137034
v -0.002624 0.146733 -0.142930
v -0.002285 0.145414 -0.142064
v -0.001523 0.145444 -0.141175
v -0.002475 0.152715 -0.140410
v 0.000000 0.144936 -0.140776
v -0.000879 0.156141 -0.135874
v -0.002624 0.127328 -0.142772
v -0.002673 0.122785 -0.142886
v -0.002680 0.128329 -0.144434
v -0.002622 0.117267 -0.137011
v -0.002676 0.117347 -0.139237
v -0.002719 0.154088 -0.141994
v -0.002006 0.111992 -0.136393
v -0.000000 0.110977 -0.136798
v -0.002514 0.111726 -0.136627
v -0.004166 0.114185 -0.136119
v -0.003490 0.114144 -0.136060
v 0.000000 0.051990 -0.134333
v 0.000000 0.054576 -0.137165
v -0.000000 0.056287 -0.138768
v -0.000000 0.050051 -0.131661
v -0.000000 0.059367 -0.141053
v -0.000000 0.049526 -0.129857
v -0.000000 0.060950 -0.141527
v 0.000000 0.066962 -0.141497
v 0.000000 0.079418 -0.140910
v 0.000000 0.091145 -0.139818
v -0.000000 0.049494 -0.094287
v -0.000000 0.101000 -0.138518
v -0.020228 0.122331 -0.093422
v -0.020310 0.125418 -0.039540
v -0.020248 0.123635 -0.039575
v -0.020438 0.127999 -0.049189
v -0.020285 0.123931 0.000410
v -0.020399 0.124197 0.039487
v -0.021198 0.124653 0.039010
v -0.020876 0.135525 -0.039206
v -0.020876 0.135525 -0.049181
v -0.020228 0.122344 0.093311
v -0.020229 0.106925 -0.101285
v -0.020229 0.108388 -0.101121
v -0.020227 0.121810 0.095059
v -0.020228 0.120774 0.096571
v -0.020229 0.119500 -0.097533
v -0.020233 0.122772 0.043374
v -0.020229 0.120954 -0.096358
v -0.020229 0.121778 -0.095113
v -0.019600 0.143421 -0.039941
v -0.019617 0.143353 -0.049204
v -0.020431 0.133871 0.039471
v -0.019025 0.144223 -0.049215
v -0.019106 0.144120 -0.040209
v -0.018314 0.144607 -0.040626
v -0.018098 0.144641 -0.049232
v -0.018506 0.049865 0.127964
v -0.018748 0.049843 -0.122835
v -0.015186 0.049759 -0.092616
v -0.018639 0.049840 0.114862
v -0.015016 0.049803 0.129651
v -0.014362 0.049745 -0.093715
v -0.013565 0.049731 -0.094025
v -0.016221 0.049807 -0.129166
v -0.000000 0.049494 0.094287
v -0.000000 0.049521 0.129811
v -0.014000 0.049738 0.093927
v -0.014961 0.049755 0.093068
v -0.018596 0.049887 -0.127391
v -0.015236 0.049760 0.092234
v 0.000000 0.145807 0.115266
v 0.000000 0.134137 0.129435
v 0.000000 0.144296 0.118566
v -0.000000 0.142661 0.121294
v -0.000000 0.049956 0.131448
v -0.000000 0.137842 0.126699
v -0.000000 0.140554 0.124045
v 0.000000 0.051870 0.134178
v 0.000000 0.053795 0.136391
v 0.000000 0.056601 0.139009
v 0.000000 0.059161 0.140935
v -0.000000 0.148282 0.047167
v 0.000000 0.146304 0.045032
v -0.000000 0.060814 0.141529
v 0.000000 0.067805 0.141461
v 0.000000 0.078591 0.140960
v 0.000000 0.094152 0.139494
v 0.000000 0.108606 0.137262
v -0.000000 0.148252 0.102354
v -0.000000 0.119917 0.135001
v 0.000000 0.147790 0.107427
v -0.000000 0.124512 0.133771
v -0.000000 0.127846 0.132593
v 0.000000 0.146960 0.111519
v 0.000000 0.131248 0.131066
v 0.001723 0.146209 0.045064
v -0.002895 0.148232 -0.047053
v -0.007703 0.148148 -0.046458
v -0.013914 0.148041 -0.044826
v -0.018574 0.147887 -0.103626
v -0.005304 0.148175 -0.102729
v -0.025892 0.147793 0.048038
v -0.032863 0.147697 0.051969
v -0.030039 0.147728 0.101738
v -0.006298 0.148172 0.046699
v -0.010895 0.148092 0.045711
v -0.015811 0.148016 0.044136
v -0.022689 0.147864 0.045815
v -0.018699 0.089699 -0.139615
v -0.018592 0.071162 -0.141016
v -0.018692 0.108250 -0.136950
v -0.018643 0.117918 -0.135062
v -0.012242 0.061403 -0.141272
v -0.017882 0.064585 -0.141169
v -0.018383 0.099928 -0.138324
v -0.004882 0.114551 -0.136029
v -0.005293 0.115336 -0.135863
v -0.021275 0.060553 -0.136877
v -0.021280 0.063655 -0.139051
v -0.012851 0.054372 -0.135983
v -0.022668 0.059686 -0.133592
v -0.020554 0.056936 -0.134889
v -0.021627 0.055198 -0.132077
v -0.022965 0.064006 -0.135884
v -0.014955 0.056702 -0.137665
v -0.022474 0.052958 -0.127153
v -0.022182 0.065162 -0.138437
v -0.022706 0.054882 -0.128991
v -0.022340 0.061600 -0.135835
v -0.022285 0.055318 -0.130819
v -0.013122 0.059791 -0.140534
v -0.023430 0.060708 -0.131835
v -0.023057 0.067677 -0.137322
v -0.023218 0.056000 -0.127823
v -0.023855 0.070442 -0.134143
v -0.023207 0.071178 -0.137248
v -0.023228 0.078613 -0.136617
v -0.024201 0.072373 -0.130868
v -0.022954 0.096501 -0.135021
v -0.016538 0.053756 -0.134569
v -0.023716 0.095691 -0.130978
v -0.015087 0.051085 -0.132377
v -0.022769 0.118557 -0.131239
v -0.023485 0.117379 -0.127333
v -0.017218 0.060491 -0.139964
v -0.022670 0.126031 -0.129128
v -0.023609 0.124102 -0.123920
v -0.022570 0.131696 -0.126836
v -0.017755 0.051086 -0.131657
v -0.024197 0.124350 -0.118983
v -0.023584 0.056522 -0.125153
v -0.023775 0.060662 -0.129637
v -0.022485 0.135730 -0.124481
v -0.018438 0.054804 -0.134703
v -0.022966 0.053513 -0.124415
v -0.024199 0.131760 -0.111392
v -0.023751 0.065078 -0.133108
v -0.018494 0.053573 -0.133624
v -0.024200 0.060085 -0.118244
v -0.022988 0.053696 -0.114566
v -0.023293 0.137610 -0.112853
v -0.022512 0.142228 -0.115933
v -0.022649 0.143626 -0.110015
v -0.024199 0.135444 -0.103565
v -0.018382 0.061226 -0.139899
v -0.022438 0.138978 -0.121655
v -0.019634 0.051569 -0.131063
v -0.019450 0.055179 -0.134403
v -0.022742 0.144335 -0.103637
v -0.020330 0.053540 -0.132270
v -0.024188 0.064774 -0.129310
v -0.019829 0.062390 -0.139771
v -0.006668 0.058752 -0.140457
v -0.004912 0.053981 -0.136377
v -0.024197 0.061927 -0.126142
v -0.009834 0.056971 -0.138759
v -0.021066 0.052062 -0.129866
v -0.011543 0.050591 -0.132090
v -0.021820 0.052482 -0.128753
v -0.023679 0.103110 0.107081
v -0.026957 0.106855 0.116410
v -0.025426 0.087601 0.121729
v -0.024031 0.099091 0.111662
v -0.029318 0.095843 0.127255
v -0.024816 0.087003 0.119805
v -0.024213 0.078577 0.114074
v -0.027476 0.079608 0.130035
v -0.025027 0.061815 0.125895
v -0.025630 0.066325 0.129848
v -0.026404 0.071775 0.130704
v -0.024352 0.067946 0.117146
v -0.024229 0.060168 0.115793
v -0.023582 0.095521 0.099896
v -0.023510 0.101463 -0.096306
v -0.023535 0.101972 -0.098618
v -0.023512 0.103006 -0.099926
v -0.023624 0.093349 -0.107367
v -0.023524 0.119713 0.097932
v -0.023768 0.120602 0.099111
v -0.023494 0.108507 0.101633
v -0.023525 0.106335 0.101795
v -0.023491 0.101505 0.096508
v -0.024627 0.120684 0.102427
v -0.023488 0.102073 0.098373
v -0.025508 0.104339 0.114053
v -0.024591 0.099001 0.114172
v -0.028160 0.121433 0.111098
v -0.023483 0.104707 0.101139
v -0.023534 0.103312 0.100407
v -0.032106 0.120255 0.120620
v -0.030954 0.110193 0.123716
v -0.023523 0.104637 -0.101228
v -0.026567 0.120968 0.107538
v -0.024199 0.135692 -0.036992
v -0.022878 0.143993 -0.037932
v -0.029342 0.127379 0.107193
v -0.023726 0.124360 0.037905
v -0.034001 0.132301 0.110498
v -0.024415 0.124872 0.094595
v -0.023795 0.122936 0.096459
v -0.023543 0.122485 0.094664
v -0.023498 0.121207 0.096648
v -0.034426 0.134148 0.107064
v -0.028497 0.124419 0.109108
v -0.026075 0.127111 0.094942
v -0.034149 0.133865 0.079247
v -0.030139 0.130744 0.083846
v -0.024378 0.135653 0.038424
v -0.033019 0.126821 0.116706
v -0.026294 0.127260 0.096768
v -0.025050 0.134138 0.040196
v -0.032492 0.123253 0.119251
v -0.026330 0.126600 0.099412
v -0.033513 0.129757 0.113820
v -0.025764 0.124603 0.101594
v -0.024797 0.124954 0.097133
v -0.026539 0.131895 0.042214
v -0.028967 0.129569 0.101215
v -0.027534 0.131705 0.043249
v -0.024458 0.122713 0.099951
v -0.026141 0.135307 0.042083
v -0.028414 0.131083 0.044437
v -0.023605 0.102470 -0.109434
v -0.023524 0.107832 -0.101861
v -0.027915 0.127568 0.102765
v -0.027711 0.133554 0.043342
v -0.029247 0.130426 0.097897
v -0.029015 0.132928 0.044287
v -0.023584 0.124369 -0.097604
v -0.035040 0.135665 0.100620
v -0.026089 0.122729 0.104834
v -0.034740 0.135199 0.104102
v -0.023756 0.123551 0.093544
v -0.023491 0.122783 -0.092677
v -0.023677 0.126672 -0.037371
v -0.023493 0.122777 0.030702
v -0.023689 0.126668 0.033501
v -0.023957 0.126669 0.037169
v -0.024486 0.127027 0.039693
v -0.023902 0.123941 0.044476
v -0.024676 0.126020 0.041996
v -0.023498 0.105843 -0.101574
v -0.024823 0.125452 0.045821
v -0.023498 0.122704 0.041075
v -0.024536 0.128504 0.039020
v -0.025486 0.127548 0.042526
v -0.024037 0.124078 0.050490
v -0.025669 0.128249 0.042162
v -0.025545 0.129422 0.041258
v -0.024393 0.130941 0.038061
v -0.024911 0.131009 0.039581
v -0.025907 0.127364 0.044305
v -0.023496 0.114189 -0.099898
v -0.024737 0.125143 0.051560
v -0.025708 0.131591 0.041100
v -0.026071 0.127098 0.045954
v -0.027264 0.129165 0.044580
v -0.026944 0.130088 0.043156
v -0.025772 0.126369 0.048825
v -0.027016 0.127546 0.050346
v -0.027732 0.128989 0.045991
v -0.024182 0.135757 0.037007
v -0.024760 0.125294 0.084272
v -0.027957 0.128768 0.047593
v -0.029361 0.130490 0.046606
v -0.030008 0.131748 0.045818
v -0.031070 0.131445 0.048267
v -0.029390 0.132214 0.044809
v -0.031302 0.133280 0.045935
v -0.025717 0.126362 0.066477
v -0.031372 0.131346 0.049955
v -0.028850 0.129205 0.050388
v -0.027374 0.135693 0.043349
v -0.028575 0.135743 0.044139
v -0.032754 0.133258 0.047564
v -0.030376 0.134830 0.044900
v -0.033621 0.135682 0.046418
v -0.037496 0.135690 0.051603
v -0.036807 0.135702 0.049730
v -0.036112 0.135696 0.048584
v -0.035145 0.135732 0.047508
v -0.023537 0.120066 -0.097949
v -0.024202 0.099878 -0.126475
v -0.030158 0.130141 0.055611
v -0.023496 0.121315 -0.096666
v -0.027771 0.128716 0.088304
v -0.023498 0.122531 -0.094450
v -0.037111 0.135685 0.069431
v -0.032159 0.131664 0.052713
v -0.037945 0.135688 0.055410
v -0.023955 0.124541 0.040535
v -0.024127 0.129376 0.037044
v -0.023524 0.122751 0.092910
v -0.030954 0.134124 0.045311
v -0.026112 0.142830 0.042346
v -0.024839 0.143075 0.040817
v -0.037594 0.143003 0.052273
v -0.037276 0.143178 0.050996
v -0.036673 0.142965 0.049515
v -0.037879 0.143035 0.054455
v -0.036076 0.142572 0.048536
v -0.027353 0.143250 0.043440
v -0.023749 0.143809 0.038945
v -0.023328 0.143612 0.037616
v -0.028708 0.143388 0.044270
v -0.035545 0.143286 0.047978
v -0.034401 0.142790 0.046928
v -0.032630 0.142782 0.045883
v -0.037894 0.142784 0.057299
v -0.019218 0.054598 0.134389
v -0.016910 0.056384 0.136922
v -0.028640 0.094863 0.131547
v -0.028993 0.106160 0.133599
v -0.030487 0.119357 0.130616
v -0.031874 0.123964 0.124089
v -0.031371 0.127090 0.128121
v -0.032259 0.132555 0.124351
v -0.033307 0.139496 0.117485
v -0.023152 0.053648 0.120377
v -0.023880 0.056427 0.125549
v -0.023011 0.053063 0.124358
v -0.022656 0.052990 0.127347
v -0.013584 0.050845 0.132387
v -0.022671 0.054150 0.129291
v -0.023460 0.055937 0.128914
v -0.021748 0.052385 0.129427
v -0.021834 0.054626 0.131831
v -0.020768 0.054186 0.132778
v -0.020443 0.051571 0.130405
v -0.019431 0.051603 0.131408
v -0.015088 0.053236 0.134620
v -0.017895 0.052744 0.133380
v -0.018160 0.051251 0.131777
v -0.024347 0.059063 0.128822
v -0.008670 0.055812 0.137902
v -0.020436 0.058054 0.136337
v -0.022036 0.058509 0.135019
v -0.023786 0.059349 0.132109
v -0.012632 0.056626 0.138107
v -0.009254 0.059182 0.140587
v -0.014387 0.060001 0.140442
v -0.025121 0.063787 0.130789
v -0.034947 0.143269 0.101585
v -0.024786 0.064246 0.133657
v -0.019037 0.061934 0.140230
v -0.034485 0.142618 0.107110
v -0.021083 0.062988 0.139647
v -0.033819 0.141246 0.113393
v -0.017184 0.061053 0.140388
v -0.022902 0.057201 0.132366
v -0.022494 0.063706 0.138640
v -0.023015 0.053816 0.114396
v -0.024077 0.063978 0.135778
v -0.024734 0.068007 0.137246
v -0.025774 0.070775 0.135121
v -0.023363 0.064882 0.138176
v -0.023960 0.066923 0.138394
v -0.026577 0.074801 0.133533
v -0.025447 0.072038 0.137234
v -0.026071 0.076153 0.136773
v -0.027943 0.095835 0.135182
v -0.027363 0.133464 0.129259
v -0.026997 0.130170 0.131049
v -0.026151 0.122801 0.133788
v -0.029968 0.147427 0.105982
v -0.029015 0.145198 0.115367
v -0.029473 0.146581 0.110980
v -0.028432 0.143604 0.118800
v -0.027776 0.139874 0.124029
v -0.027744 0.135941 0.127561
v -0.028682 0.141634 0.121814
v -0.027971 0.138113 0.125768
v -0.026776 0.126970 0.132380
v -0.022388 0.084342 0.140072
v -0.017741 0.063758 0.141184
v -0.023497 0.093684 0.139040
v -0.021382 0.073692 0.140833
v -0.024513 0.103581 0.137629
v -0.010957 0.061696 0.141342
v -0.025433 0.113116 0.135908
v -0.022945 0.053547 0.060953
v -0.018458 0.130942 -0.131424
v -0.005304 0.129205 -0.132395
v -0.018349 0.142537 -0.123254
v -0.005304 0.142488 -0.123764
v -0.005304 0.143981 -0.121657
v -0.018071 0.147149 -0.112256
v -0.005304 0.146996 -0.114182
v -0.018602 0.126714 -0.132876
v -0.005304 0.121925 -0.134448
v -0.017933 0.141052 -0.125048
v -0.005304 0.140688 -0.125771
v -0.005304 0.145638 -0.118416
v -0.018336 0.139303 -0.126632
v -0.018233 0.145437 -0.118152
v -0.005304 0.138135 -0.127918
v -0.018525 0.147694 -0.107598
v -0.005304 0.147868 -0.108849
v -0.018228 0.136856 -0.128480
v -0.018041 0.144272 -0.120678
v -0.005304 0.134378 -0.130234
v -0.018022 0.133698 -0.130260
v -0.005252 0.153713 -0.141502
v -0.005299 0.154988 -0.138791
v -0.005290 0.148430 -0.143454
v -0.005299 0.126904 -0.143311
v -0.005259 0.121631 -0.141609
v -0.022947 0.126622 0.037882
v -0.022946 0.145012 0.037881
v -0.022452 0.145887 0.038246
v -0.021987 0.126274 0.038515
v -0.021393 0.125816 0.038891
v -0.020832 0.125205 0.039232
v -0.018648 0.145966 0.040457
v -0.014555 0.146036 0.042326
v -0.010333 0.146120 0.043684
v -0.002779 0.146259 0.044951
v -0.023040 0.126632 0.019505
v -0.020014 0.145939 -0.039715
v -0.021488 0.125984 -0.038832
v -0.002545 0.146266 -0.044970
v -0.021928 0.145907 -0.038554
v -0.022404 0.145196 -0.038244
v -0.022817 0.126590 -0.037970
v -0.006568 0.146189 -0.044506
v -0.010755 0.146110 -0.043583
v -0.014165 0.146049 -0.042456
v -0.017037 0.146000 -0.041261
v -0.020565 0.124840 -0.039389
v -0.025913 0.146743 0.044992
v -0.026063 0.147343 0.046412
v -0.026037 0.143920 0.042480
v -0.024668 0.144136 0.040925
v -0.025012 0.146140 0.043193
v -0.026161 0.145017 0.043251
v -0.023448 0.147499 0.044391
v -0.023926 0.146814 0.043126
v -0.024415 0.145098 0.041258
v -0.023748 0.146099 0.041526
v -0.023413 0.145106 0.039444
v -0.022800 0.146222 0.039969
v -0.021718 0.147618 0.042515
v -0.037658 0.144230 0.055762
v -0.022368 0.147196 0.041822
v -0.021773 0.147132 0.040168
v -0.036595 0.145984 0.055718
v -0.036220 0.143794 0.049064
v -0.036630 0.144455 0.050289
v -0.034898 0.143805 0.047530
v -0.037331 0.144214 0.052363
v -0.035317 0.144604 0.048365
v -0.035543 0.145137 0.049033
v -0.035866 0.145826 0.050675
v -0.036827 0.145255 0.052302
v -0.035227 0.147067 0.056080
v -0.034215 0.144847 0.047528
v -0.036422 0.145945 0.053276
v -0.033161 0.143900 0.046367
v -0.033988 0.147539 0.054031
v -0.032599 0.144940 0.046583
v -0.032874 0.145872 0.047459
v -0.035756 0.146494 0.052551
v -0.034220 0.145874 0.048441
v -0.035042 0.146803 0.051505
v -0.034604 0.147220 0.052626
v -0.034818 0.146392 0.049830
v -0.033804 0.147305 0.050954
v -0.033324 0.146906 0.049253
v -0.031831 0.146808 0.048131
v -0.028632 0.144592 0.044661
v -0.031975 0.147476 0.049782
v -0.028266 0.145453 0.045021
v -0.028099 0.146529 0.046046
v -0.027307 0.144363 0.043777
v -0.020305 0.147880 0.041887
v -0.037085 0.145205 0.057822
v -0.026497 0.146031 0.044433
v -0.034529 0.144620 0.101535
v -0.033801 0.145773 0.101910
v -0.032825 0.146694 0.102041
v -0.031894 0.147251 0.101873
v -0.031003 0.147553 0.102635
v -0.034297 0.144193 0.105472
v -0.033701 0.145199 0.105786
v -0.029810 0.121881 0.131840
v -0.030203 0.121145 0.131292
v -0.029023 0.122276 0.132597
v -0.029903 0.129768 0.129800
v -0.029750 0.132511 0.128727
v -0.030708 0.134168 0.126973
v -0.028288 0.131755 0.129967
v -0.027969 0.121476 0.133513
v -0.029904 0.135522 0.126879
v -0.030875 0.137566 0.124503
v -0.028859 0.134485 0.128181
v -0.029036 0.136591 0.126662
v -0.030692 0.139467 0.123019
v -0.031830 0.139189 0.121795
v -0.027433 0.124292 0.133079
v -0.031171 0.141648 0.120041
v -0.030664 0.127181 0.129674
v -0.026617 0.118695 0.134608
v -0.032272 0.141682 0.118204
v -0.031419 0.143552 0.116791
v -0.032674 0.143660 0.114081
v -0.029396 0.125783 0.131500
v -0.031442 0.144885 0.113988
v -0.032330 0.145254 0.111054
v -0.033227 0.144393 0.110682
v -0.032717 0.145869 0.107825
v -0.031179 0.146370 0.109976
v -0.028555 0.125828 0.132111
v -0.033066 0.146042 0.105351
v -0.030682 0.130095 0.128792
v -0.029013 0.129930 0.130412
v -0.031314 0.133980 0.126224
v -0.031787 0.132205 0.126049
v -0.027970 0.128276 0.131571
v -0.029959 0.141017 0.121966
v -0.032026 0.146793 0.105478
v -0.031780 0.135993 0.124324
v -0.032539 0.136376 0.122186
v -0.030274 0.142869 0.119159
v -0.029734 0.144247 0.117176
v -0.030350 0.145410 0.114018
v -0.030825 0.146992 0.107619
v -0.032535 0.138747 0.120732
v -0.029570 0.138174 0.125117
v -0.029247 0.142690 0.120082
v -0.028636 0.117296 0.133688
v -0.028816 0.139999 0.123680
v -0.033134 0.141923 0.115634
v -0.033873 0.143435 0.110051
v -0.026038 0.106622 0.136751
v -0.027300 0.096859 0.136451
v -0.027308 0.107254 0.135924
v -0.026541 0.096859 0.137277
v -0.025307 0.096954 0.138137
v -0.020826 0.066817 0.140897
v -0.025431 0.086817 0.138570
v -0.024387 0.088999 0.139178
v -0.026845 0.088115 0.136784
v -0.014338 0.061279 0.141077
v -0.025831 0.083626 0.138092
v -0.027571 0.115401 0.134727
v -0.023517 0.080871 0.139952
v -0.028725 0.109572 0.134175
v -0.024103 0.076843 0.139645
v -0.024481 0.073681 0.139189
v -0.025462 0.075082 0.137976
v -0.022775 0.073893 0.140395
v -0.021769 0.065316 0.140144
v -0.020112 0.064141 0.140700
v -0.018358 0.062632 0.140780
v -0.022721 0.069622 0.140261
v -0.006876 0.060093 0.141157
v -0.024713 0.070432 0.138320
v -0.023256 0.067975 0.139587
v -0.022502 0.065087 0.139460
v -0.019509 0.049992 0.124700
v -0.019963 0.050545 0.128886
v -0.016778 0.050875 0.131850
v -0.018638 0.050425 0.130161
v -0.013700 0.050151 0.131173
v -0.017071 0.050050 0.130035
v -0.022528 0.052518 0.115101
v -0.021731 0.051461 0.115308
v -0.021099 0.050884 0.114649
v -0.019957 0.050213 0.116343
v -0.021972 0.052014 0.127904
v -0.022442 0.052087 0.120711
v -0.021076 0.050940 0.127365
v -0.020770 0.050511 0.123449
v -0.020322 0.050386 0.126572
v -0.021746 0.051228 0.123823
v -0.021046 0.051379 0.129011
v -0.019451 0.050941 0.130457
v -0.022362 0.052060 0.125696
v -0.021628 0.051348 -0.046876
v -0.019337 0.050007 -0.048274
v -0.020398 0.050435 -0.034975
v -0.022493 0.052468 -0.025510
v -0.022960 0.053628 -0.028146
v -0.019335 0.049992 0.094461
v -0.020329 0.050401 0.087197
v -0.021021 0.050831 -0.048896
v -0.022738 0.052985 0.075367
v -0.020060 0.050270 -0.094308
v -0.022280 0.052150 0.066537
v -0.021461 0.051197 0.062620
v -0.021893 0.051651 -0.093263
v -0.020557 0.050529 0.060092
v -0.022355 0.052269 -0.106343
v -0.019459 0.050038 0.061422
v -0.021034 0.050838 -0.095762
v -0.022758 0.053048 -0.113629
v -0.019433 0.050017 0.015651
v -0.022093 0.051882 0.042081
v -0.022679 0.052849 0.049036
v -0.020320 0.050377 -0.115489
v -0.021551 0.051280 -0.112767
v -0.021383 0.051078 -0.117752
v -0.022149 0.051947 -0.114712
v -0.020619 0.050566 0.017350
v -0.021610 0.051345 -0.010466
v -0.019831 0.050174 -0.005268
v -0.020936 0.050765 -0.010611
v -0.019823 0.050153 -0.124791
v -0.022231 0.051914 -0.121858
v -0.022964 0.053190 -0.121200
v -0.020889 0.050657 -0.122205
v -0.021532 0.051267 -0.125087
v -0.022420 0.052384 -0.125021
v -0.020659 0.050731 -0.126876
v -0.018303 0.050051 -0.129003
v -0.019692 0.050453 -0.128603
v -0.016484 0.050227 -0.130650
v -0.018853 0.050530 -0.129990
v -0.020889 0.051346 -0.128738
v -0.019997 0.051081 -0.129848
v -0.012881 0.049930 -0.130501
v -0.021785 0.051767 -0.126764
v -0.022078 0.145669 -0.103782
v -0.021216 0.146692 -0.039950
v -0.020930 0.146887 -0.102925
v -0.019758 0.147594 -0.041832
v -0.019809 0.147519 -0.103591
v -0.018288 0.147952 -0.042961
v -0.019858 0.147175 -0.108263
v -0.020080 0.146583 -0.111842
v -0.022083 0.143567 -0.115349
v -0.022154 0.144736 -0.110344
v -0.021230 0.145545 -0.112703
v -0.020905 0.146557 -0.108033
v -0.021704 0.145724 -0.108164
v -0.019837 0.125878 -0.132690
v -0.020402 0.118989 -0.134124
v -0.020416 0.124276 -0.132779
v -0.021640 0.119624 -0.132939
v -0.022171 0.125601 -0.130497
v -0.021134 0.126640 -0.131512
v -0.019268 0.133454 -0.130050
v -0.019697 0.135425 -0.128774
v -0.019567 0.137709 -0.127375
v -0.019354 0.140301 -0.125302
v -0.020138 0.141095 -0.123843
v -0.019876 0.142295 -0.122628
v -0.019761 0.130268 -0.131194
v -0.019269 0.143753 -0.120918
v -0.020323 0.143705 -0.119845
v -0.020806 0.129961 -0.130610
v -0.019724 0.144915 -0.118224
v -0.021000 0.142426 -0.120957
v -0.021641 0.142326 -0.119770
v -0.018451 0.146166 -0.116066
v -0.020907 0.144516 -0.117075
v -0.021306 0.131592 -0.129416
v -0.022128 0.141581 -0.119279
v -0.019747 0.146041 -0.114878
v -0.018876 0.147002 -0.112222
v -0.022047 0.131660 -0.128262
v -0.020218 0.132767 -0.129837
v -0.019884 0.113050 -0.135640
v -0.020711 0.136051 -0.127627
v -0.021398 0.135588 -0.127104
v -0.021573 0.144155 -0.115880
v -0.022010 0.136098 -0.125650
v -0.020609 0.139317 -0.125178
v -0.021368 0.138785 -0.124666
v -0.022024 0.139442 -0.122617
v -0.021253 0.140499 -0.123092
v -0.021967 0.108572 -0.134833
v -0.022524 0.108332 -0.133913
v -0.020398 0.101928 -0.137381
v -0.021090 0.109012 -0.135660
v -0.022362 0.094855 -0.136519
v -0.019514 0.104415 -0.137362
v -0.021440 0.096970 -0.137332
v -0.019527 0.095394 -0.138719
v -0.022203 0.067769 -0.138936
v -0.021740 0.088757 -0.138136
v -0.019249 0.067368 -0.140974
v -0.020275 0.090586 -0.139011
v -0.022594 0.081599 -0.137759
v -0.020714 0.081694 -0.139656
v -0.021631 0.077862 -0.139301
v -0.019263 0.081338 -0.140309
v -0.022713 0.071782 -0.138364
v -0.021171 0.066904 -0.139974
v -0.020259 0.067334 -0.140612
v -0.021563 0.065501 -0.139364
v -0.020350 0.064159 -0.140124
v -0.020910 0.072565 -0.140193
v -0.019509 0.072272 -0.140797
v -0.022041 0.070400 -0.139254
v -0.016632 0.061657 -0.140800
v -0.017213 0.063084 -0.141100
v -0.007663 0.059888 -0.141067
v -0.019210 0.064224 -0.140776
v -0.018490 0.062478 -0.140524
v -0.020229 0.113650 -0.099569
v -0.023028 0.108196 -0.101254
v -0.002033 0.123589 -0.140029
v -0.001360 0.123001 -0.139095
v -0.000786 0.123085 -0.138806
v -0.002430 0.124482 -0.141184
v -0.002618 0.121523 -0.140488
v -0.000686 0.120992 -0.137422
v -0.002342 0.120876 -0.139024
v -0.001574 0.120769 -0.137800
v 0.000000 0.129884 -0.140769
v -0.001373 0.129849 -0.141097
v -0.001939 0.128928 -0.141520
v 0.000000 0.118811 -0.135459
v -0.000000 0.127877 -0.140488
v -0.002356 0.128820 -0.142139
v -0.001353 0.127804 -0.140803
v -0.001325 0.118581 -0.135646
v -0.001926 0.118109 -0.135869
v -0.000694 0.125461 -0.139857
v -0.002356 0.117645 -0.136290
v -0.001353 0.125770 -0.140270
v -0.001925 0.125840 -0.140787
v -0.021269 0.125776 0.009487
v -0.021339 0.125845 0.026371
v -0.020302 0.124183 0.030307
v -0.022050 0.126323 0.018006
v -0.020727 0.125100 0.011492
v -0.022337 0.126442 -0.004762
v -0.021405 0.125901 -0.004214
v -0.020493 0.124665 -0.015404
v -0.021654 0.126090 -0.019269
v -0.020951 0.125418 -0.024187
v -0.022519 0.126520 -0.018557
v -0.021565 0.126013 -0.030136
v -0.022564 0.126542 -0.031099
v -0.006841 0.146180 0.044459
v -0.023109 0.119327 -0.097688
v -0.023121 0.120592 -0.096841
v -0.023059 0.121500 -0.095764
v -0.023129 0.122201 -0.094287
v -0.023131 0.122455 -0.092802
v -0.023158 0.113996 -0.099567
v -0.023056 0.104607 -0.100651
v -0.023145 0.105871 -0.101196
v -0.022995 0.106823 -0.101317
v -0.023086 0.101860 -0.096260
v -0.023062 0.102188 -0.097657
v -0.023168 0.102782 -0.098949
v -0.023117 0.103585 -0.099880
v -0.023143 0.102691 0.098798
v -0.023184 0.101984 0.097105
v -0.023174 0.108242 0.101266
v -0.023154 0.107194 0.101366
v -0.023188 0.106361 0.101306
v -0.023141 0.105013 0.100905
v -0.023148 0.103642 0.099953
v -0.023194 0.119628 0.097568
v -0.023198 0.113841 0.099631
v -0.023269 0.122476 0.092860
v -0.023226 0.122310 0.093893
v -0.023236 0.121940 0.095009
v -0.023135 0.121085 0.096340
v -0.023255 0.122474 0.057851
v -0.023130 0.122456 0.032512
v -0.023342 0.101714 -0.078938
v -0.023224 0.101801 0.095806
v -0.023370 0.102026 -0.097823
v -0.023443 0.102998 0.099690
v -0.023336 0.104258 -0.100667
v -0.023290 0.107709 -0.101473
v -0.023435 0.119392 -0.097963
v -0.023374 0.121794 -0.095643
v -0.023353 0.122604 -0.021352
v -0.004263 0.156216 -0.138136
v -0.004796 0.155889 -0.139037
v -0.005172 0.155442 -0.138898
v -0.004295 0.153386 -0.142754
v -0.004344 0.155328 -0.140892
v -0.005148 0.154754 -0.140578
v -0.004802 0.153998 -0.142090
v -0.004168 0.154450 -0.142009
v -0.004822 0.155145 -0.140709
v -0.004169 0.155971 -0.139583
v -0.005150 0.151531 -0.142828
v -0.004385 0.149129 -0.144330
v -0.004244 0.145937 -0.144888
v -0.005216 0.145496 -0.144073
v -0.004770 0.145908 -0.144646
v -0.005035 0.148970 -0.143872
v -0.004146 0.151698 -0.143535
v -0.004695 0.151468 -0.143425
v -0.004192 0.129250 -0.144876
v -0.004656 0.129847 -0.144747
v -0.004255 0.122359 -0.142967
v -0.004760 0.121609 -0.142363
v -0.004154 0.120133 -0.141750
v -0.005151 0.119264 -0.140276
v -0.004365 0.115333 -0.137529
v -0.004749 0.118983 -0.140687
v -0.004154 0.124505 -0.143851
v -0.004694 0.124702 -0.143728
v -0.004995 0.116426 -0.138129
v -0.005152 0.125015 -0.143269
v -0.004155 0.126500 -0.144424
v -0.004313 0.117479 -0.139754
v -0.004777 0.127461 -0.144388
v -0.005251 0.117024 -0.138041
v -0.005170 0.128859 -0.144110
v -0.001869 0.156188 -0.136475
v -0.003027 0.156151 -0.138825
v -0.002935 0.114804 -0.136846
v -0.002984 0.117050 -0.139335
v -0.002951 0.120484 -0.141951
v -0.002998 0.123941 -0.143630
v -0.002932 0.126333 -0.144335
v -0.002971 0.128367 -0.144725
v -0.002920 0.130452 -0.144882
v -0.002981 0.145084 -0.144895
v -0.003066 0.147397 -0.144703
v -0.003043 0.150878 -0.143848
v -0.002959 0.153847 -0.142456
v -0.002984 0.155053 -0.141288
v -0.002914 0.155668 -0.140195
v -0.002710 0.146262 -0.144590
v -0.002798 0.148695 -0.144293
v -0.002685 0.150863 -0.143530
v -0.000000 0.118373 -0.134833
v -0.002867 0.114229 -0.135992
v 0.000000 0.111244 -0.136569
v -0.002647 0.116024 -0.135544
v -0.002640 0.115706 -0.135621
v -0.002641 0.115137 -0.135759
v -0.002655 0.114669 -0.135873
v -0.002821 0.114307 -0.135970
v 0.000000 0.111031 -0.136610
v 0.000000 0.111234 -0.136560
v 0.000000 0.118342 -0.134868
v -0.000831 0.118276 -0.134897
v 0.000000 0.118385 -0.134824
v -0.001300 0.118073 -0.134972
v -0.001909 0.117567 -0.135128
v -0.001502 0.117918 -0.135021
v -0.002353 0.116936 -0.135306
v -0.002466 0.116555 -0.135405
v -0.002058 0.117375 -0.135183
v 0.014000 0.059551 0.093927
v -0.000000 0.059307 0.094287
v 0.013565 0.059544 -0.094025
v 0.000000 0.059307 -0.094287
v -0.013565 0.059544 -0.094025
v 0.014961 0.059568 0.093068
v 0.015236 0.059573 0.092234
v 0.014362 0.059558 -0.093715
v -0.014000 0.059551 0.093927
v -0.014961 0.059568 0.093068
v -0.015236 0.059573 0.092234
v -0.014362 0.059558 -0.093715
v -0.015186 0.059572 -0.092616
v 0.015186 0.059572 -0.092616
v -0.001617 0.135675 -0.048359
v 0.011130 0.135679 -0.048357
v 0.016660 0.135676 -0.050381
v 0.014371 0.135682 -0.047777
v 0.012708 0.135680 -0.048152
v -0.003733 0.135675 -0.048359
v -0.008995 0.135677 -0.048358
v -0.011132 0.135677 -0.048358
v -0.012709 0.135678 -0.048153
v -0.014372 0.135680 -0.047779
v -0.016774 0.135673 -0.050510
v -0.016705 0.129386 -0.050662
v -0.016707 0.129545 -0.050603
v -0.016708 0.129603 -0.050582
v -0.016709 0.129683 -0.050543
v -0.016712 0.129871 -0.050440
v 0.016695 0.129386 -0.050662
v 0.016694 0.129618 -0.050577
v 0.016664 0.135159 -0.050386
v 0.016694 0.129916 -0.050419
v 0.016694 0.129705 -0.050535
v 0.020209 0.127431 0.039403
v 0.020291 0.125620 0.039309
v 0.020129 0.125075 0.039185
v 0.020104 0.124667 0.039004
v -0.002433 0.135685 0.044944
v -0.005822 0.135685 0.044631
v -0.005912 0.135685 0.044621
v -0.007426 0.135685 0.044292
v -0.011082 0.135685 0.043499
v -0.011190 0.135685 0.043475
v -0.011321 0.135685 0.043433
v -0.016158 0.135685 0.041656
v -0.016318 0.135685 0.041582
v -0.016431 0.135685 0.041527
v 0.012454 0.135685 0.043017
v 0.015735 0.135685 0.041811
v -0.017321 0.135685 0.041089
v 0.011190 0.135685 0.043475
v 0.011321 0.135685 0.043433
v 0.005913 0.135685 0.044608
v 0.011082 0.135685 0.043499
v 0.016158 0.135685 0.041656
v 0.016318 0.135685 0.041582
v 0.020138 0.135682 0.039629
v 0.019804 0.135682 0.039831
v 0.019170 0.135683 0.040179
v -0.020237 0.135685 0.039578
v -0.020143 0.135685 0.039633
v -0.019804 0.135685 0.039831
v -0.019170 0.135685 0.040179
v -0.020166 0.134288 0.039625
v -0.020463 0.126984 0.039126
v -0.020479 0.126455 0.039100
v 0.020157 0.129519 0.039499
v 0.020079 0.134424 0.039675
v -0.020490 0.126165 0.039085
v -0.020103 0.124714 0.039013
v -0.020097 0.124653 0.039010
v 0.002660 0.135683 0.044923
v 0.002991 0.135684 0.044892
v 0.001879 0.135684 0.044995
v 0.001835 0.135684 0.044996
v -0.001706 0.135685 0.045063
v -0.001835 0.135685 0.044996
v 0.001706 0.135683 0.045063
v 0.001723 0.135683 0.045064
v -0.001879 0.135685 0.044995
v -0.001723 0.135685 0.045064
v 0.005822 0.135685 0.044631
v 0.026757 0.136916 0.021015
v 0.024382 0.137010 0.027671
v 0.023625 0.136741 0.027445
v 0.025416 0.137010 0.019603
v 0.025029 0.136746 0.019760
v 0.025354 0.136745 0.026964
v 0.023063 0.136931 0.019343
v 0.026604 0.136909 0.026049
v 0.027789 0.137009 0.023919
v 0.027386 0.136745 0.024153
v 0.027306 0.136745 0.022376
v -0.003486 0.140326 0.019297
v -0.002138 0.139007 0.020879
v -0.008107 0.139019 0.019303
v -0.009524 0.140326 0.017170
v -0.012738 0.138987 0.016614
v -0.013538 0.140326 0.014156
v -0.016445 0.138986 0.012955
v -0.017036 0.140326 0.009808
v -0.018849 0.139012 0.009067
v -0.019244 0.140326 0.003865
v -0.020404 0.139000 0.004689
v -0.020916 0.139001 -0.000102
v -0.019570 0.140326 -0.001078
v -0.020367 0.139000 -0.004846
v -0.018301 0.140326 -0.007150
v -0.018032 0.138991 -0.010737
v -0.015066 0.140326 -0.012570
v -0.014149 0.138988 -0.015430
v -0.010058 0.140327 -0.016900
v -0.009903 0.138986 -0.018445
v -0.004683 0.139007 -0.020430
v -0.003150 0.140326 -0.019381
v 0.000073 0.138996 -0.020901
v -0.006228 0.135685 0.041434
v -0.012218 0.137011 0.038692
v -0.016400 0.135685 0.038512
v -0.020869 0.137011 0.034709
v -0.021688 0.135684 0.035781
v -0.026303 0.137011 0.030763
v -0.027972 0.135685 0.031064
v -0.032372 0.137011 0.024469
v -0.032103 0.135685 0.026773
v -0.035582 0.135685 0.021940
v -0.037984 0.137011 0.014279
v -0.038338 0.135685 0.016661
v -0.040316 0.135686 0.011043
v -0.040475 0.137011 0.002916
v -0.041477 0.135686 0.005202
v -0.041795 0.135686 -0.000745
v -0.039639 0.137011 -0.008687
v -0.041265 0.135686 -0.006677
v -0.039898 0.135686 -0.012473
v -0.035545 0.137011 -0.019577
v -0.037720 0.135685 -0.018016
v -0.034777 0.135685 -0.023194
v -0.028530 0.137011 -0.028857
v -0.031128 0.135685 -0.027901
v -0.026247 0.135683 -0.032564
v -0.020869 0.137011 -0.034709
v -0.021267 0.135679 -0.036050
v -0.012218 0.137011 -0.038692
v -0.011873 0.135685 -0.040182
v -0.002851 0.137011 -0.040400
v -0.002857 0.135685 -0.041714
v 0.026673 0.128392 0.021069
v 0.023058 0.128392 0.027450
v 0.024925 0.128392 0.019673
v 0.025034 0.128392 0.027119
v 0.026632 0.128392 0.025898
v 0.022026 0.128392 0.019617
v 0.027517 0.128392 0.023368
v -0.001925 0.137011 0.020899
v -0.007503 0.137011 0.019524
v -0.011663 0.137011 0.017386
v -0.016305 0.137011 0.013215
v -0.020035 0.137011 0.006356
v -0.020932 0.137011 -0.000365
v -0.019946 0.137011 -0.006527
v -0.017089 0.137011 -0.012094
v -0.013950 0.137011 -0.015584
v -0.009254 0.137011 -0.018837
v -0.003777 0.137011 -0.020572
v -0.025782 0.127066 -0.000097
v -0.025782 0.131707 0.000097
v -0.031390 0.127066 -0.007131
v -0.031894 0.131707 -0.007300
v -0.026550 0.127066 0.003223
v -0.026634 0.131707 0.003390
v -0.028609 0.127066 -0.005773
v -0.028463 0.131707 -0.005655
v -0.028463 0.127066 0.005655
v -0.028609 0.131707 0.005773
v -0.026634 0.127066 -0.003390
v -0.026550 0.131707 -0.003223
v -0.030641 0.127066 0.006866
v -0.031390 0.131707 0.007131
v -0.033042 0.127066 0.007343
v -0.035399 0.131707 0.007079
v 0.040509 0.127073 -0.000635
v 0.035400 0.131707 -0.007079
v 0.039511 0.127066 0.003832
v 0.038545 0.131707 0.005106
v 0.035748 0.127066 -0.006848
v 0.038787 0.127066 -0.004835
v 0.039325 0.131707 -0.004129
v 0.036848 0.127066 0.006323
v 0.034689 0.131707 0.007214
v 0.034362 0.127066 0.007236
v 0.040552 0.131707 0.000625
v 0.035670 0.137011 0.003585
v 0.035548 0.131707 0.003668
v 0.034252 0.131707 -0.004241
v 0.032509 0.137011 -0.004394
v 0.035670 0.137011 -0.003585
v 0.032356 0.131707 0.004369
v 0.036426 0.131707 -0.002876
v 0.037194 0.137011 -0.001611
v 0.037323 0.131707 -0.001158
v 0.037419 0.137011 0.001106
v 0.037378 0.131707 0.001252
v -0.029839 0.131707 0.002912
v -0.030630 0.137011 0.003585
v -0.032214 0.131707 -0.004251
v -0.034486 0.137011 -0.004202
v -0.031924 0.137011 -0.004164
v -0.032748 0.131707 0.004391
v -0.032848 0.137011 0.004330
v -0.030391 0.131707 -0.003351
v -0.029796 0.137011 -0.002848
v -0.029093 0.131707 -0.001616
v -0.028843 0.137011 -0.000536
v -0.028843 0.131707 0.000536
v -0.029074 0.137011 0.001547
v -0.019929 0.123715 0.036914
v -0.019891 0.124965 0.037466
v -0.019682 0.127014 0.037702
v -0.019920 0.123599 -0.036927
v -0.019879 0.124928 -0.037451
v 0.006750 0.135607 -0.071559
v -0.019676 0.127023 -0.037708
v -0.009830 0.135685 -0.042439
v -0.009639 0.135608 -0.071558
v 0.021297 0.135679 0.036063
v 0.023231 0.128244 0.034728
v 0.027483 0.128392 0.031498
v 0.027973 0.135685 0.031064
v 0.031670 0.128392 0.027284
v 0.032104 0.135685 0.026773
v 0.035218 0.128392 0.022520
v 0.035582 0.135685 0.021940
v 0.038055 0.128392 0.017300
v 0.038339 0.135685 0.016661
v 0.040122 0.128392 0.011731
v 0.040318 0.135686 0.011043
v 0.041381 0.128392 0.005926
v 0.041478 0.135686 0.005202
v 0.041803 0.128392 -0.000000
v 0.041796 0.135686 -0.000745
v 0.041381 0.128392 -0.005926
v 0.041266 0.135686 -0.006677
v 0.040122 0.128392 -0.011731
v 0.039898 0.135686 -0.012473
v 0.038055 0.128392 -0.017300
v 0.037721 0.135685 -0.018016
v 0.035218 0.128392 -0.022520
v 0.034778 0.135685 -0.023194
v 0.031670 0.128392 -0.027284
v 0.031129 0.135685 -0.027901
v 0.027483 0.128392 -0.031498
v 0.026250 0.135683 -0.032561
v 0.023233 0.128232 -0.034723
v 0.021636 0.135678 -0.035778
v 0.019094 0.137009 0.023919
v 0.020871 0.137011 -0.001925
v 0.028863 0.137011 -0.000944
v 0.006637 0.137011 -0.040029
v 0.001925 0.137011 -0.020899
v 0.039302 0.137011 0.010107
v 0.009255 0.137011 0.018837
v 0.032509 0.137011 0.004394
v 0.027475 0.137011 0.029865
v 0.003778 0.137011 0.020572
v 0.021028 0.137009 0.027088
v 0.029386 0.137011 0.002355
v 0.020590 0.137011 0.003790
v 0.020233 0.137011 0.035061
v 0.025261 0.137011 -0.031758
v 0.013729 0.137011 -0.015780
v 0.033231 0.137011 -0.023290
v 0.000000 0.137011 0.040622
v -0.036764 0.137011 -0.002450
v 0.017325 0.137011 -0.011812
v 0.040554 0.137011 -0.001459
v 0.019216 0.137011 0.008261
v 0.012219 0.137011 0.038692
v 0.038474 0.137011 -0.012905
v 0.008957 0.137011 -0.018980
v -0.037471 0.137011 -0.000403
v 0.016431 0.137011 -0.037044
v 0.034819 0.137011 0.020842
v -0.037009 0.137011 0.002132
v 0.019705 0.137011 -0.007015
v 0.016994 0.137011 0.012217
v -0.034915 0.137011 0.003986
v 0.020292 0.137009 0.020405
v 0.030046 0.137011 -0.003033
v 0.013951 0.137011 0.015584
v -0.034775 0.131707 -0.004079
v -0.035878 0.131707 0.003464
v -0.037572 0.131707 0.000403
v -0.036752 0.131707 -0.002442
v 0.029954 0.131707 -0.002936
v 0.031692 0.131707 -0.004108
v 0.029307 0.131707 0.002223
v 0.028879 0.131707 -0.000940
v -0.016706 0.127066 -0.043797
v 0.009640 0.135609 0.071557
v 0.016519 0.135607 -0.072731
v -0.016612 0.135608 -0.072283
v 0.006911 0.135685 -0.042885
v 0.016613 0.135609 0.072282
v -0.006749 0.135607 0.071560
v -0.006910 0.135685 0.042885
v -0.016517 0.135607 0.072732
v 0.009831 0.135685 0.042439
v 0.016730 0.127066 -0.043712
v -0.016729 0.127066 0.043712
v -0.018271 0.127066 0.039687
v 0.018272 0.127066 -0.039686
v 0.019683 0.127014 -0.037702
v 0.019931 0.123715 -0.036914
v 0.019892 0.124965 -0.037466
v 0.019921 0.123599 0.036927
v 0.019879 0.124928 0.037451
v 0.019691 0.127000 0.037691
v 0.018272 0.127066 0.039686
v 0.016707 0.127066 0.043797
v -0.018271 0.127066 -0.039687
v 0.033043 0.127066 -0.007343
v 0.035199 0.127066 -0.020193
v 0.030338 0.127066 -0.006763
v 0.027764 0.127066 -0.005028
v 0.029020 0.127066 -0.028277
v 0.022985 0.126986 -0.033470
v 0.023367 0.127039 0.033103
v 0.025860 0.127066 0.000709
v 0.026101 0.127066 -0.002061
v 0.040051 0.127066 0.006531
v 0.036558 0.127066 0.017614
v 0.031694 0.127066 0.007179
v 0.028847 0.127066 0.005982
v 0.030066 0.127066 0.027254
v 0.039479 0.127066 -0.009388
v 0.026635 0.127066 0.003390
v -0.023354 0.128299 -0.034668
v -0.028585 0.128392 -0.030501
v -0.032619 0.128392 -0.026141
v -0.035996 0.128392 -0.021253
v -0.038645 0.128392 -0.015937
v -0.040514 0.128392 -0.010298
v -0.041564 0.128392 -0.004451
v -0.041775 0.128392 0.001486
v -0.041143 0.128392 0.007393
v -0.039679 0.128392 0.013150
v -0.037415 0.128392 0.018642
v -0.034394 0.128392 0.023758
v -0.029166 0.128391 0.030046
v -0.022408 0.128047 0.035267
v -0.029019 0.127066 0.028277
v -0.022995 0.126990 0.033475
v -0.035198 0.127066 0.020193
v -0.039478 0.127066 0.009388
v -0.035746 0.127066 0.006848
v -0.038786 0.127066 0.004835
v -0.040508 0.127073 0.000635
v -0.040050 0.127066 -0.006531
v -0.039510 0.127066 -0.003832
v -0.036846 0.127066 -0.006323
v -0.034361 0.127066 -0.007236
v -0.036557 0.127066 -0.017614
v -0.030065 0.127066 -0.027254
v -0.023358 0.127037 -0.033108
v -0.016679 0.135685 0.044057
v 0.011874 0.135685 0.040182
v 0.016804 0.135685 0.043165
v -0.018598 0.135685 0.039000
v 0.002858 0.135685 0.041714
v 0.018846 0.135685 0.038764
v 0.006229 0.135685 -0.041434
v -0.018845 0.135685 -0.038764
v 0.016401 0.135685 -0.038512
v 0.018600 0.135685 -0.039000
v -0.016803 0.135685 -0.043165
v 0.016679 0.135685 -0.044057
v 0.029235 0.131707 0.006191
v 0.027396 0.131707 0.004533
v 0.031694 0.131707 -0.007179
v 0.028847 0.131707 -0.005982
v 0.026635 0.131707 -0.003390
v 0.025860 0.131707 -0.000709
v 0.031521 0.131707 0.007142
v 0.026101 0.131707 0.002061
v -0.039324 0.131707 0.004129
v -0.035360 0.131707 -0.006983
v -0.038545 0.131707 -0.005106
v -0.040552 0.131707 -0.000625
v 0.004836 0.139006 -0.020393
v 0.009593 0.138990 -0.018587
v 0.013105 0.138990 -0.016303
v 0.016376 0.138994 -0.013033
v 0.018752 0.139003 -0.009266
v 0.020367 0.139000 -0.004846
v 0.020932 0.139026 0.001108
v 0.019885 0.138986 0.006551
v 0.017335 0.138981 0.011797
v 0.013780 0.138991 0.015735
v 0.009907 0.138988 0.018443
v 0.004695 0.139008 0.020428
v 0.013540 0.140326 0.014156
v 0.017037 0.140327 0.009808
v 0.009525 0.140326 0.017170
v 0.002324 0.140327 0.019521
v 0.019245 0.140326 0.003865
v 0.019571 0.140326 -0.001078
v 0.018302 0.140326 -0.007150
v 0.015067 0.140326 -0.012570
v 0.010059 0.140326 -0.016900
v 0.002805 0.140327 -0.019451
v -0.020590 0.125347 -0.035947
v -0.022302 0.126752 -0.034065
v -0.021794 0.126493 0.034551
v -0.021034 0.125883 0.035374
v -0.020183 0.124621 0.036497
v -0.020169 0.124591 -0.036547
v 0.020591 0.125347 0.035947
v 0.022122 0.126685 0.034229
v 0.021842 0.126521 -0.034503
v 0.021022 0.125877 -0.035396
v 0.020184 0.124623 -0.036497
v 0.021253 0.126099 0.035129
v 0.020169 0.124591 0.036547
v -0.020594 0.126373 0.036717
v -0.021154 0.127074 -0.036175
v 0.021046 0.127009 -0.036263
v 0.021155 0.127074 0.036175
v 0.020428 0.128392 0.026233
v 0.020417 0.136746 0.026072
v 0.021854 0.136746 0.027121
v 0.021529 0.136745 0.019918
v 0.020193 0.136745 0.021092
v 0.019863 0.128392 0.021544
v 0.019497 0.136745 0.022728
v 0.019443 0.128392 0.023729
v 0.019577 0.136745 0.024505
v -0.021304 0.126144 -0.035053
v -0.001433 -0.002506 0.015402
v -0.005510 0.002130 0.015406
v 0.005361 0.001587 0.015397
v 0.003748 -0.001182 0.015397
v 0.001926 -0.002247 0.015400
v -0.004090 -0.000800 0.015387
v -0.016565 0.068184 0.029673
v 0.016402 0.068127 0.031723
v -0.016409 0.068127 0.031769
v -0.016443 0.064447 0.028118
v 0.016458 0.064389 0.028118
v -0.016477 0.071630 0.004481
v -0.016659 0.071723 0.013251
v -0.016503 0.074283 0.004419
v -0.016458 0.068385 0.013182
v -0.016712 0.068432 0.017384
v -0.016517 0.046201 0.018831
v -0.016524 0.044483 0.020765
v -0.016561 0.066902 0.028123
v -0.016451 0.044522 0.026214
v -0.016718 0.046294 0.027521
v -0.016659 0.071723 0.033441
v -0.016328 0.068254 0.033510
v -0.016542 0.074235 0.042277
v -0.016477 0.071630 0.042211
v -0.008013 0.068326 0.009896
v 0.010800 0.068251 0.012930
v 0.016459 0.068385 0.013182
v -0.010648 0.068266 0.012859
v -0.007760 0.068326 0.004520
v 0.007762 0.068406 0.004441
v 0.007773 0.068130 0.010453
v 0.016478 0.071630 0.004481
v 0.007740 0.071691 0.004352
v 0.016522 0.074252 0.004436
v -0.007739 0.071691 0.004352
v 0.016540 0.074283 0.042238
v 0.007802 0.071692 0.042342
v 0.016478 0.071630 0.042211
v -0.007702 0.068384 0.042266
v 0.007703 0.068311 0.042193
v -0.007822 0.071663 0.042294
v -0.007547 0.068141 0.037154
v 0.007541 0.068143 0.037196
v 0.016553 0.066930 0.018559
v -0.016562 0.066855 0.018621
v 0.016529 0.044566 0.020478
v 0.016348 0.068236 0.033455
v 0.016650 0.071717 0.033518
v 0.016660 0.071723 0.013251
v 0.016713 0.068447 0.017361
v 0.016571 0.046287 0.018894
v 0.016714 0.066965 0.027834
v 0.016442 0.044449 0.025962
v 0.016559 0.068131 0.029394
v 0.016719 0.046294 0.027521
v 0.011260 0.071471 0.033842
v 0.008289 0.071471 0.036286
v 0.008009 0.068604 0.037571
v 0.008846 0.068605 0.035638
v 0.011103 0.068607 0.033865
v 0.008201 0.071471 0.010173
v 0.011133 0.071471 0.012838
v 0.008153 0.068615 0.009892
v -0.008288 0.071471 0.036286
v -0.011310 0.071471 0.033819
v -0.011086 0.068623 0.033880
v -0.008845 0.068605 0.035638
v -0.008010 0.068600 0.037558
v -0.008042 0.071471 0.009387
v -0.009199 0.071471 0.011485
v -0.011391 0.071471 0.012887
v 0.016259 0.068099 0.016768
v -0.016254 0.068103 0.016731
v 0.016249 0.066361 0.028168
v 0.016236 0.046205 0.027996
v -0.016228 0.046347 0.028022
v -0.010454 0.068131 0.033544
v 0.010511 0.068132 0.033506
v -0.016387 0.068113 0.037280
v -0.016539 0.043948 0.040551
v 0.016558 0.044189 0.040604
v -0.014013 0.017301 0.025318
v 0.014016 0.017327 0.025343
v -0.013928 0.017175 0.023344
v 0.013925 0.017176 0.023343
v -0.008486 -0.011171 0.023168
v -0.012420 -0.008753 0.023068
v 0.010422 -0.010273 0.023151
v 0.007642 -0.011205 0.023215
v 0.013592 -0.005955 0.023347
v -0.013782 -0.004838 0.023346
v -0.011278 -0.009597 0.015531
v -0.013977 -0.005293 0.015463
v -0.008705 -0.011071 0.015510
v -0.013922 0.017176 0.015387
v -0.004875 0.005257 0.015407
v 0.008742 -0.010769 0.015384
v 0.012319 -0.008680 0.015577
v 0.014014 -0.005428 0.015538
v 0.013928 0.017175 0.015387
v -0.014352 0.017593 0.013205
v 0.014344 0.017430 0.013334
v -0.016227 0.043848 0.028100
v 0.014268 0.017853 0.013169
v 0.016220 0.043844 0.028089
v -0.016496 0.064713 0.040685
v 0.016528 0.064755 0.040617
v 0.016388 0.068113 0.037280
v -0.016683 0.043732 0.028544
v -0.014416 0.017648 0.025025
v -0.014407 0.017605 0.015861
v -0.014416 0.017616 0.022855
v 0.014285 -0.004598 0.022869
v 0.014408 0.017603 0.015868
v 0.014418 0.017648 0.025025
v 0.014418 0.017617 0.022861
v 0.016684 0.043731 0.028544
v -0.013364 -0.007431 0.015863
v -0.014241 -0.005042 0.022863
v 0.013050 -0.008055 0.022871
v 0.008807 -0.011247 0.015870
v -0.003110 0.007383 0.015393
v 0.005043 0.004809 0.015405
v -0.000003 0.002865 0.020786
v 0.000230 0.008410 0.015418
v 0.003094 0.007323 0.015400
v -0.015639 0.056811 0.028264
v -0.014280 0.059374 0.028317
v -0.013345 0.060202 0.032898
v -0.011123 0.049594 0.032898
v -0.012069 0.049885 0.028599
v -0.012581 0.060577 0.028599
v -0.014228 0.051433 0.032898
v -0.009816 0.061430 0.028609
v -0.009551 0.061428 0.032898
v -0.014344 0.051771 0.028599
v -0.015462 0.054208 0.028607
v -0.015647 0.056005 0.032898
v -0.012997 0.049837 0.028123
v -0.003439 0.055725 0.028601
v -0.003052 0.053991 0.028126
v -0.015610 0.052882 0.028123
v -0.004396 0.052309 0.028599
v -0.005497 0.050300 0.028122
v -0.005980 0.050562 0.028600
v -0.008627 0.049418 0.028609
v -0.009009 0.048844 0.028123
v -0.004033 0.058955 0.028123
v -0.011847 0.061511 0.028123
v -0.007641 0.061689 0.028124
v -0.006751 0.060729 0.028592
v -0.004759 0.059012 0.028599
v -0.004875 0.051433 0.032898
v -0.005758 0.060202 0.032898
v -0.008350 0.049475 0.032898
v -0.003456 0.056005 0.032898
v 0.003935 0.058139 0.028320
v 0.005760 0.060202 0.032898
v 0.007981 0.049594 0.032898
v 0.007035 0.049885 0.028599
v 0.006523 0.060577 0.028599
v 0.004876 0.051433 0.032898
v 0.009288 0.061430 0.028609
v 0.009553 0.061428 0.032898
v 0.004760 0.051771 0.028599
v 0.003436 0.054624 0.028424
v 0.003457 0.056005 0.032898
v 0.004424 0.051182 0.028124
v 0.015665 0.055725 0.028601
v 0.015868 0.057200 0.028123
v 0.015672 0.053096 0.028123
v 0.014708 0.052309 0.028599
v 0.013314 0.050535 0.028409
v 0.010477 0.049418 0.028609
v 0.009447 0.048743 0.028125
v 0.010505 0.061813 0.028122
v 0.013526 0.060581 0.028123
v 0.006634 0.061318 0.028125
v 0.012353 0.060729 0.028592
v 0.014345 0.059012 0.028599
v 0.014229 0.051433 0.032898
v 0.013346 0.060202 0.032898
v 0.010754 0.049475 0.032898
v 0.015648 0.056005 0.032898
v 0.004775 0.003420 0.017748
v 0.000573 -0.001871 0.017752
v 0.003723 -0.000258 0.017729
v 0.003734 0.005754 0.017732
v 0.001633 0.007392 0.017745
v 0.003183 0.004310 0.017748
v 0.001316 -0.000360 0.017739
v 0.003266 0.001542 0.017705
v 0.001568 0.005933 0.017734
v -0.002896 0.004639 0.015425
v -0.000018 -0.000516 0.015413
v -0.001111 0.006013 0.015415
v -0.002332 0.000384 0.015411
v -0.003322 0.002427 0.015414
v -0.000248 0.005666 0.015346
v 0.002066 0.004784 0.015350
v 0.000249 0.000043 0.015346
v 0.002772 0.001921 0.015347
v -0.004595 0.004455 0.015421
v -0.002841 0.006840 0.015419
v 0.000829 -0.001970 0.015419
v -0.002852 -0.001207 0.015418
v 0.000024 0.007722 0.015425
v -0.004737 0.001735 0.015423
v -0.014218 0.017039 0.015229
v 0.014219 0.017039 0.015227
v -0.001370 0.005139 0.003446
v -0.002771 0.003788 0.015347
v -0.002429 0.001394 0.003445
v -0.002065 0.000926 0.015350
v -0.001545 0.007364 0.017729
v 0.007710 -0.011023 0.000373
v 0.013941 -0.000762 0.000353
v 0.013944 0.006472 0.000354
v -0.003611 -0.011069 0.000342
v -0.013865 -0.005009 0.000384
v -0.013942 -0.000762 0.000354
v -0.003620 0.016786 0.000341
v -0.003572 0.006428 0.000281
v -0.013944 0.006478 0.000352
v 0.003603 -0.000747 0.000267
v 0.003612 -0.011069 0.000342
v 0.000001 -0.011161 0.002882
v 0.000001 0.002855 0.002770
v 0.000001 0.016870 0.002885
v 0.003614 0.016787 0.000345
v 0.003579 0.006433 0.000278
v -0.003602 -0.000747 0.000267
v -0.009062 -0.010843 0.000418
v 0.010935 -0.010045 0.015289
v -0.012514 -0.008594 0.015294
v 0.005485 -0.000420 0.015344
v 0.013987 -0.006015 0.015282
v 0.006246 0.001687 0.015349
v -0.001163 0.009095 0.015352
v 0.004837 0.003407 0.015418
v 0.001169 0.009101 0.015349
v 0.003275 0.008339 0.015344
v 0.007530 -0.011314 0.015287
v -0.001167 -0.003391 0.015350
v -0.003274 -0.002630 0.015344
v 0.011264 -0.009514 0.000370
v 0.013811 -0.005612 0.000389
v 0.011929 0.004048 0.015357
v 0.011671 0.004319 0.002695
v 0.006552 0.004381 0.002682
v 0.001454 0.009343 0.002693
v 0.004259 0.008087 0.002673
v -0.001458 0.014520 0.002696
v -0.006485 0.004304 0.002696
v -0.006280 0.004043 0.015366
v -0.004310 0.007728 0.015339
v -0.004848 0.007700 0.002660
v -0.011928 0.014792 0.015355
v -0.001448 0.009339 0.002696
v -0.007916 -0.008987 0.015353
v -0.011368 -0.005809 0.002678
v -0.011556 -0.006203 0.015345
v -0.011927 0.001662 0.015357
v -0.006551 0.001328 0.002682
v -0.001454 -0.003634 0.002693
v -0.004259 -0.002378 0.002671
v -0.001459 -0.008812 0.002697
v -0.008104 -0.008653 0.002680
v 0.011726 -0.005626 0.015355
v 0.007840 -0.008709 0.002688
v 0.008508 -0.008856 0.015342
v 0.001458 -0.008810 0.002698
v 0.001194 -0.009073 0.015357
v 0.001527 -0.003697 0.002682
v 0.006489 0.001400 0.002693
v 0.005233 -0.001405 0.002671
v 0.011638 -0.004439 0.002685
v 0.010520 -0.006967 0.002649
v -0.003132 0.004324 0.017737
v -0.003909 0.005611 0.017747
v -0.001152 0.006234 0.017745
v 0.003431 0.003549 0.015394
v 0.001149 0.006055 0.015418
v 0.002306 0.000359 0.015411
v 0.001371 0.000570 0.003446
v 0.002430 0.004316 0.003445
v -0.012447 -0.008159 0.000337
v -0.013965 0.016762 0.000444
v -0.014158 -0.004946 0.015273
v 0.013950 0.016760 0.000417
v -0.008501 -0.011186 0.015294
v -0.011673 0.004320 0.002697
v -0.011935 0.004054 0.015357
v -0.011674 0.014521 0.002697
v -0.001203 0.014792 0.015356
v 0.004054 -0.000008 0.015423
v 0.003308 0.006555 0.015420
v 0.011675 0.014520 0.002696
v 0.011938 0.014784 0.015355
v 0.001459 0.014520 0.002696
v 0.006246 0.004022 0.015350
v 0.001201 0.014791 0.015357
v 0.005374 0.006334 0.015350
v -0.011673 0.001390 0.002698
v -0.006245 0.001687 0.015350
v -0.001200 -0.009081 0.015356
v -0.005373 -0.000624 0.015350
v 0.011673 0.001390 0.002697
v 0.001169 -0.003391 0.015349
v 0.011936 0.001655 0.015357
v 0.003480 -0.002519 0.015350
v -0.003428 0.002185 0.017731
v -0.001704 -0.000299 0.017727
v -0.004791 0.002411 0.017744
v -0.002979 -0.000984 0.017764
v -0.014016 0.002855 0.002882
v 0.014025 0.002855 0.002891
v -0.000327 0.125197 0.009344
vn 0.6173 0.3596 0.6997
vn 0.3576 0.6101 0.7070
vn 0.0556 0.7142 0.6977
vn -0.3884 0.5988 0.7004
vn -0.6413 0.3154 0.6995
vn 0.0000 -0.9996 0.0272
vn 0.0016 -1.0000 0.0017
vn 0.0014 -0.0021 -1.0000
vn 0.0000 -0.0253 -0.9997
vn 0.9997 -0.0105 0.0207
vn 0.9965 -0.0588 0.0596
vn 0.9995 -0.0219 0.0228
vn 0.9997 -0.0024 0.0230
vn 1.0000 0.0076 -0.0001
vn 0.9871 -0.1593 -0.0144
vn 0.9998 -0.0178 -0.0116
vn 0.9955 -0.0945 -0.0006
vn 0.9999 0.0161 -0.0000
vn 0.9992 -0.0384 -0.0112
vn 0.9936 -0.0936 -0.0632
vn 0.9989 0.0467 -0.0000
vn 0.9983 0.0576 0.0009
vn 0.9995 -0.0255 -0.0205
vn -0.0269 -0.9966 0.0777
vn 0.0001 -0.9992 0.0394
vn 0.0005 -0.9991 0.0428
vn 0.0247 -0.9967 0.0776
vn 0.0124 -0.9999 0.0006
vn -0.0049 -0.9989 0.0458
vn 0.0008 -0.9988 -0.0499
vn 0.0113 -0.9995 0.0305
vn -0.0146 -0.0172 0.9997
vn 0.0000 -0.0270 0.9996
vn 0.0049 -0.0500 0.9987
vn 0.0145 -0.0235 0.9996
vn -0.0006 0.0309 0.9995
vn 0.0000 0.0257 0.9997
vn -0.0150 -0.0104 -0.9998
vn -0.0046 -0.0443 -0.9990
vn 0.0031 -0.0085 -1.0000
vn 0.0094 -0.0253 -0.9996
vn -0.0011 0.0365 -0.9993
vn 0.0031 -0.0037 -1.0000
vn 0.0045 -0.9989 -0.0475
vn -0.0001 -0.9994 -0.0335
vn -0.0009 1.0000 0.0008
vn 0.0015 1.0000 -0.0013
vn -0.0020 -0.0162 0.9999
vn 0.0018 -0.0102 0.9999
vn 0.0022 -1.0000 -0.0072
vn -0.0023 -0.9998 0.0213
vn -0.9947 -0.0874 -0.0542
vn -0.9992 0.0412 -0.0005
vn -0.9986 0.0528 0.0005
vn -0.9996 -0.0173 0.0206
vn -0.9995 -0.0235 -0.0196
vn -0.9965 -0.0587 0.0596
vn -0.9999 0.0005 0.0173
vn -0.9999 0.0006 0.0171
vn -0.9991 -0.0400 0.0170
vn -0.9873 -0.1584 -0.0123
vn -0.9929 -0.1178 0.0168
vn -0.9937 0.1108 -0.0156
vn -0.9999 0.0167 -0.0005
vn -0.9992 -0.0387 -0.0117
vn -0.0452 -0.9989 0.0092
vn -0.0103 -0.9999 -0.0126
vn 0.0067 -0.9993 -0.0361
vn -0.9141 0.0881 -0.3957
vn -0.6351 -0.0286 -0.7719
vn -0.6167 -0.0578 -0.7851
vn -0.9974 -0.0319 -0.0639
vn -0.9948 -0.0603 -0.0822
vn -0.0597 0.0048 -0.9982
vn -0.0761 -0.0246 -0.9968
vn 0.0064 -0.9993 0.0373
vn -0.0450 -0.9989 -0.0097
vn -0.0110 -0.9999 0.0120
vn -0.6700 -0.0901 0.7369
vn -0.7560 0.0516 0.6526
vn -0.0737 0.0162 0.9972
vn -0.0452 -0.0330 0.9984
vn -0.9974 -0.0097 0.0713
vn -0.9969 0.0044 0.0788
vn 0.0465 -0.9989 0.0097
vn -0.0036 -0.9995 -0.0318
vn 0.0103 -0.9999 -0.0126
vn 0.6320 -0.0333 -0.7742
vn 0.6165 -0.0579 -0.7852
vn 0.9135 0.0877 -0.3972
vn 0.0714 0.0158 -0.9973
vn 0.0698 0.0132 -0.9975
vn 0.9973 -0.0369 -0.0635
vn 0.9950 -0.0611 -0.0791
vn -0.0064 -0.9990 0.0434
vn 0.0000 -1.0000 -0.0000
vn 0.0121 -0.9999 0.0116
vn 0.0473 -0.9988 -0.0097
vn 0.8725 -0.0859 0.4810
vn 0.7467 0.0535 0.6630
vn 0.5349 -0.1167 0.8368
vn 0.9988 -0.0167 0.0469
vn 0.9982 0.0034 0.0598
vn 0.0681 0.0166 0.9975
vn 0.0556 -0.0040 0.9984
vn -0.0009 -0.8374 0.5466
vn -0.0005 -0.8345 0.5510
vn -0.0041 -0.7704 -0.6376
vn 0.0105 -0.5681 -0.8229
vn 0.0025 -0.7035 -0.7107
vn -0.0033 -0.7568 -0.6536
vn 0.0039 -0.7477 0.6640
vn -0.0032 -0.6771 0.7358
vn 0.0167 -0.5790 -0.8152
vn 0.3737 -0.8008 -0.4680
vn 0.7725 -0.1272 -0.6222
vn 0.5668 -0.7867 -0.2445
vn 0.6982 -0.7158 -0.0129
vn 0.9594 -0.2747 -0.0644
vn 0.7147 -0.0122 -0.6993
vn 0.4392 -0.0229 -0.8981
vn 0.5722 -0.5408 -0.6165
vn -0.7010 -0.7132 -0.0011
vn -0.5716 -0.7824 -0.2472
vn -0.7760 -0.0842 -0.6251
vn -0.3657 -0.8065 -0.4646
vn -0.0179 -0.6167 -0.7870
vn 0.8353 -0.3865 0.3911
vn -0.8709 -0.4880 -0.0580
vn 0.6090 -0.7927 0.0278
vn -0.8206 -0.4157 -0.3921
vn -0.5498 0.0372 -0.8344
vn -0.7022 -0.0133 -0.7118
vn -0.7825 -0.0093 -0.6226
vn -0.6340 -0.5524 -0.5412
vn -0.8253 -0.4011 0.3976
vn -0.6291 -0.7769 0.0265
vn -0.7685 -0.6391 0.0307
vn -0.3894 -0.8111 0.4363
vn 0.0031 1.0000 0.0001
vn -0.0207 0.9991 -0.0378
vn 0.0003 -0.4963 -0.8681
vn -0.0022 -0.4941 -0.8694
vn -0.0008 -0.9972 -0.0753
vn -0.0000 -0.9980 -0.0637
vn 0.0873 -0.1008 -0.9911
vn 0.0030 -0.0305 -0.9995
vn 0.0010 -0.0240 -0.9997
vn -0.0000 0.0002 -1.0000
vn 0.0000 0.0001 -1.0000
vn -0.0508 -0.0826 -0.9953
vn 0.0021 -1.0000 -0.0053
vn 0.0098 -0.9999 0.0128
vn 0.0003 -0.0161 0.9999
vn 0.0120 -0.0065 0.9999
vn 0.0016 -0.0112 0.9999
vn 0.0086 0.0022 1.0000
vn 0.0071 -0.0066 1.0000
vn 0.0037 -0.0033 1.0000
vn -0.0019 -0.0002 1.0000
vn 0.0008 0.0011 1.0000
vn 0.0017 0.0004 1.0000
vn 0.0030 -0.0039 1.0000
vn -0.0407 0.0225 0.9989
vn -0.0071 -0.0159 0.9998
vn -0.0056 0.0056 1.0000
vn -0.0111 -0.0064 0.9999
vn 0.0047 0.0019 1.0000
vn -0.0002 -0.0016 1.0000
vn -0.0109 -0.0066 0.9999
vn 0.0046 0.0037 1.0000
vn 0.0000 -0.0035 1.0000
vn 0.0000 -0.9924 0.1230
vn 0.0048 -0.9823 0.1872
vn 0.0056 0.4931 0.8699
vn 0.0002 0.4979 0.8673
vn 0.0009 -0.0313 0.9995
vn 0.0003 -0.0394 0.9992
vn -0.9928 -0.0113 0.1193
vn 0.9565 -0.0098 0.2916
vn 0.0015 -0.0065 -1.0000
vn -0.0021 -0.0006 -1.0000
vn 0.0175 0.9993 -0.0323
vn -0.0034 1.0000 0.0003
vn -1.0000 0.0015 0.0057
vn -0.9999 0.0112 -0.0100
vn -0.9990 0.0444 -0.0027
vn -0.9998 0.0209 0.0062
vn 1.0000 0.0021 0.0043
vn 0.9999 0.0118 -0.0117
vn 0.9993 0.0363 -0.0041
vn 0.9999 0.0138 0.0045
vn 0.9960 -0.0884 -0.0135
vn 0.9963 -0.0859 0.0050
vn -0.1565 0.9877 0.0012
vn 0.8821 0.4711 0.0069
vn 0.9992 -0.0181 0.0351
vn 1.0000 -0.0077 0.0014
vn -1.0000 -0.0060 0.0014
vn -0.9992 -0.0166 0.0352
vn -0.9862 0.1616 0.0360
vn -0.9268 0.3755 0.0052
vn -0.8828 0.4697 0.0022
vn -0.9960 -0.0884 -0.0138
vn -0.9963 -0.0847 0.0140
vn 0.0010 0.7043 0.7099
vn -0.0012 0.6942 0.7198
vn 0.0043 0.7048 -0.7094
vn 0.0020 0.7201 -0.6939
vn -0.0006 0.7112 -0.7030
vn -0.0078 0.7076 -0.7066
vn 0.5236 -0.8519 -0.0038
vn 0.4968 -0.8676 -0.0219
vn 0.7222 -0.6909 0.0321
vn 0.8979 -0.4385 -0.0372
vn 0.9598 -0.2795 0.0248
vn -0.9417 -0.3365 -0.0032
vn -0.8855 -0.4621 0.0492
vn -0.6451 -0.7641 -0.0007
vn -0.5888 -0.8080 0.0226
vn -0.3185 -0.9463 -0.0558
vn -0.6455 -0.7629 -0.0361
vn -0.7021 0.3141 0.6390
vn -0.7093 -0.0020 0.7049
vn -0.4014 -0.6252 0.6693
vn -0.0073 -0.7123 0.7018
vn 0.4307 -0.2837 0.8567
vn -0.6988 -0.0071 0.7153
vn 0.6998 -0.0007 0.7143
vn -0.9143 0.4050 -0.0034
vn 0.6694 -0.7428 0.0104
vn 0.7016 0.3131 0.6401
vn -0.7415 -0.3831 -0.5508
vn 0.6961 -0.0067 0.7179
vn -0.6727 -0.7399 -0.0104
vn -0.6373 -0.7700 -0.0292
vn 0.8727 0.4883 -0.0047
vn -0.5791 -0.0082 -0.8152
vn -0.7010 -0.0039 -0.7131
vn -0.8712 -0.3110 -0.3798
vn -0.3404 -0.2906 -0.8942
vn 0.6369 -0.2727 -0.7211
vn 0.7100 -0.0047 -0.7042
vn 0.7233 -0.0053 -0.6905
vn 0.7359 -0.3873 -0.5554
vn 0.6753 -0.7374 -0.0110
vn 0.6596 -0.7513 -0.0194
vn 0.7152 -0.0688 0.6956
vn 0.5688 -0.4424 0.6933
vn -0.7013 -0.1423 0.6985
vn -0.5474 -0.4589 0.6999
vn -0.2154 -0.6839 0.6971
vn 0.2573 -0.6665 0.6997
vn -0.0021 -0.3638 0.9315
vn -0.8815 -0.4655 0.0793
vn -0.8730 -0.4790 0.0918
vn -0.0429 0.9990 0.0160
vn -0.1344 0.9902 -0.0376
vn -0.5741 -0.8182 -0.0306
vn -0.5090 0.8591 0.0537
vn -0.3076 -0.9513 0.0193
vn -0.2946 -0.9551 0.0310
vn -0.6375 0.7692 -0.0432
vn -0.9089 0.4170 -0.0081
vn -0.9517 0.2955 0.0828
vn -0.9975 0.0694 -0.0139
vn -0.3853 0.4647 0.7972
vn -0.6792 0.5829 0.4460
vn 0.4735 0.1332 0.8707
vn -0.5196 0.2411 0.8197
vn 0.4938 0.4476 0.7455
vn 0.7730 0.5124 0.3741
vn -0.9405 0.0190 0.3393
vn 0.2958 0.6787 0.6722
vn 0.3007 0.7254 0.6192
vn -0.0851 0.6106 0.7874
vn -0.2100 0.8435 0.4943
vn 0.0003 -0.0002 -1.0000
vn -0.0000 -0.0001 -1.0000
vn -0.0002 0.0001 -1.0000
vn 0.0015 0.0001 -1.0000
vn 0.0418 -0.0360 -0.9985
vn 0.0057 -0.0224 -0.9997
vn 0.0023 -0.0195 -0.9998
vn -0.0665 0.0149 -0.9977
vn 0.4831 -0.5632 0.6704
vn 0.5432 -0.7170 0.4369
vn 0.5466 -0.2202 0.8079
vn 0.9770 -0.1932 0.0903
vn -0.5603 -0.6808 0.4717
vn -0.1733 -0.5522 0.8155
vn -0.0399 -0.9451 0.3244
vn 0.1252 -0.5263 0.8410
vn 0.9616 0.2694 0.0523
vn 0.7397 0.6707 -0.0542
vn 0.3073 -0.9505 0.0455
vn 0.2228 -0.9748 -0.0134
vn 0.4904 0.8700 0.0503
vn 0.3967 0.9179 -0.0135
vn 0.6520 -0.7560 -0.0578
vn 0.8745 -0.4798 0.0705
vn 0.9278 -0.3726 -0.0207
vn 0.9548 0.2965 0.0230
vn 0.0000 0.0000 1.0000
vn -0.8691 -0.4768 0.1314
vn -0.6814 -0.7297 -0.0573
vn -0.9068 0.4214 -0.0085
vn -0.9506 0.2952 0.0956
vn -0.9895 -0.1395 -0.0384
vn -0.3697 0.4458 0.8153
vn 0.9627 0.0459 0.2666
vn 0.5336 0.1500 0.8323
vn -0.6228 0.2435 0.7435
vn 0.6888 0.5868 0.4257
vn 0.3595 0.8401 0.4061
vn -0.0713 0.5072 0.8588
vn -0.4362 0.8982 -0.0548
vn 0.0003 -0.0001 -1.0000
vn -0.0003 0.0001 -1.0000
vn 0.2044 0.2929 -0.9340
vn -0.0970 -0.0212 -0.9951
vn -0.0007 -0.0002 -1.0000
vn 0.0001 0.0002 -1.0000
vn -0.2618 -0.0088 -0.9651
vn 0.3163 -0.7757 0.5461
vn 0.3803 -0.4445 0.8111
vn 0.7461 -0.5168 0.4199
vn 0.5038 -0.2030 0.8396
vn -0.5497 -0.5075 0.6635
vn -0.1725 -0.5495 0.8175
vn -0.1149 -0.8999 0.4207
vn 0.1377 -0.5819 0.8015
vn 0.7877 0.6150 -0.0375
vn 0.4897 0.8688 0.0740
vn 0.3658 0.9306 -0.0113
vn -0.6173 0.3596 -0.6997
vn -0.3576 0.6101 -0.7070
vn -0.0556 0.7142 -0.6977
vn 0.3884 0.5988 -0.7004
vn 0.6413 0.3154 -0.6995
vn -0.0000 -0.9996 -0.0272
vn -0.0016 -1.0000 -0.0017
vn -0.0014 -0.0021 1.0000
vn -0.0000 -0.0253 0.9997
vn -0.9997 -0.0105 -0.0207
vn -0.9965 -0.0588 -0.0596
vn -0.9995 -0.0219 -0.0228
vn -0.9997 -0.0024 -0.0230
vn -1.0000 0.0076 0.0001
vn -0.9871 -0.1593 0.0144
vn -0.9998 -0.0178 0.0116
vn -0.9955 -0.0945 0.0006
vn -0.9999 0.0161 0.0000
vn -0.9992 -0.0384 0.0112
vn -0.9936 -0.0936 0.0632
vn -0.9989 0.0467 0.0000
vn -0.9983 0.0576 -0.0009
vn -0.9995 -0.0255 0.0205
vn 0.0269 -0.9966 -0.0777
vn -0.0001 -0.9992 -0.0394
vn -0.0005 -0.9991 -0.0428
vn -0.0247 -0.9967 -0.0776
vn -0.0124 -0.9999 -0.0006
vn 0.0049 -0.9989 -0.0458
vn -0.0008 -0.9988 0.0499
vn -0.0113 -0.9995 -0.0305
vn 0.0146 -0.0172 -0.9997
vn 0.0000 -0.0270 -0.9996
vn -0.0049 -0.0500 -0.9987
vn -0.0145 -0.0235 -0.9996
vn 0.0006 0.0309 -0.9995
vn 0.0000 0.0257 -0.9997
vn 0.0150 -0.0104 0.9998
vn 0.0046 -0.0443 0.9990
vn -0.0031 -0.0085 1.0000
vn -0.0094 -0.0253 0.9996
vn 0.0011 0.0365 0.9993
vn -0.0031 -0.0037 1.0000
vn -0.0045 -0.9989 0.0475
vn 0.0001 -0.9994 0.0335
vn 0.0009 1.0000 -0.0008
vn -0.0015 1.0000 0.0013
vn 0.0020 -0.0162 -0.9999
vn -0.0018 -0.0102 -0.9999
vn -0.0022 -1.0000 0.0072
vn 0.0023 -0.9998 -0.0213
vn 0.9947 -0.0874 0.0542
vn 0.9992 0.0412 0.0005
vn 0.9986 0.0528 -0.0005
vn 0.9996 -0.0173 -0.0206
vn 0.9995 -0.0235 0.0196
vn 0.9965 -0.0587 -0.0596
vn 0.9999 0.0005 -0.0173
vn 0.9999 0.0006 -0.0171
vn 0.9991 -0.0400 -0.0170
vn 0.9873 -0.1584 0.0123
vn 0.9929 -0.1178 -0.0168
vn 0.9937 0.1108 0.0156
vn 0.9999 0.0167 0.0005
vn 0.9992 -0.0387 0.0117
vn 0.0452 -0.9989 -0.0092
vn 0.0103 -0.9999 0.0126
vn -0.0067 -0.9993 0.0361
vn 0.9141 0.0881 0.3957
vn 0.6351 -0.0286 0.7719
vn 0.6167 -0.0578 0.7851
vn 0.9974 -0.0319 0.0639
vn 0.9948 -0.0603 0.0822
vn 0.0597 0.0048 0.9982
vn 0.0761 -0.0246 0.9968
vn -0.0064 -0.9993 -0.0373
vn 0.0450 -0.9989 0.0097
vn 0.0110 -0.9999 -0.0120
vn 0.6700 -0.0901 -0.7369
vn 0.7560 0.0516 -0.6526
vn 0.0737 0.0162 -0.9972
vn 0.0452 -0.0330 -0.9984
vn 0.9974 -0.0097 -0.0713
vn 0.9969 0.0044 -0.0788
vn -0.0465 -0.9989 -0.0097
vn 0.0036 -0.9995 0.0318
vn -0.0103 -0.9999 0.0126
vn -0.6320 -0.0333 0.7742
vn -0.6165 -0.0579 0.7852
vn -0.9135 0.0877 0.3972
vn -0.0714 0.0158 0.9973
vn -0.0698 0.0132 0.9975
vn -0.9973 -0.0369 0.0635
vn -0.9950 -0.0611 0.0791
vn 0.0064 -0.9990 -0.0434
vn -0.0121 -0.9999 -0.0116
vn -0.0473 -0.9988 0.0097
vn -0.8725 -0.0859 -0.4810
vn -0.7467 0.0535 -0.6630
vn -0.5349 -0.1167 -0.8368
vn -0.9988 -0.0167 -0.0469
vn -0.9982 0.0034 -0.0598
vn -0.0681 0.0166 -0.9975
vn -0.0556 -0.0040 -0.9984
vn 0.0009 -0.8374 -0.5466
vn 0.0005 -0.8345 -0.5510
vn 0.0041 -0.7704 0.6376
vn -0.0105 -0.5681 0.8229
vn -0.0025 -0.7035 0.7107
vn 0.0033 -0.7568 0.6536
vn -0.0039 -0.7477 -0.6640
vn 0.0032 -0.6771 -0.7358
vn -0.0167 -0.5790 0.8152
vn -0.3737 -0.8008 0.4680
vn -0.7725 -0.1272 0.6222
vn -0.5668 -0.7867 0.2445
vn -0.6982 -0.7158 0.0129
vn -0.9594 -0.2747 0.0644
vn -0.7147 -0.0122 0.6993
vn -0.4392 -0.0229 0.8981
vn -0.5722 -0.5408 0.6165
vn 0.7010 -0.7132 0.0011
vn 0.5716 -0.7824 0.2472
vn 0.7760 -0.0842 0.6251
vn 0.3657 -0.8065 0.4646
vn 0.0179 -0.6166 0.7870
vn -0.8353 -0.3865 -0.3911
vn 0.8709 -0.4880 0.0580
vn -0.6090 -0.7927 -0.0278
vn 0.8206 -0.4157 0.3921
vn 0.5498 0.0372 0.8344
vn 0.7022 -0.0133 0.7118
vn 0.7825 -0.0092 0.6226
vn 0.6340 -0.5524 0.5412
vn 0.8253 -0.4011 -0.3976
vn 0.6291 -0.7769 -0.0265
vn 0.7685 -0.6391 -0.0307
vn 0.3895 -0.8111 -0.4363
vn -0.0031 1.0000 -0.0001
vn 0.0207 0.9991 0.0378
vn -0.0003 -0.4963 0.8681
vn 0.0022 -0.4941 0.8694
vn 0.0008 -0.9972 0.0753
vn 0.0000 -0.9980 0.0637
vn -0.0873 -0.1008 0.9911
vn -0.0030 -0.0305 0.9995
vn -0.0010 -0.0240 0.9997
vn 0.0000 0.0002 1.0000
vn -0.0000 0.0001 1.0000
vn 0.0508 -0.0826 0.9953
vn -0.0021 -1.0000 0.0053
vn -0.0098 -0.9999 -0.0128
vn -0.0003 -0.0161 -0.9999
vn -0.0120 -0.0065 -0.9999
vn -0.0016 -0.0112 -0.9999
vn -0.0086 0.0022 -1.0000
vn -0.0071 -0.0066 -1.0000
vn -0.0037 -0.0033 -1.0000
vn 0.0019 -0.0002 -1.0000
vn -0.0008 0.0011 -1.0000
vn -0.0017 0.0004 -1.0000
vn -0.0030 -0.0039 -1.0000
vn 0.0407 0.0225 -0.9989
vn 0.0071 -0.0159 -0.9998
vn 0.0056 0.0056 -1.0000
vn 0.0111 -0.0064 -0.9999
vn -0.0047 0.0019 -1.0000
vn 0.0002 -0.0016 -1.0000
vn 0.0109 -0.0066 -0.9999
vn -0.0046 0.0037 -1.0000
vn -0.0000 -0.0035 -1.0000
vn -0.0000 -0.9924 -0.1230
vn -0.0048 -0.9823 -0.1872
vn -0.0056 0.4931 -0.8699
vn -0.0002 0.4979 -0.8673
vn -0.0009 -0.0313 -0.9995
vn -0.0003 -0.0394 -0.9992
vn 0.9928 -0.0113 -0.1193
vn -0.9565 -0.0098 -0.2916
vn -0.0015 -0.0065 1.0000
vn 0.0021 -0.0006 1.0000
vn -0.0175 0.9993 0.0323
vn 0.0034 1.0000 -0.0003
vn 1.0000 0.0015 -0.0057
vn 0.9999 0.0112 0.0100
vn 0.9990 0.0444 0.0027
vn 0.9998 0.0209 -0.0062
vn -1.0000 0.0021 -0.0043
vn -0.9999 0.0118 0.0117
vn -0.9993 0.0363 0.0041
vn -0.9999 0.0138 -0.0045
vn -0.9960 -0.0884 0.0135
vn -0.9963 -0.0859 -0.0050
vn 0.1565 0.9877 -0.0012
vn -0.8822 0.4708 -0.0069
vn -0.9992 -0.0181 -0.0351
vn -1.0000 -0.0077 -0.0014
vn 1.0000 -0.0060 -0.0014
vn 0.9992 -0.0166 -0.0352
vn 0.9862 0.1616 -0.0360
vn 0.9268 0.3755 -0.0052
vn 0.8828 0.4697 -0.0022
vn 0.9960 -0.0884 0.0138
vn 0.9963 -0.0847 -0.0140
vn -0.0010 0.7043 -0.7099
vn 0.0012 0.6942 -0.7198
vn -0.0043 0.7048 0.7094
vn -0.0020 0.7201 0.6938
vn 0.0006 0.7112 0.7030
vn 0.0078 0.7076 0.7066
vn -0.5236 -0.8519 0.0038
vn -0.4968 -0.8676 0.0219
vn -0.7222 -0.6909 -0.0321
vn -0.8979 -0.4385 0.0372
vn -0.9598 -0.2795 -0.0248
vn 0.9417 -0.3365 0.0032
vn 0.8855 -0.4621 -0.0492
vn 0.6451 -0.7641 0.0007
vn 0.5888 -0.8080 -0.0226
vn 0.3185 -0.9463 0.0559
vn 0.6455 -0.7629 0.0361
vn 0.7021 0.3141 -0.6390
vn 0.7093 -0.0020 -0.7049
vn 0.4014 -0.6252 -0.6694
vn 0.0073 -0.7123 -0.7019
vn -0.4307 -0.2837 -0.8567
vn 0.6988 -0.0071 -0.7153
vn -0.6998 -0.0007 -0.7143
vn 0.9143 0.4050 0.0034
vn -0.6694 -0.7428 -0.0104
vn -0.7016 0.3131 -0.6401
vn 0.7415 -0.3831 0.5508
vn -0.6961 -0.0067 -0.7179
vn 0.6727 -0.7398 0.0104
vn 0.6373 -0.7700 0.0292
vn -0.8727 0.4883 0.0047
vn 0.5791 -0.0082 0.8152
vn 0.7010 -0.0039 0.7131
vn 0.8712 -0.3110 0.3798
vn 0.3404 -0.2906 0.8942
vn -0.6369 -0.2727 0.7211
vn -0.7100 -0.0047 0.7042
vn -0.7233 -0.0053 0.6905
vn -0.7359 -0.3873 0.5554
vn -0.6754 -0.7374 0.0110
vn -0.6596 -0.7513 0.0194
vn -0.7152 -0.0688 -0.6956
vn -0.5688 -0.4424 -0.6933
vn 0.7013 -0.1423 -0.6985
vn 0.5474 -0.4589 -0.6999
vn 0.2154 -0.6839 -0.6971
vn -0.2573 -0.6665 -0.6997
vn 0.0021 -0.3638 -0.9315
vn 0.8815 -0.4655 -0.0793
vn 0.8730 -0.4790 -0.0918
vn 0.0429 0.9990 -0.0160
vn 0.1344 0.9902 0.0376
vn 0.5741 -0.8182 0.0306
vn 0.5090 0.8591 -0.0537
vn 0.3076 -0.9513 -0.0193
vn 0.2946 -0.9551 -0.0310
vn 0.6375 0.7692 0.0432
vn 0.9089 0.4170 0.0081
vn 0.9517 0.2955 -0.0828
vn 0.9975 0.0694 0.0139
vn 0.3853 0.4647 -0.7972
vn 0.6791 0.5829 -0.4461
vn -0.4735 0.1332 -0.8707
vn 0.5196 0.2411 -0.8197
vn -0.4938 0.4476 -0.7455
vn -0.7730 0.5124 -0.3741
vn 0.9405 0.0190 -0.3393
vn -0.2958 0.6787 -0.6722
vn -0.3007 0.7254 -0.6192
vn 0.0851 0.6106 -0.7874
vn 0.2100 0.8435 -0.4943
vn -0.0003 -0.0002 1.0000
vn 0.0000 -0.0001 1.0000
vn 0.0002 0.0001 1.0000
vn -0.0015 0.0001 1.0000
vn -0.0418 -0.0360 0.9985
vn -0.0057 -0.0224 0.9997
vn -0.0023 -0.0195 0.9998
vn 0.0665 0.0149 0.9977
vn -0.4831 -0.5632 -0.6704
vn -0.5432 -0.7170 -0.4369
vn -0.5466 -0.2202 -0.8079
vn -0.9770 -0.1932 -0.0903
vn 0.5603 -0.6808 -0.4717
vn 0.1733 -0.5522 -0.8155
vn 0.0399 -0.9451 -0.3244
vn -0.1252 -0.5263 -0.8410
vn -0.9616 0.2694 -0.0523
vn -0.7397 0.6707 0.0542
vn -0.3073 -0.9505 -0.0455
vn -0.2228 -0.9748 0.0134
vn -0.4904 0.8700 -0.0503
vn -0.3967 0.9179 0.0135
vn -0.6520 -0.7560 0.0578
vn -0.8745 -0.4798 -0.0705
vn -0.9278 -0.3726 0.0207
vn -0.9548 0.2965 -0.0230
vn -0.0000 -0.0000 -1.0000
vn 0.8691 -0.4768 -0.1314
vn 0.6814 -0.7297 0.0573
vn 0.6376 0.7692 0.0432
vn 0.9068 0.4214 0.0085
vn 0.9506 0.2952 -0.0956
vn 0.9895 -0.1395 0.0384
vn 0.3697 0.4457 -0.8153
vn -0.9627 0.0459 -0.2666
vn -0.5336 0.1500 -0.8323
vn 0.6228 0.2435 -0.7435
vn -0.6888 0.5868 -0.4257
vn -0.3595 0.8401 -0.4061
vn 0.0713 0.5072 -0.8588
vn 0.4362 0.8982 0.0548
vn -0.0003 -0.0001 1.0000
vn 0.0003 0.0001 1.0000
vn -0.2044 0.2929 0.9340
vn 0.0970 -0.0212 0.9951
vn 0.0007 -0.0002 1.0000
vn -0.0001 0.0002 1.0000
vn 0.2618 -0.0088 0.9651
vn -0.3163 -0.7757 -0.5461
vn -0.3803 -0.4445 -0.8111
vn -0.7461 -0.5168 -0.4199
vn -0.5038 -0.2030 -0.8396
vn 0.5497 -0.5075 -0.6635
vn 0.1725 -0.5495 -0.8175
vn 0.1149 -0.8999 -0.4207
vn -0.1377 -0.5819 -0.8015
vn -0.7877 0.6150 0.0375
vn -0.4897 0.8688 -0.0740
vn -0.3658 0.9306 0.0113
vn -0.9590 -0.2711 -0.0821
vn -0.9707 0.2394 0.0203
vn -0.3562 0.9340 -0.0258
vn -0.2114 0.9753 -0.0631
vn -0.5970 -0.8020 0.0208
vn -0.8966 0.4343 -0.0864
vn -0.8203 0.5694 0.0545
vn -0.0186 -0.9953 -0.0948
vn -0.3569 0.9178 -0.1741
vn -0.6077 -0.7896 -0.0856
vn -0.6940 -0.7195 0.0274
vn -0.9793 -0.1886 -0.0740
vn -0.9901 -0.1371 -0.0311
vn 0.9979 0.0517 0.0384
vn 0.9530 0.2626 -0.1509
vn 0.2413 -0.9672 -0.0789
vn 0.2029 -0.9790 -0.0191
vn 0.8043 0.5915 0.0565
vn 0.5881 0.7948 -0.1500
vn 0.2938 0.9545 0.0514
vn 0.0095 0.9890 -0.1474
vn 0.8421 -0.5393 -0.0059
vn 0.8765 -0.4673 -0.1155
vn -0.0076 -0.0073 0.9999
vn -0.0031 -0.0091 1.0000
vn -0.0109 -0.0023 0.9999
vn -0.0083 -0.0077 0.9999
vn -0.0073 0.0061 1.0000
vn -0.0070 0.0064 1.0000
vn 0.0142 -0.0073 0.9999
vn -0.0084 -0.0195 0.9998
vn 0.0148 0.0082 0.9999
vn 0.0084 -0.0071 0.9999
vn 0.0068 0.0058 1.0000
vn 0.0099 0.0090 0.9999
vn -0.9996 -0.0269 -0.0055
vn -0.9997 -0.0216 0.0124
vn -0.9999 -0.0100 0.0042
vn -0.9997 0.0062 0.0228
vn -0.9998 -0.0005 0.0181
vn 0.9998 -0.0181 0.0032
vn 0.9997 -0.0129 0.0196
vn 0.9998 0.0047 0.0217
vn 0.9999 -0.0019 0.0171
vn 0.9999 -0.0027 0.0132
vn 0.5751 -0.0065 0.8180
vn 0.5750 -0.0065 0.8181
vn 0.5749 0.0072 0.8182
vn 0.5759 0.0067 0.8175
vn -0.5750 -0.0065 0.8181
vn -0.5751 -0.0065 0.8180
vn -0.5761 0.0067 0.8174
vn -0.5748 0.0074 0.8183
vn 0.0025 0.9998 0.0188
vn 0.0076 0.9997 0.0224
vn -0.0074 0.9997 0.0222
vn -0.0028 0.9998 0.0189
vn 0.0000 0.9999 0.0137
vn 0.0080 -0.9999 0.0075
vn 0.0292 -0.9993 0.0220
vn 0.0412 -0.9989 -0.0223
vn -0.0114 -0.9997 0.0200
vn -0.0116 -0.9997 0.0194
vn 0.0398 0.0285 -0.9988
vn 0.0375 0.0283 -0.9989
vn -0.0362 -0.0000 -0.9993
vn -0.0192 -0.0334 -0.9993
vn 0.0111 -0.0172 -0.9998
vn -0.0002 0.0563 -0.9984
vn 0.0191 -0.0221 -0.9996
vn -0.0558 0.0001 -0.9984
vn -0.0456 0.0019 -0.9990
vn -0.0000 0.0573 -0.9984
vn 0.0004 0.0543 -0.9985
vn 0.0550 0.0002 -0.9985
vn 0.0453 0.0019 -0.9990
vn 0.0322 -0.0087 -0.9994
vn -0.0442 -0.0391 -0.9983
vn -0.0136 -0.0174 -0.9998
vn 0.0293 -0.0028 -0.9996
vn 0.0008 -0.0269 -0.9996
vn -0.0286 -0.0201 -0.9994
vn 0.0198 0.0576 -0.9981
vn -0.0496 -0.0203 -0.9986
vn 0.0198 0.0360 -0.9992
vn -0.0399 -0.0078 -0.9992
vn 0.0001 -0.0294 -0.9996
vn 0.0373 -0.0001 -0.9993
vn -0.0490 -0.0003 -0.9988
vn -0.0012 0.0541 -0.9985
vn -0.0168 0.0428 -0.9989
vn -0.0172 0.0409 -0.9990
vn -0.0421 0.0155 -0.9990
vn -0.0001 -0.0306 -0.9995
vn 0.0002 0.0012 -1.0000
vn -0.0013 0.0000 -1.0000
vn -0.0353 0.0168 -0.9992
vn 0.0365 -0.0415 -0.9985
vn -0.0381 0.0431 -0.9983
vn 0.0001 0.0561 -0.9984
vn 0.0014 -0.0003 -1.0000
vn 0.0321 -0.0223 -0.9992
vn -0.0318 -0.0012 -0.9995
vn 0.0195 -0.0465 -0.9987
vn 0.0484 -0.0179 -0.9987
vn -0.0027 -0.0234 -0.9997
vn 0.0082 -0.0377 -0.9993
vn -0.0013 -0.0014 -1.0000
vn -0.0003 0.0014 -1.0000
vn 0.0004 -0.0007 -1.0000
vn 0.0016 -0.0068 -1.0000
vn 0.0487 -0.0075 -0.9988
vn -0.0003 -0.0495 -0.9988
vn 0.0013 -0.0001 -1.0000
vn 0.0335 0.0027 -0.9994
vn -0.0093 -0.0260 -0.9996
vn -0.0166 -0.0456 -0.9988
vn -0.7972 -0.6037 0.0039
vn -0.8372 -0.5464 0.0247
vn -0.3908 -0.9202 0.0242
vn -0.3492 -0.9369 0.0141
vn 0.6208 -0.7836 0.0256
vn 0.5425 -0.8401 -0.0011
vn 0.9117 -0.4105 0.0162
vn 0.9116 -0.4107 0.0161
vn 0.9998 0.0003 -0.0203
vn 0.9998 0.0008 -0.0207
vn -0.0121 0.9995 -0.0286
vn 0.0045 0.9998 -0.0215
vn -0.3399 0.9401 -0.0257
vn -0.4087 0.9126 -0.0136
vn -0.6902 0.7226 -0.0392
vn -0.8504 0.5261 0.0020
vn -0.9351 0.3528 -0.0326
vn -0.9997 -0.0009 -0.0226
vn -0.9998 -0.0057 -0.0205
vn 0.0000 -0.9998 -0.0209
vn 0.0006 -0.9998 -0.0214
vn -0.0069 -0.0006 -1.0000
vn -0.0000 -0.0036 -1.0000
vn 0.0025 0.0009 -1.0000
vn 0.0030 -0.0001 -1.0000
vn -0.0000 -0.9998 -0.0214
vn 0.0001 -0.9998 -0.0215
vn 0.9997 -0.0020 -0.0225
vn 0.9998 -0.0071 -0.0203
vn 0.8812 0.4713 -0.0364
vn 0.9005 0.4342 -0.0235
vn 0.3985 0.9168 -0.0267
vn 0.4344 0.9006 -0.0165
vn -0.0019 0.9998 -0.0210
vn -0.0031 0.9998 -0.0205
vn -0.9998 0.0001 -0.0207
vn -0.9998 -0.0006 -0.0201
vn -0.0001 -0.0053 -1.0000
vn -0.0054 -0.0001 -1.0000
vn 0.0104 -0.0001 -0.9999
vn -0.0002 0.0104 -0.9999
vn -0.6565 0.7536 -0.0331
vn -0.6075 0.7943 -0.0119
vn -0.9990 0.0423 -0.0161
vn -0.9987 0.0472 -0.0190
vn -0.0045 -0.9998 -0.0215
vn 0.0121 -0.9995 -0.0286
vn 0.3397 -0.9402 -0.0257
vn 0.4085 -0.9127 -0.0136
vn 0.6902 -0.7226 -0.0393
vn 0.8505 -0.5259 0.0020
vn 0.9351 -0.3528 -0.0326
vn 0.9998 0.0058 -0.0206
vn 0.9997 0.0010 -0.0226
vn -0.0238 0.9994 -0.0259
vn -0.0141 0.9997 -0.0210
vn -0.0031 -0.0026 -1.0000
vn -0.0019 -0.0018 -1.0000
vn -0.0005 0.0012 -1.0000
vn 0.0055 0.0049 -1.0000
vn 0.9140 0.4033 -0.0441
vn 0.5443 0.8380 -0.0385
vn 0.7085 0.7057 0.0073
vn 0.0297 0.9994 -0.0202
vn 0.0158 0.9998 -0.0124
vn -0.9998 0.0045 -0.0209
vn -0.9995 -0.0135 -0.0286
vn -0.9401 -0.3399 -0.0257
vn -0.9127 -0.4085 -0.0136
vn -0.7226 -0.6902 -0.0393
vn -0.5259 -0.8505 0.0020
vn -0.3529 -0.9351 -0.0326
vn 0.0021 -0.9997 -0.0226
vn 0.0057 -0.9998 -0.0210
vn 1.0000 0.0061 -0.0075
vn 0.9994 0.0289 -0.0202
vn -0.0013 0.0028 -1.0000
vn -0.0015 0.0031 -1.0000
vn 0.0049 -0.0055 -1.0000
vn 0.0008 -0.0020 -1.0000
vn 0.0075 -0.0111 -0.9999
vn -0.0107 0.0062 -0.9999
vn -0.0023 -0.0066 -1.0000
vn -0.0080 -0.0032 -1.0000
vn 0.0021 0.0130 -0.9999
vn -0.0083 -0.0035 -1.0000
vn 0.0050 0.0120 -0.9999
vn -0.0031 -0.0074 -1.0000
vn -0.0108 0.0117 -0.9999
vn 0.0152 -0.0065 -0.9999
vn -0.0115 0.0069 -0.9999
vn -0.0218 0.0132 -0.9997
vn -0.0049 0.0094 -0.9999
vn 0.0040 0.0106 -0.9999
vn -0.0113 0.0327 -0.9994
vn 0.0092 -0.0160 -0.9998
vn 0.0349 0.0047 -0.9994
vn -0.0182 -0.0004 -0.9998
vn -0.0004 0.0137 -0.9999
vn -0.9743 -0.2234 -0.0273
vn -0.9558 -0.2738 -0.1073
vn -0.3331 0.9378 0.0975
vn -0.5196 -0.8542 0.0181
vn -0.6077 0.7783 -0.1577
vn -0.4544 -0.8865 -0.0875
vn -0.9131 0.4069 0.0274
vn -0.8992 0.4369 -0.0217
vn 0.7316 -0.6674 -0.1390
vn -0.0204 0.9967 0.0785
vn 0.7062 -0.7021 -0.0908
vn 0.3489 0.9270 -0.1380
vn 0.1099 -0.9934 0.0325
vn 0.6971 0.7129 0.0761
vn 0.9202 0.3257 -0.2171
vn 0.9950 -0.0281 0.0954
vn 0.9590 0.2711 -0.0821
vn 0.9707 -0.2394 0.0203
vn 0.3562 -0.9340 -0.0258
vn 0.2114 -0.9754 -0.0631
vn 0.5970 0.8020 0.0208
vn -0.2476 -0.0521 -0.9675
vn 0.2216 -0.2109 -0.9521
vn -0.0022 -0.1895 -0.9819
vn -0.0362 0.0946 -0.9949
vn 0.0397 0.0532 -0.9978
vn -0.1493 0.0380 -0.9881
vn -0.0574 0.0264 -0.9980
vn -0.0395 0.0994 -0.9943
vn -0.0677 -0.0811 -0.9944
vn -0.0516 -0.0692 -0.9963
vn 0.5419 0.1955 -0.8174
vn 0.0532 0.1429 -0.9883
vn 0.0429 -0.0118 -0.9990
vn 0.0304 -0.0753 -0.9967
vn -0.0003 0.0002 -1.0000
vn 0.0065 -0.5759 0.8175
vn 0.0084 -0.5724 0.8199
vn 0.0077 0.5727 0.8197
vn 0.0065 0.5750 0.8181
vn -0.0076 0.5743 0.8186
vn -0.0071 0.5754 0.8178
vn -0.0071 -0.5761 0.8173
vn -0.0081 -0.5740 0.8188
vn 0.9590 -0.2711 0.0821
vn 0.9707 0.2394 -0.0203
vn 0.3562 0.9340 0.0258
vn 0.2114 0.9753 0.0631
vn 0.5970 -0.8020 -0.0208
vn 0.8966 0.4343 0.0864
vn 0.8203 0.5694 -0.0545
vn 0.0186 -0.9953 0.0948
vn 0.3569 0.9178 0.1741
vn 0.6077 -0.7896 0.0856
vn 0.6940 -0.7195 -0.0274
vn 0.9793 -0.1886 0.0740
vn 0.9901 -0.1371 0.0311
vn -0.9979 0.0517 -0.0384
vn -0.9530 0.2626 0.1509
vn -0.2413 -0.9672 0.0789
vn -0.2029 -0.9790 0.0191
vn -0.8043 0.5915 -0.0565
vn -0.5881 0.7948 0.1500
vn -0.2938 0.9545 -0.0514
vn -0.0095 0.9890 0.1474
vn -0.8421 -0.5393 0.0059
vn -0.8765 -0.4673 0.1155
vn 0.0076 -0.0073 -0.9999
vn 0.0031 -0.0091 -1.0000
vn 0.0109 -0.0023 -0.9999
vn 0.0083 -0.0077 -0.9999
vn 0.0073 0.0061 -1.0000
vn 0.0070 0.0064 -1.0000
vn -0.0142 -0.0073 -0.9999
vn 0.0084 -0.0195 -0.9998
vn -0.0148 0.0082 -0.9999
vn -0.0084 -0.0071 -0.9999
vn -0.0068 0.0058 -1.0000
vn -0.0099 0.0090 -0.9999
vn 0.9996 -0.0269 0.0055
vn 0.9997 -0.0216 -0.0124
vn 0.9999 -0.0100 -0.0042
vn 0.9997 0.0062 -0.0228
vn 0.9998 -0.0005 -0.0181
vn -0.9998 -0.0181 -0.0032
vn -0.9997 -0.0129 -0.0196
vn -0.9998 0.0047 -0.0217
vn -0.9999 -0.0019 -0.0171
vn -0.9999 -0.0027 -0.0132
vn -0.5751 -0.0065 -0.8180
vn -0.5750 -0.0065 -0.8181
vn -0.5749 0.0072 -0.8182
vn -0.5759 0.0067 -0.8175
vn 0.5750 -0.0065 -0.8181
vn 0.5751 -0.0065 -0.8180
vn 0.5761 0.0067 -0.8174
vn 0.5748 0.0074 -0.8183
vn -0.0025 0.9998 -0.0188
vn -0.0076 0.9997 -0.0224
vn 0.0074 0.9997 -0.0222
vn 0.0028 0.9998 -0.0189
vn -0.0000 0.9999 -0.0137
vn -0.0080 -0.9999 -0.0075
vn -0.0292 -0.9993 -0.0220
vn -0.0412 -0.9989 0.0223
vn 0.0114 -0.9997 -0.0201
vn 0.0116 -0.9997 -0.0194
vn -0.0398 0.0285 0.9988
vn -0.0375 0.0283 0.9989
vn 0.0362 -0.0000 0.9993
vn 0.0192 -0.0334 0.9993
vn -0.0111 -0.0172 0.9998
vn 0.0002 0.0563 0.9984
vn -0.0191 -0.0221 0.9996
vn 0.0558 0.0001 0.9984
vn 0.0456 0.0019 0.9990
vn 0.0000 0.0573 0.9984
vn -0.0004 0.0543 0.9985
vn -0.0550 0.0002 0.9985
vn -0.0453 0.0019 0.9990
vn -0.0322 -0.0087 0.9994
vn 0.0442 -0.0391 0.9983
vn 0.0136 -0.0174 0.9998
vn -0.0293 -0.0028 0.9996
vn -0.0008 -0.0269 0.9996
vn 0.0286 -0.0201 0.9994
vn -0.0198 0.0576 0.9981
vn 0.0496 -0.0203 0.9986
vn -0.0198 0.0360 0.9992
vn 0.0399 -0.0078 0.9992
vn -0.0001 -0.0294 0.9996
vn -0.0373 -0.0001 0.9993
vn 0.0490 -0.0003 0.9988
vn 0.0012 0.0541 0.9985
vn 0.0168 0.0428 0.9989
vn 0.0172 0.0409 0.9990
vn 0.0421 0.0155 0.9990
vn 0.0001 -0.0306 0.9995
vn -0.0002 0.0012 1.0000
vn 0.0013 0.0000 1.0000
vn 0.0353 0.0168 0.9992
vn -0.0365 -0.0415 0.9985
vn 0.0381 0.0431 0.9983
vn -0.0001 0.0561 0.9984
vn -0.0014 -0.0003 1.0000
vn -0.0321 -0.0223 0.9992
vn 0.0318 -0.0012 0.9995
vn -0.0195 -0.0465 0.9987
vn -0.0484 -0.0179 0.9987
vn 0.0027 -0.0234 0.9997
vn -0.0082 -0.0377 0.9993
vn 0.0013 -0.0014 1.0000
vn 0.0003 0.0014 1.0000
vn -0.0004 -0.0007 1.0000
vn -0.0016 -0.0068 1.0000
vn -0.0487 -0.0075 0.9988
vn 0.0003 -0.0495 0.9988
vn -0.0013 -0.0001 1.0000
vn -0.0335 0.0027 0.9994
vn 0.0093 -0.0260 0.9996
vn 0.0166 -0.0456 0.9988
vn 0.7972 -0.6037 -0.0039
vn 0.8372 -0.5464 -0.0247
vn 0.3908 -0.9202 -0.0242
vn 0.3492 -0.9369 -0.0141
vn -0.6208 -0.7836 -0.0256
vn -0.5425 -0.8401 0.0011
vn -0.9117 -0.4105 -0.0162
vn -0.9116 -0.4107 -0.0161
vn -0.9998 0.0003 0.0203
vn -0.9998 0.0008 0.0207
vn 0.0121 0.9995 0.0286
vn -0.0045 0.9998 0.0215
vn 0.3399 0.9401 0.0257
vn 0.4087 0.9126 0.0136
vn 0.6902 0.7226 0.0392
vn 0.8504 0.5261 -0.0020
vn 0.9351 0.3528 0.0326
vn 0.9997 -0.0009 0.0226
vn 0.9998 -0.0057 0.0205
vn -0.0000 -0.9998 0.0209
vn -0.0006 -0.9998 0.0214
vn 0.0069 -0.0006 1.0000
vn 0.0000 -0.0036 1.0000
vn -0.0025 0.0009 1.0000
vn -0.0030 -0.0001 1.0000
vn 0.0000 -0.9998 0.0214
vn -0.0001 -0.9998 0.0215
vn -0.9997 -0.0020 0.0225
vn -0.9998 -0.0071 0.0203
vn -0.8812 0.4713 0.0364
vn -0.9005 0.4342 0.0235
vn -0.3985 0.9168 0.0267
vn -0.4344 0.9006 0.0165
vn 0.0019 0.9998 0.0210
vn 0.0031 0.9998 0.0205
vn 0.9998 0.0001 0.0207
vn 0.9998 -0.0006 0.0201
vn 0.0001 -0.0053 1.0000
vn 0.0054 -0.0001 1.0000
vn -0.0104 -0.0001 0.9999
vn 0.0002 0.0104 0.9999
vn 0.6565 0.7536 0.0331
vn 0.6075 0.7942 0.0119
vn 0.9990 0.0423 0.0161
vn 0.9987 0.0472 0.0190
vn 0.0045 -0.9998 0.0215
vn -0.0121 -0.9995 0.0286
vn -0.3397 -0.9402 0.0257
vn -0.4085 -0.9127 0.0136
vn -0.6902 -0.7226 0.0393
vn -0.8505 -0.5259 -0.0020
vn -0.9351 -0.3528 0.0326
vn -0.9998 0.0058 0.0206
vn -0.9997 0.0010 0.0226
vn 0.0238 0.9994 0.0259
vn 0.0141 0.9997 0.0210
vn 0.0031 -0.0026 1.0000
vn 0.0019 -0.0018 1.0000
vn 0.0005 0.0012 1.0000
vn -0.0055 0.0049 1.0000
vn -0.9140 0.4033 0.0441
vn -0.5443 0.8380 0.0385
vn -0.7085 0.7057 -0.0073
vn -0.0297 0.9994 0.0202
vn -0.0158 0.9998 0.0124
vn 0.9998 0.0045 0.0209
vn 0.9995 -0.0135 0.0286
vn 0.9401 -0.3399 0.0257
vn 0.9127 -0.4085 0.0136
vn 0.7226 -0.6902 0.0393
vn 0.5259 -0.8505 -0.0020
vn 0.3529 -0.9351 0.0326
vn -0.0021 -0.9997 0.0226
vn -0.0057 -0.9998 0.0210
vn -1.0000 0.0061 0.0075
vn -0.9994 0.0289 0.0202
vn 0.0013 0.0028 1.0000
vn 0.0015 0.0031 1.0000
vn -0.0049 -0.0055 1.0000
vn -0.0008 -0.0020 1.0000
vn -0.0075 -0.0111 0.9999
vn 0.0107 0.0062 0.9999
vn 0.0023 -0.0066 1.0000
vn 0.0080 -0.0032 1.0000
vn -0.0021 0.0130 0.9999
vn 0.0083 -0.0035 1.0000
vn -0.0050 0.0120 0.9999
vn 0.0031 -0.0074 1.0000
vn 0.0108 0.0117 0.9999
vn -0.0152 -0.0065 0.9999
vn 0.0115 0.0069 0.9999
vn 0.0218 0.0132 0.9997
vn 0.0049 0.0094 0.9999
vn -0.0040 0.0106 0.9999
vn 0.0113 0.0327 0.9994
vn -0.0092 -0.0160 0.9998
vn -0.0349 0.0047 0.9994
vn 0.0182 -0.0004 0.9998
vn 0.0004 0.0137 0.9999
vn 0.9743 -0.2234 0.0273
vn 0.9558 -0.2738 0.1073
vn 0.3331 0.9378 -0.0975
vn 0.5196 -0.8542 -0.0181
vn 0.6077 0.7783 0.1577
vn 0.4544 -0.8865 0.0875
vn 0.9131 0.4069 -0.0274
vn 0.8992 0.4369 0.0217
vn -0.7316 -0.6674 0.1390
vn 0.0204 0.9967 -0.0785
vn -0.7062 -0.7021 0.0908
vn -0.3489 0.9270 0.1380
vn -0.1099 -0.9934 -0.0325
vn -0.6971 0.7129 -0.0761
vn -0.9202 0.3257 0.2171
vn -0.9950 -0.0281 -0.0954
vn -0.9590 0.2711 0.0821
vn -0.9707 -0.2394 -0.0203
vn -0.3562 -0.9340 0.0258
vn -0.2114 -0.9754 0.0631
vn -0.5970 0.8020 -0.0208
vn 0.2476 -0.0521 0.9675
vn -0.2216 -0.2108 0.9521
vn 0.0022 -0.1895 0.9819
vn 0.0362 0.0946 0.9949
vn -0.0397 0.0532 0.9978
vn 0.1493 0.0380 0.9881
vn 0.0574 0.0264 0.9980
vn 0.0395 0.0994 0.9943
vn 0.0677 -0.0811 0.9944
vn 0.0516 -0.0692 0.9963
vn -0.5419 0.1955 0.8174
vn -0.0532 0.1429 0.9883
vn -0.0429 -0.0118 0.9990
vn -0.0304 -0.0753 0.9967
vn 0.0003 0.0002 1.0000
vn -0.0065 -0.5759 -0.8175
vn -0.0084 -0.5724 -0.8199
vn -0.0077 0.5727 -0.8197
vn -0.0065 0.5750 -0.8181
vn 0.0076 0.5743 -0.8186
vn 0.0071 0.5754 -0.8178
vn 0.0071 -0.5761 -0.8173
vn 0.0081 -0.5740 -0.8188
vn -1.0000 -0.0000 0.0000
vn -0.0175 -0.9998 0.0000
vn -0.0310 -0.9995 -0.0031
vn -0.0313 -0.9995 -0.0032
vn 0.0185 -0.0001 0.9998
vn 0.0186 -0.0000 0.9998
vn -0.8151 0.3238 -0.4804
vn -0.6262 0.2053 -0.7521
vn -0.1919 0.1842 -0.9640
vn -0.6639 0.1848 -0.7247
vn -0.6869 0.3846 -0.6166
vn -0.4232 0.2095 -0.8815
vn -0.4229 0.2097 -0.8816
vn -0.2194 0.5410 -0.8119
vn -0.2478 0.5255 -0.8139
vn -0.8642 0.3117 -0.3951
vn -0.0949 0.2337 -0.9677
vn -0.5659 0.5089 -0.6487
vn -0.2055 0.3092 -0.9285
vn -0.7525 0.1101 -0.6493
vn -0.9564 0.0583 -0.2864
vn -0.9772 0.0862 -0.1941
vn -0.7479 0.2449 -0.6170
vn -0.5991 0.5119 -0.6157
vn -0.8182 0.2109 -0.5349
vn -0.8122 0.0747 -0.5786
vn -0.1986 0.6993 -0.6866
vn -0.2327 0.3843 -0.8934
vn -0.4253 0.2525 -0.8691
vn -0.5564 -0.3452 0.7558
vn -0.1450 0.6688 -0.7291
vn -0.3054 0.1808 -0.9349
vn -0.0298 0.3757 -0.9263
vn -0.9989 0.0265 -0.0398
vn -0.9395 0.0866 -0.3313
vn -0.8760 0.2112 -0.4336
vn -0.6531 0.0729 -0.7538
vn -0.9472 0.1636 -0.2757
vn -0.0640 0.1048 -0.9924
vn -0.9750 0.1254 -0.1832
vn -0.6043 0.3757 -0.7026
vn -0.3823 0.1315 -0.9146
vn -0.9330 0.0913 -0.3480
vn -0.8877 0.1257 -0.4429
vn -0.9992 -0.0097 -0.0391
vn -0.9987 0.0012 -0.0517
vn -0.9994 -0.0003 -0.0335
vn -0.9986 0.0069 -0.0533
vn -1.0000 -0.0036 0.0090
vn -0.9991 -0.0246 -0.0356
vn -0.9997 0.0112 -0.0238
vn -0.9995 -0.0215 -0.0252
vn -0.9950 0.0511 -0.0856
vn -0.9996 -0.0100 -0.0279
vn -0.1732 0.6407 -0.7480
vn -0.1039 0.5390 -0.8359
vn -0.9995 -0.0314 0.0011
vn -0.9983 0.0581 0.0000
vn -0.9984 0.0558 0.0017
vn -0.9897 0.1428 0.0102
vn -0.9987 0.0505 0.0002
vn -0.9992 0.0411 -0.0001
vn -0.9999 0.0111 0.0000
vn -0.9873 -0.1588 -0.0006
vn -0.9872 -0.1595 0.0000
vn -0.8267 -0.5627 0.0026
vn -0.8165 -0.5774 0.0007
vn -0.5227 -0.8525 -0.0051
vn -0.4111 -0.9116 0.0068
vn 0.0175 -0.9998 -0.0008
vn 0.0181 -0.9998 -0.0006
vn 0.0177 -0.9998 -0.0007
vn 0.0189 -0.9998 0.0021
vn 0.0173 -0.9999 -0.0009
vn 0.0174 -0.9998 -0.0012
vn 0.0177 -0.9998 0.0007
vn 0.0188 -0.9998 0.0021
vn 0.0175 -0.9998 0.0010
vn 0.0183 -0.9998 0.0008
vn 0.0418 -0.9991 -0.0110
vn 0.0194 -0.9998 0.0006
vn 0.0236 -0.9997 -0.0000
vn 0.0234 -0.9997 -0.0000
vn 0.0175 0.9998 0.0000
vn 0.0174 0.9998 -0.0000
vn 0.0172 0.9999 0.0000
vn 0.0212 0.9998 -0.0018
vn 0.0216 0.9998 -0.0004
vn 0.0198 0.9998 -0.0010
vn 0.0175 0.9998 0.0006
vn 0.0177 0.9998 0.0009
vn 0.0174 0.9998 0.0004
vn 0.0178 0.9998 0.0006
vn 0.0192 0.9997 0.0116
vn 0.0193 0.9998 0.0042
vn 0.0223 0.9996 -0.0154
vn 0.0247 0.9996 -0.0108
vn 0.0211 0.0209 -0.9996
vn 0.0205 0.1258 -0.9918
vn 0.0181 0.1308 -0.9912
vn 0.0206 0.0051 -0.9998
vn 0.0152 0.0470 -0.9988
vn 0.0244 0.0677 -0.9974
vn 0.0167 0.1699 -0.9853
vn 0.0195 0.2014 -0.9793
vn 0.0198 0.1621 -0.9866
vn 0.0165 0.1686 -0.9855
vn 0.0205 0.1977 -0.9800
vn 0.0227 0.0843 -0.9962
vn 0.0181 0.2098 -0.9776
vn 0.0180 0.0927 -0.9955
vn 0.0210 0.1888 -0.9818
vn 0.0183 0.0000 -0.9998
vn 0.0222 0.1918 -0.9812
vn 0.1299 -0.6323 -0.7638
vn 0.7129 -0.4415 -0.5449
vn 0.8068 -0.3399 -0.4832
vn 0.8485 -0.3349 -0.4097
vn 0.8089 -0.3620 -0.4633
vn 0.8475 -0.3353 -0.4114
vn 0.8290 -0.3055 -0.4685
vn 0.8924 -0.2397 -0.3823
vn 0.9331 -0.2473 -0.2610
vn 0.9085 -0.2430 -0.3400
vn 0.9203 -0.1624 -0.3558
vn 0.9292 -0.2488 -0.2733
vn 0.9501 -0.2677 -0.1601
vn 0.9931 0.0185 -0.1159
vn 0.9861 0.0260 -0.1640
vn 0.9917 0.0214 -0.1269
vn 0.9833 0.0310 -0.1791
vn 0.9533 -0.2196 -0.2074
vn 0.9833 0.0402 -0.1772
vn 0.9848 0.0373 -0.1694
vn 0.9898 0.0337 -0.1382
vn 0.9929 0.0350 -0.1139
vn 0.9860 0.0573 -0.1565
vn 0.9848 0.0639 -0.1614
vn 0.9580 -0.2607 -0.1194
vn 0.2097 -0.5957 -0.7753
vn 0.1623 -0.6771 -0.7178
vn 0.9918 0.0430 -0.1204
vn 0.9858 0.0776 -0.1489
vn 0.1653 -0.6710 -0.7228
vn 0.9354 -0.2138 -0.2815
vn 0.9711 -0.2213 -0.0897
vn 0.9886 0.0882 -0.1223
vn 0.9718 -0.1767 -0.1561
vn 0.9886 0.0908 -0.1199
vn 0.2878 -0.6160 -0.7332
vn 0.9899 0.1011 -0.0990
vn 0.9658 -0.1355 -0.2212
vn 0.9665 -0.1142 -0.2297
vn 0.1905 -0.6825 -0.7057
vn 0.9874 0.1305 -0.0897
vn 0.2874 -0.6165 -0.7330
vn 0.2823 -0.6453 -0.7099
vn 0.9899 0.1315 -0.0539
vn 0.9885 0.1366 -0.0643
vn 0.9884 0.1368 -0.0655
vn 0.2921 -0.6228 -0.7258
vn 0.9928 0.0866 -0.0830
vn 0.9902 0.1153 -0.0783
vn 0.9864 0.1614 -0.0324
vn 0.9821 -0.1575 -0.1036
vn 0.3766 -0.6409 -0.6689
vn 0.4226 -0.5864 -0.6911
vn 0.9789 -0.0567 -0.1963
vn 0.9839 -0.0866 -0.1561
vn 0.9866 -0.1082 -0.1222
vn 0.9764 -0.0373 -0.2125
vn 0.4699 -0.5954 -0.6517
vn 0.4787 -0.5754 -0.6631
vn 0.9784 -0.2057 -0.0201
vn 0.9893 -0.1258 -0.0740
vn 0.0188 -0.7383 -0.6742
vn 0.0168 -0.5956 -0.8031
vn 0.0343 -0.6833 -0.7293
vn 0.5602 -0.5287 -0.6377
vn 0.6378 -0.5535 -0.5356
vn 0.6860 -0.4722 -0.5536
vn 0.0456 -0.6457 -0.7623
vn 0.0161 -0.8092 -0.5873
vn 0.9922 -0.0417 -0.1175
vn 0.0472 -0.6689 -0.7419
vn 0.0352 -0.7567 -0.6528
vn 0.9919 -0.0929 -0.0862
vn 0.8197 -0.4207 -0.3887
vn 0.9795 0.0143 -0.2009
vn 0.8167 -0.4213 -0.3944
vn 0.9954 -0.0207 -0.0930
vn 0.0498 -0.7445 -0.6658
vn 0.0697 -0.6893 -0.7211
vn 0.9927 -0.1177 -0.0278
vn 0.9835 -0.1807 0.0103
vn 0.0874 -0.6017 -0.7939
vn 0.9840 -0.1781 0.0041
vn 0.8882 -0.3567 -0.2896
vn 0.4204 -0.5659 -0.7092
vn 0.1253 -0.6526 -0.7473
vn 0.8971 -0.3570 -0.2602
vn 0.4033 -0.5755 -0.7115
vn 0.0697 -0.7154 -0.6952
vn 0.4921 -0.5363 -0.6857
vn 0.5377 -0.5215 -0.6625
vn 0.6384 -0.4645 -0.6138
vn 0.7027 -0.4897 -0.5162
vn 0.6720 -0.4257 -0.6060
vn 0.9970 -0.0002 -0.0768
vn 0.9568 -0.1087 -0.2696
vn 0.9977 0.0009 -0.0674
vn 0.9917 -0.0218 -0.1264
vn 0.9570 -0.0953 -0.2738
vn 0.9999 0.0140 0.0001
vn 0.9999 0.0157 -0.0053
vn 0.9980 -0.0049 -0.0624
vn 0.9988 -0.0037 -0.0488
vn 0.9997 0.0129 -0.0212
vn 0.9969 -0.0022 -0.0784
vn 0.9999 0.0129 0.0089
vn 0.9983 -0.0206 -0.0543
vn 0.9999 0.0153 0.0001
vn 0.9861 -0.0730 -0.1493
vn 0.9148 -0.1965 -0.3528
vn 0.9888 -0.0661 -0.1340
vn 0.9022 -0.2114 -0.3759
vn 0.9999 -0.0006 0.0108
vn 0.9963 -0.0114 -0.0848
vn 0.9993 -0.0113 -0.0360
vn 0.9996 0.0081 -0.0275
vn 0.9111 -0.1755 -0.3729
vn 0.9211 -0.1660 -0.3521
vn 0.9067 -0.1691 -0.3865
vn 0.9995 0.0138 -0.0280
vn 0.9999 0.0026 0.0118
vn 0.8948 -0.2162 -0.3907
vn 0.8902 -0.2240 -0.3967
vn 0.9905 -0.0266 -0.1349
vn 0.9999 0.0139 -0.0025
vn 0.9130 -0.1572 -0.3766
vn 0.8952 -0.2002 -0.3983
vn 0.9999 0.0173 0.0000
vn 0.9584 -0.0938 -0.2697
vn 0.9999 0.0162 0.0034
vn 0.9369 -0.1677 -0.3067
vn 0.9211 -0.1915 -0.3389
vn 0.9685 -0.1166 -0.2202
vn 0.9987 0.0467 -0.0204
vn 0.9998 0.0182 -0.0001
vn 0.9997 0.0077 -0.0216
vn 0.9718 -0.0850 -0.2198
vn 0.9092 -0.1765 -0.3772
vn 0.9600 -0.1345 -0.2454
vn 0.9876 0.1571 -0.0006
vn 0.9868 0.1617 -0.0012
vn 0.9795 -0.1786 -0.0928
vn 0.9046 -0.4081 -0.1229
vn 0.9866 -0.0962 -0.1319
vn 0.8577 -0.3487 -0.3779
vn 0.8124 -0.4725 -0.3417
vn 0.8183 -0.5550 -0.1496
vn 0.8397 -0.3921 -0.3758
vn 0.8474 -0.4825 -0.2216
vn 1.0000 0.0042 0.0088
vn 0.7843 -0.5993 -0.1602
vn 0.8281 -0.5037 -0.2460
vn 0.8257 -0.4857 -0.2869
vn 0.9998 0.0062 0.0177
vn 0.8386 -0.4438 -0.3159
vn 0.6804 -0.7318 -0.0393
vn 0.7290 -0.6658 -0.1591
vn 0.9619 -0.2645 -0.0688
vn 0.8204 -0.4568 -0.3439
vn 0.9988 -0.0443 0.0209
vn 0.9984 -0.0564 0.0006
vn 0.9710 -0.1552 -0.1816
vn 0.9436 -0.2675 -0.1948
vn 0.8868 -0.4510 -0.1010
vn 0.9388 -0.1686 -0.3004
vn 0.8894 -0.3874 -0.2427
vn 0.8566 -0.5159 -0.0076
vn 0.9453 -0.0699 -0.3185
vn 0.8887 -0.3846 -0.2496
vn 1.0000 0.0016 0.0095
vn 0.8524 -0.3978 -0.3394
vn 0.8429 -0.5379 -0.0164
vn 0.8523 -0.4964 -0.1651
vn 0.7959 -0.5937 -0.1187
vn 0.7353 -0.6773 -0.0255
vn 0.7977 -0.5991 -0.0691
vn 0.8366 -0.3547 -0.4175
vn 0.8175 -0.1027 -0.5667
vn 0.8238 -0.4147 -0.3864
vn 0.7783 -0.5371 -0.3251
vn 0.7918 -0.5596 -0.2447
vn 0.9459 0.0279 -0.3231
vn 0.9905 0.0137 -0.1365
vn 0.7412 -0.6650 -0.0917
vn 0.6979 -0.7120 -0.0776
vn 0.7386 -0.4780 -0.4754
vn 0.6840 -0.4525 -0.5722
vn 0.7206 -0.5945 -0.3569
vn 0.6285 -0.4841 -0.6088
vn 0.7666 -0.6421 0.0022
vn 0.5449 0.0885 -0.8338
vn 0.6348 -0.6177 -0.4642
vn 0.6435 -0.4990 -0.5804
vn 0.6533 -0.7092 -0.2649
vn 0.9997 0.0221 0.0041
vn 0.7691 -0.6392 -0.0028
vn 0.6860 -0.7276 0.0019
vn 0.4501 -0.1444 -0.8812
vn 0.6316 -0.7085 -0.3149
vn 0.5989 -0.7861 -0.1531
vn 0.6167 -0.6948 -0.3699
vn 0.7649 -0.6442 0.0024
vn 0.9997 0.0032 0.0234
vn 0.9996 -0.0249 0.0124
vn 0.8140 -0.5809 0.0035
vn 0.7458 -0.6576 -0.1067
vn 0.6641 -0.7472 0.0252
vn 0.8866 -0.3563 -0.2949
vn 0.9072 -0.2927 -0.3021
vn 0.6171 -0.7858 0.0405
vn 0.9993 -0.0183 0.0339
vn 0.9996 -0.0128 0.0254
vn 0.8710 -0.3367 -0.3576
vn 0.7593 -0.6077 -0.2329
vn 0.9993 -0.0058 0.0359
vn 0.9988 -0.0144 0.0465
vn 0.9987 -0.0501 -0.0002
vn 0.8154 -0.2970 -0.4969
vn 0.8346 -0.5508 0.0020
vn 0.7049 -0.6365 -0.3132
vn 0.9991 -0.0297 0.0287
vn 0.5931 -0.5859 -0.5523
vn 0.7851 -0.5421 -0.2996
vn 0.8698 -0.2932 -0.3968
vn 0.9983 -0.0578 0.0007
vn 0.5904 -0.8036 -0.0756
vn 0.5913 -0.8034 -0.0703
vn 0.9985 -0.0554 0.0002
vn 0.9989 -0.0475 -0.0000
vn 0.9903 -0.1390 -0.0014
vn 0.9683 -0.2485 -0.0246
vn 0.9706 -0.2307 -0.0689
vn 0.9158 -0.3988 -0.0482
vn 0.9700 -0.0718 -0.2324
vn 0.9751 -0.1185 -0.1877
vn 0.9765 -0.0270 -0.2139
vn 0.9180 -0.0490 -0.3936
vn 0.9227 -0.1696 -0.3463
vn 0.9709 -0.0096 -0.2392
vn 0.9688 -0.2433 -0.0473
vn 0.8962 -0.0988 -0.4325
vn 0.8058 -0.5902 -0.0483
vn 0.9992 -0.0321 -0.0252
vn 0.9414 0.0241 -0.3363
vn 0.9899 -0.1223 -0.0724
vn 0.9635 -0.2595 -0.0663
vn 0.6854 -0.2099 -0.6973
vn 0.8752 0.0554 -0.4806
vn 0.8550 0.0372 -0.5172
vn 0.7410 -0.6474 -0.1784
vn 0.7391 -0.6454 -0.1928
vn 0.7904 0.0689 -0.6087
vn 0.6688 -0.7369 -0.0986
vn 0.6569 0.0478 -0.7525
vn 0.7175 -0.0336 -0.6958
vn 0.7034 -0.6841 -0.1931
vn 0.8109 -0.1171 -0.5733
vn 0.6946 0.1116 -0.7107
vn 0.6898 -0.3964 -0.6058
vn 0.6365 -0.7667 -0.0836
vn 0.9998 -0.0106 0.0181
vn 0.6601 -0.6977 -0.2785
vn 0.7228 -0.2261 -0.6531
vn 0.6632 -0.7308 -0.1613
vn 0.5867 -0.3108 -0.7478
vn 0.5059 -0.0853 -0.8583
vn 0.5996 -0.8003 -0.0066
vn 0.5821 -0.0147 -0.8130
vn 0.5272 -0.3537 -0.7726
vn 0.6574 -0.3479 -0.6684
vn 0.6616 -0.1840 -0.7269
vn 0.9605 -0.2782 -0.0002
vn 0.9503 -0.3112 0.0003
vn 0.6708 -0.7408 -0.0351
vn 0.5911 -0.2502 -0.7668
vn 0.5876 -0.7783 -0.2212
vn 0.6688 -0.7432 0.0172
vn 0.6969 -0.7172 0.0035
vn 0.8946 -0.4469 0.0004
vn 0.7073 -0.7069 0.0097
vn 0.5437 -0.1213 -0.8305
vn 0.6261 -0.7795 0.0171
vn 0.6351 -0.7669 -0.0926
vn 0.7929 -0.6094 0.0060
vn 0.4467 0.1451 -0.8828
vn 0.9993 -0.0111 0.0367
vn 0.9995 -0.0145 0.0287
vn 0.9712 -0.1836 -0.1517
vn 0.8262 -0.5533 -0.1065
vn 0.5467 -0.3776 -0.7474
vn 0.7161 -0.6978 0.0141
vn 0.9028 -0.3828 -0.1957
vn 0.8819 -0.4149 -0.2238
vn 0.7367 -0.6754 -0.0331
vn 0.9525 -0.2333 -0.1956
vn 0.6784 -0.7342 0.0264
vn 0.5983 -0.5907 -0.5414
vn 0.9469 -0.2138 -0.2401
vn 0.9995 -0.0313 0.0087
vn 0.7906 -0.5762 -0.2073
vn 0.6404 -0.7671 0.0379
vn 0.6196 -0.7847 0.0172
vn 0.7225 -0.6818 -0.1150
vn 0.9075 -0.2600 -0.3300
vn 0.8552 -0.4068 -0.3210
vn 0.5794 -0.8146 -0.0280
vn 0.7837 -0.5563 -0.2763
vn 0.5804 -0.8136 0.0344
vn 0.5887 -0.8079 0.0278
vn 0.8835 -0.3054 -0.3553
vn 0.7686 -0.5920 -0.2426
vn 0.8030 -0.5959 0.0025
vn 0.9185 -0.3842 -0.0935
vn 0.9931 -0.0064 -0.1173
vn 0.6594 0.0110 -0.7517
vn 0.9260 0.0058 -0.3774
vn 0.9915 -0.0014 -0.1299
vn 0.8488 0.0566 -0.5256
vn 0.7119 0.0273 -0.7018
vn 0.9706 0.0090 -0.2404
vn 0.5495 0.0047 -0.8355
vn 0.5210 0.0118 -0.8535
vn 0.9385 -0.0004 -0.3452
vn 0.7704 0.0253 -0.6371
vn 0.6738 0.0104 -0.7388
vn 0.8552 0.0009 -0.5183
vn 0.8534 0.0002 -0.5212
vn 0.7440 -0.0007 -0.6682
vn 0.7273 0.0043 -0.6863
vn 0.5817 -0.0055 -0.8134
vn 0.8719 0.0544 -0.4867
vn 0.5082 0.0060 -0.8612
vn 0.4256 -0.0088 -0.9049
vn 0.9451 0.0930 -0.3131
vn 0.9546 0.0918 -0.2834
vn 0.3906 0.0030 -0.9205
vn 0.3816 0.0092 -0.9243
vn 0.9848 0.1170 -0.1281
vn 1.0000 0.0084 -0.0045
vn 0.9873 -0.0785 0.1381
vn 0.9782 -0.0663 0.1966
vn 0.9856 -0.0700 0.1541
vn 0.9876 -0.0698 0.1406
vn 0.9846 -0.0681 0.1611
vn 0.9886 -0.0654 0.1359
vn 0.9841 -0.0583 0.1679
vn 0.9898 -0.0484 0.1336
vn 0.9896 -0.0494 0.1354
vn 0.9909 -0.0403 0.1287
vn 0.9857 -0.0491 0.1610
vn 0.9918 -0.0269 0.1252
vn 0.9918 -0.0259 0.1252
vn 0.9684 -0.2494 -0.0023
vn 0.9781 -0.2065 -0.0267
vn 0.9440 -0.3130 0.1044
vn 0.0139 -0.8189 0.5738
vn 0.9580 -0.2756 0.0795
vn 0.8653 -0.4335 0.2517
vn 0.9106 -0.3581 0.2064
vn 0.6940 -0.5389 0.4774
vn 0.6723 -0.5417 0.5046
vn 0.5559 -0.5956 0.5799
vn 0.4986 -0.5934 0.6319
vn 0.1223 -0.7174 0.6859
vn 0.3726 -0.6474 0.6649
vn 0.3839 -0.6375 0.6680
vn 0.1894 -0.6873 0.7012
vn 0.2246 -0.6942 0.6839
vn 0.0473 -0.7208 0.6915
vn 0.0767 -0.7058 0.7042
vn 0.2075 -0.6528 0.7285
vn 0.3144 -0.6170 0.7214
vn 0.9773 -0.2100 0.0295
vn 0.5265 -0.5506 0.6478
vn 0.6318 -0.4946 0.5968
vn 0.0313 -0.6818 0.7308
vn 0.0423 -0.6272 0.7777
vn 0.1765 -0.6205 0.7641
vn 0.0895 -0.6302 0.7712
vn 0.1190 -0.6060 0.7865
vn 0.3603 -0.5756 0.7341
vn 0.9963 0.0012 0.0861
vn 0.4374 -0.5535 0.7087
vn 0.9965 0.0004 0.0835
vn 0.9947 -0.0074 0.1026
vn 0.9946 -0.0075 0.1037
vn 0.2362 -0.5881 0.7736
vn 0.9933 -0.0167 0.1139
vn 0.3365 -0.5739 0.7466
vn 0.9930 -0.0176 0.1169
vn 0.4742 -0.5326 0.7011
vn 0.0296 -0.7541 0.6561
vn 0.9269 -0.2523 0.2779
vn 0.9817 -0.1565 0.1086
vn 0.9825 -0.1555 0.1029
vn 0.8785 -0.2972 0.3740
vn 0.8972 -0.2728 0.3472
vn 0.9819 -0.1565 0.1071
vn 0.9570 -0.1933 0.2164
vn 0.9541 -0.1679 0.2480
vn 0.9887 -0.1288 0.0770
vn 0.9673 -0.1217 0.2224
vn 0.9729 -0.1152 0.2003
vn 0.9763 -0.0678 0.2054
vn 0.1012 -0.6768 0.7292
vn 0.1702 -0.6439 0.7459
vn 0.9595 -0.2701 0.0805
vn 0.9469 -0.2635 0.1845
vn 0.6846 -0.4835 0.5455
vn 0.7811 -0.4201 0.4621
vn 0.9014 -0.3388 0.2696
vn 0.9644 -0.2194 0.1476
vn 0.9500 -0.2522 0.1841
vn 0.0313 -0.6008 0.7988
vn 0.9817 -0.1814 0.0573
vn 0.9826 -0.1799 0.0458
vn 0.8573 -0.3423 0.3846
vn 0.7896 -0.3996 0.4657
vn 0.9735 -0.1791 0.1422
vn 0.6586 -0.4683 0.5890
vn 0.9830 -0.1818 -0.0275
vn 0.9799 -0.1941 -0.0457
vn 0.9007 -0.3404 0.2701
vn 0.8416 -0.4137 0.3473
vn 0.8320 -0.4204 0.3620
vn 0.8037 -0.3862 0.4528
vn 0.8839 -0.3234 0.3379
vn 0.9218 -0.2747 0.2734
vn 0.6335 -0.4867 0.6016
vn 0.9874 -0.0897 0.1303
vn 0.9789 -0.0821 0.1874
vn 0.9753 -0.0760 0.2074
vn 0.9868 -0.0880 0.1359
vn 0.0164 0.9958 0.0906
vn 0.0176 0.6992 0.7147
vn 0.0188 0.9973 0.0710
vn 0.0186 0.9056 0.4238
vn 0.0177 0.4915 0.8707
vn 0.0168 0.7036 0.7104
vn 0.0195 0.4756 0.8795
vn 0.0191 0.5633 0.8260
vn 0.0195 0.6354 0.7720
vn 0.0174 0.7940 0.6077
vn 0.0189 0.9530 0.3022
vn 0.0195 0.7787 0.6271
vn 0.0169 0.4095 0.9121
vn 0.0157 0.5939 0.8044
vn 0.0201 0.8378 0.5457
vn 0.0177 0.9556 0.2942
vn 0.0176 0.9091 0.4163
vn 0.0166 0.8576 0.5141
vn 0.0163 0.2584 0.9659
vn 0.0199 0.3827 0.9237
vn 0.0184 0.3332 0.9427
vn 0.0201 0.3174 0.9481
vn 0.0163 0.9799 0.1987
vn 0.0201 0.9854 0.1689
vn 0.0149 0.0275 0.9995
vn 0.0213 0.1072 0.9940
vn 0.0165 0.1526 0.9881
vn 0.0219 0.1390 0.9901
vn 0.0218 0.0693 0.9974
vn 0.0174 0.1960 0.9804
vn 0.0154 0.0938 0.9955
vn 0.0219 0.2122 0.9770
vn 0.0218 0.0273 0.9994
vn 0.0178 0.0097 0.9998
vn 0.0165 0.0464 0.9988
vn 0.0212 0.1755 0.9842
vn 0.9822 -0.1876 -0.0004
vn 0.9825 -0.1864 0.0001
vn 0.9818 -0.1900 -0.0001
vn 0.9978 0.0038 0.0663
vn 0.9978 0.0034 0.0664
vn 0.9982 -0.0086 0.0594
vn 0.0196 0.8159 -0.5778
vn 0.0238 0.8304 -0.5566
vn 0.0268 0.3254 -0.9452
vn 0.0161 0.2714 -0.9623
vn 0.0168 0.7442 -0.6677
vn 0.0257 0.9686 -0.2473
vn 0.0222 0.7675 -0.6406
vn 0.0279 0.2413 -0.9701
vn 0.0163 0.9521 -0.3053
vn 0.0229 0.6741 -0.7383
vn 0.0214 0.9431 -0.3318
vn 0.0178 0.6435 -0.7652
vn 0.0179 0.9986 -0.0500
vn 0.0183 0.9986 -0.0489
vn 0.0248 0.6018 -0.7983
vn 0.0227 0.9072 -0.4202
vn 0.0149 0.5248 -0.8511
vn 0.0146 0.8902 -0.4553
vn 0.0244 0.4897 -0.8716
vn 0.0243 0.9927 -0.1185
vn 0.0125 0.9868 -0.1614
vn 0.0191 0.3915 -0.9200
vn 0.0172 0.3854 -0.9226
vn 1.0000 0.0086 -0.0000
vn 1.0000 0.0003 -0.0006
vn 1.0000 0.0004 -0.0007
vn 1.0000 0.0046 0.0007
vn 1.0000 0.0006 -0.0000
vn 0.9999 -0.0095 -0.0060
vn 1.0000 0.0005 -0.0006
vn 1.0000 -0.0004 -0.0064
vn 1.0000 0.0002 -0.0006
vn 1.0000 0.0004 -0.0001
vn 1.0000 0.0003 -0.0001
vn 1.0000 0.0002 -0.0002
vn 1.0000 -0.0007 -0.0011
vn 0.9995 0.0166 -0.0254
vn -0.5936 0.0003 -0.8048
vn -0.5816 -0.0001 -0.8135
vn -0.5768 0.0002 -0.8169
vn -0.5703 -0.0001 -0.8215
vn -0.5941 -0.0001 -0.8044
vn -0.5512 0.0016 -0.8344
vn -0.5172 -0.0002 -0.8559
vn -0.5325 0.0010 -0.8464
vn 0.5360 -0.0034 0.8442
vn -0.4971 -0.0048 -0.8677
vn -0.0442 0.9990 0.0031
vn -0.0568 0.9984 0.0001
vn -0.0244 -0.0023 0.9997
vn -0.4896 0.0021 0.8719
vn -0.5246 -0.0003 0.8514
vn -0.5443 0.0003 0.8389
vn -0.5511 0.0001 0.8344
vn -0.1147 -0.0088 0.9934
vn -0.5442 0.0003 0.8390
vn -0.1199 0.0078 0.9928
vn -0.2105 0.0065 0.9776
vn -0.5721 0.0002 0.8202
vn -0.2153 -0.0084 0.9765
vn -0.5816 -0.0005 0.8135
vn -0.5187 -0.0011 0.8549
vn -0.3139 -0.0041 0.9495
vn -0.3249 0.0300 0.9453
vn -0.3845 -0.0246 0.9228
vn -0.4179 0.0308 0.9080
vn -0.5089 0.0010 0.8608
vn -0.4686 -0.0062 0.8834
vn -0.4611 -0.0183 0.8872
vn -0.4774 -0.0005 0.8787
vn -0.5154 0.0005 0.8570
vn -0.5144 -0.0023 0.8575
vn 0.4552 0.7502 -0.4796
vn 0.2381 0.9423 -0.2355
vn 0.4825 0.7287 -0.4860
vn 0.3982 0.8291 -0.3924
vn 0.5013 0.7677 -0.3991
vn 0.8142 0.3690 -0.4482
vn 0.7154 0.5778 -0.3927
vn 0.7148 0.5809 -0.3893
vn 0.9851 0.1717 0.0101
vn 0.7861 0.5575 -0.2670
vn 0.7867 0.5559 -0.2686
vn 0.6095 0.7461 -0.2680
vn 0.8118 0.1352 -0.5680
vn 0.8111 0.1644 -0.5614
vn 0.8553 0.5180 -0.0074
vn 0.8892 0.2313 -0.3947
vn 0.8716 0.2461 -0.4241
vn 0.9670 0.2192 -0.1299
vn 0.7387 0.3042 -0.6015
vn 0.7909 0.3877 -0.4735
vn 0.7526 0.3667 -0.5470
vn 0.9529 0.2218 -0.2069
vn 0.6968 0.3102 -0.6467
vn 0.8000 0.5265 -0.2877
vn 0.8547 0.5165 -0.0522
vn 0.7625 0.5293 -0.3719
vn 0.8164 0.5736 -0.0670
vn 0.5847 0.5263 -0.6174
vn 0.6729 0.7373 -0.0594
vn 0.4482 0.5381 -0.7138
vn 0.6143 0.7883 -0.0357
vn 0.7293 0.6635 -0.1670
vn 0.3989 0.1985 -0.8953
vn 0.5293 0.8464 -0.0579
vn 0.4625 0.8447 -0.2695
vn 0.7227 0.6633 -0.1940
vn 0.3764 0.3792 -0.8453
vn 0.6435 0.7322 -0.2232
vn 0.4013 0.9154 -0.0318
vn 0.5247 0.8443 -0.1088
vn 0.4163 0.8521 -0.3172
vn 0.3491 0.7712 -0.5323
vn 0.4317 0.8875 -0.1612
vn 0.3762 0.3079 -0.8739
vn 0.2724 0.9169 -0.2918
vn 0.2890 0.9531 -0.0896
vn 0.2987 0.9501 -0.0899
vn 0.2055 0.9618 -0.1809
vn 0.9557 0.2792 -0.0931
vn 0.8984 0.4301 -0.0883
vn 0.4207 0.4962 -0.7594
vn 0.1976 0.9027 -0.3823
vn 0.9109 0.3102 -0.2721
vn 0.0906 0.9865 -0.1367
vn 0.8772 0.4105 -0.2491
vn 0.5519 0.2087 -0.8074
vn 0.7177 0.3885 -0.5779
vn 0.7122 0.3479 -0.6097
vn 0.8789 0.1871 -0.4388
vn 0.2127 0.9678 -0.1348
vn 0.8135 0.3801 -0.4403
vn 0.2418 0.9598 -0.1428
vn 0.2603 0.9467 -0.1898
vn 0.3948 0.9015 -0.1773
vn 0.8936 0.3060 -0.3284
vn 0.8944 0.3424 -0.2879
vn 0.6087 0.3979 -0.6864
vn 0.6626 0.6352 -0.3967
vn 0.5811 0.6485 -0.4917
vn 0.6145 0.7431 -0.2649
vn 0.4787 0.5820 -0.6574
vn 0.6365 0.1384 -0.7587
vn 0.4451 0.7595 -0.4744
vn 0.3348 0.5907 -0.7342
vn 0.5034 0.1309 -0.8541
vn 0.3471 0.4834 -0.8037
vn 0.2280 0.8956 -0.3820
vn 0.4938 0.2969 -0.8173
vn 0.5344 0.3490 -0.7698
vn 0.5527 0.3672 -0.7481
vn 0.6286 0.1377 -0.7655
vn 0.5674 0.4295 -0.7025
vn 0.4762 0.4183 -0.7735
vn 0.7696 0.1868 -0.6106
vn 0.7531 0.1314 -0.6447
vn 0.6132 0.6009 -0.5127
vn 0.1424 0.9744 -0.1740
vn 0.3244 0.8779 -0.3523
vn 0.6489 0.5681 -0.5061
vn 0.4713 0.8210 -0.3222
vn 0.6774 0.6406 -0.3618
vn 0.3289 0.9119 -0.2454
vn 0.4488 0.8460 -0.2880
vn 0.6146 0.7480 -0.2504
vn 0.5757 0.5417 -0.6125
vn 0.2920 0.6832 -0.6693
vn 0.3866 0.7536 -0.5316
vn 0.2812 0.7464 -0.6032
vn 0.4819 0.2718 -0.8330
vn 0.2326 0.8181 -0.5259
vn 0.4222 0.6589 -0.6226
vn 0.6496 0.2445 -0.7199
vn 0.4224 0.6250 -0.6565
vn 0.3500 0.7391 -0.5755
vn 0.1224 0.9598 -0.2526
vn 0.2778 0.8740 -0.3987
vn 0.5615 0.5422 -0.6251
vn 0.9724 0.2251 0.0622
vn 0.9528 0.2972 0.0626
vn 0.9100 0.4104 0.0587
vn 0.8525 0.5197 0.0568
vn 0.7790 0.6250 0.0500
vn 0.6264 0.7785 0.0391
vn 0.6885 0.7238 0.0449
vn 0.5094 0.8599 0.0336
vn 0.3269 0.9449 0.0200
vn 0.3362 0.9416 0.0204
vn 0.1262 0.9920 0.0075
vn 0.1703 0.9854 0.0091
vn 0.9678 0.2276 0.1079
vn 0.1509 0.9721 0.1796
vn 0.9506 0.2975 0.0884
vn 0.8560 0.5061 0.1054
vn 0.8691 0.4854 0.0945
vn 0.7146 0.0964 0.6928
vn 0.9316 0.0107 0.3633
vn 0.5939 0.1280 0.7943
vn 0.6465 0.4276 0.6318
vn 0.6741 0.5401 0.5038
vn 0.9101 0.0411 0.4123
vn 0.3268 0.2045 0.9227
vn 0.6698 0.6173 0.4126
vn 0.2660 0.2178 0.9391
vn 0.7213 0.1356 0.6793
vn 0.8541 0.0728 0.5149
vn 0.6530 0.6818 0.3297
vn 0.6641 0.6899 0.2880
vn 0.5617 0.1843 0.8065
vn 0.5839 0.1850 0.7904
vn 0.7621 0.1359 0.6331
vn 0.6896 0.7184 0.0912
vn 0.4484 0.2190 0.8666
vn 0.7125 0.2823 0.6424
vn 0.6924 0.2960 0.6580
vn 0.5756 0.3255 0.7501
vn 0.7827 0.2496 0.5702
vn 0.7355 0.1846 0.6519
vn 0.7464 0.1885 0.6382
vn 0.4505 0.4208 0.7874
vn 0.1821 0.2902 0.9395
vn 0.2660 0.4881 0.8312
vn 0.4327 0.5032 0.7480
vn 0.3737 0.2839 0.8830
vn 0.2752 0.5471 0.7905
vn 0.9082 0.0916 0.4085
vn 0.5793 0.2565 0.7737
vn 0.5768 0.2567 0.7755
vn 0.9613 0.0326 0.2736
vn 0.8797 0.1326 0.4566
vn 0.2806 0.3065 0.9096
vn 0.5455 0.6321 0.5505
vn 0.7311 0.5151 0.4474
vn 0.4619 0.2948 0.8365
vn 0.2177 0.3619 0.9064
vn 0.5235 0.7172 0.4600
vn 0.7185 0.5972 0.3566
vn 0.3791 0.3587 0.8530
vn 0.8561 0.1809 0.4842
vn 0.7213 0.6594 0.2119
vn 0.2704 0.3826 0.8834
vn 0.5656 0.7950 0.2191
vn 0.7756 0.6065 0.1749
vn 0.7508 0.6430 0.1510
vn 0.7647 0.6343 0.1138
vn 0.5907 0.7948 0.1390
vn 0.5906 0.7988 0.1143
vn 0.8849 0.1945 0.4233
vn 0.9546 0.0907 0.2837
vn 0.4750 0.3821 0.7927
vn 0.5913 0.3995 0.7005
vn 0.5023 0.4334 0.7482
vn 0.9199 0.1641 0.3562
vn 0.4598 0.7168 0.5242
vn 0.4261 0.8156 0.3914
vn 0.9831 0.0301 0.1805
vn 0.7725 0.3319 0.5413
vn 0.2314 0.5256 0.8187
vn 0.5193 0.8362 0.1764
vn 0.4421 0.8815 0.1661
vn 0.7468 0.3667 0.5549
vn 0.9051 0.2235 0.3616
vn 0.4998 0.8613 0.0914
vn 0.3958 0.9127 0.1017
vn 0.5493 0.5093 0.6625
vn 0.8452 0.3234 0.4256
vn 0.4739 0.5279 0.7048
vn 0.9506 0.1636 0.2638
vn 0.7720 0.3869 0.5043
vn 0.3550 0.7617 0.5421
vn 0.4266 0.7929 0.4350
vn 0.4091 0.8274 0.3847
vn 0.2746 0.6226 0.7328
vn 0.5515 0.5454 0.6312
vn 0.6932 0.4835 0.5345
vn 0.3620 0.9248 0.1171
vn 0.2610 0.6615 0.7031
vn 0.1729 0.4552 0.8734
vn 0.4431 0.6377 0.6301
vn 0.2260 0.6061 0.7626
vn 0.2796 0.7318 0.6215
vn 0.8309 0.4040 0.3826
vn 0.3030 0.7666 0.5661
vn 0.2972 0.8201 0.4891
vn 0.3765 0.6642 0.6458
vn 0.2380 0.8954 0.3763
vn 0.1668 0.9353 0.3121
vn 0.1485 0.7032 0.6953
vn 0.2424 0.9464 0.2133
vn 0.2627 0.9577 0.1173
vn 0.8739 0.3599 0.3269
vn 0.9170 0.2812 0.2829
vn 0.5697 0.1249 0.8123
vn 0.1272 0.7504 0.6486
vn 0.9471 0.2346 0.2190
vn 0.1126 0.9910 0.0722
vn 0.8072 0.4976 0.3175
vn 0.0895 0.8372 0.5395
vn 0.1875 0.8524 0.4881
vn 0.9375 0.2840 0.2011
vn 0.8703 0.4339 0.2328
vn 0.8663 0.4404 0.2359
vn 0.9690 0.1993 0.1461
vn 0.0970 0.8963 0.4328
vn 0.7228 0.6419 0.2560
vn 0.5334 0.8040 0.2627
vn 0.9595 0.2498 0.1301
vn 0.4217 0.8590 0.2904
vn 0.2756 0.9210 0.2752
vn 0.8642 0.4764 0.1621
vn 0.8704 0.4664 0.1577
vn 0.7356 0.0338 0.6765
vn 0.8858 -0.0190 0.4637
vn 0.5143 0.0835 0.8535
vn 0.3208 0.1106 0.9407
vn 0.3140 0.0874 0.9454
vn 0.3018 -0.0155 0.9532
vn 0.5735 0.0420 0.8181
vn 0.7361 0.0059 0.6769
vn 0.0905 0.0020 0.9959
vn 0.0618 -0.1275 0.9899
vn 0.2533 0.0764 0.9644
vn 0.7573 -0.0031 0.6530
vn 0.0995 0.2057 0.9735
vn 0.5378 0.0227 0.8428
vn 0.2870 0.0603 0.9560
vn 0.9355 -0.0608 0.3481
vn 0.5510 0.0165 0.8343
vn 0.7061 -0.0178 0.7079
vn 0.9111 -0.0593 0.4079
vn 0.8000 -0.0426 0.5984
vn 0.7059 -0.0178 0.7080
vn 0.2724 -0.4177 0.8668
vn 0.1911 -0.3680 0.9100
vn 0.1797 -0.4322 0.8837
vn 0.5470 -0.0332 0.8365
vn 0.5936 -0.0450 0.8035
vn 0.0715 -0.3878 0.9190
vn 0.8230 -0.0913 0.5607
vn 0.9203 -0.0970 0.3790
vn 0.3628 -0.0339 0.9313
vn 0.8919 -0.1114 0.4384
vn 0.7853 0.0479 0.6173
vn 0.7844 -0.1554 0.6004
vn 0.8862 -0.1809 0.4265
vn 0.6580 -0.3876 0.6456
vn 0.4140 0.1521 0.8975
vn 0.9095 -0.0126 0.4156
vn 0.3826 0.1436 0.9127
vn 0.6007 0.0972 0.7935
vn 0.2554 0.1477 0.9555
vn 0.2825 0.1070 0.9533
vn 0.5740 0.0639 0.8163
vn 0.8825 -0.0281 0.4694
vn 0.5668 0.0421 0.8228
vn 0.8246 -0.0215 0.5653
vn 0.2447 0.0461 0.9685
vn 0.8570 -0.0439 0.5134
vn 0.2958 0.0292 0.9548
vn 0.4856 0.0039 0.8742
vn 0.6616 -0.0901 0.7444
vn 0.7574 -0.1178 0.6423
vn 0.9112 -0.1599 0.3796
vn 0.4835 -0.1304 0.8656
vn 0.5676 -0.1475 0.8100
vn 0.4244 -0.1786 0.8877
vn 0.7416 -0.2212 0.6333
vn 0.6350 -0.1984 0.7466
vn 0.2181 -0.1294 0.9673
vn 0.7741 -0.2870 0.5643
vn 0.2284 -0.2157 0.9494
vn 0.5865 -0.3310 0.7392
vn 0.4970 -0.3191 0.8070
vn 0.7563 -0.3376 0.5604
vn 0.3425 -0.3526 0.8708
vn 0.1568 -0.2565 0.9537
vn 0.4306 -0.3839 0.8168
vn 0.0955 -0.4400 0.8929
vn 0.0474 -0.2326 0.9714
vn 0.0325 -0.1958 0.9801
vn 0.0343 -0.4638 0.8853
vn 0.0155 -0.3381 0.9410
vn 0.8318 0.0318 0.5541
vn 0.3168 0.1510 0.9364
vn 0.5035 0.1097 0.8570
vn 0.8994 -0.0030 0.4371
vn 0.7422 0.0506 0.6682
vn 0.8767 -0.0121 0.4808
vn 0.7550 0.0327 0.6549
vn 0.1770 -0.8849 0.4308
vn 0.0925 -0.8606 0.5008
vn 0.1173 -0.8968 0.4265
vn 0.0643 -0.9593 0.2749
vn 0.0905 -0.9844 0.1509
vn 0.8541 -0.4622 0.2385
vn 0.4856 -0.8740 -0.0188
vn 0.3185 -0.9459 0.0612
vn 0.4902 -0.8611 0.1351
vn 0.3571 -0.9264 0.1189
vn 0.7402 -0.6722 -0.0197
vn 0.8972 -0.4403 -0.0329
vn 0.6776 -0.6296 0.3800
vn 0.5790 -0.7852 0.2198
vn 0.4808 -0.7147 0.5080
vn 0.5479 -0.7633 0.3423
vn 0.5133 -0.7777 0.3630
vn 0.3236 -0.8004 0.5046
vn 0.4091 -0.8444 0.3458
vn 0.2517 -0.8297 0.4983
vn 0.8889 -0.4483 0.0946
vn 0.1357 -0.9907 0.0033
vn 0.2952 -0.9299 0.2194
vn 0.2089 -0.9505 0.2299
vn 0.8466 -0.5138 0.1390
vn 0.3982 -0.9171 0.0205
vn 0.7333 -0.6700 0.1158
vn 0.0208 -0.9706 0.2399
vn 0.7026 -0.6843 0.1952
vn 0.0223 -0.8670 0.4978
vn 0.7381 -0.6223 0.2605
vn 0.3665 -0.7599 0.5370
vn 0.0189 -0.9662 0.2571
vn 0.7096 -0.7003 0.0772
vn 0.9310 -0.3640 -0.0271
vn 0.8954 -0.4448 -0.0205
vn 0.7945 -0.6063 -0.0344
vn 0.6863 -0.7270 -0.0211
vn 0.5951 -0.8036 -0.0118
vn 0.8463 -0.5327 0.0107
vn 0.2827 -0.9592 -0.0102
vn 0.7928 -0.6094 0.0094
vn 0.3774 -0.9261 -0.0043
vn 0.5807 -0.8129 0.0436
vn 0.5585 -0.8282 0.0470
vn -0.6323 -0.7747 -0.0008
vn 0.9277 -0.3734 0.0000
vn 0.8809 -0.4734 -0.0009
vn 0.3731 -0.9278 -0.0012
vn 0.7869 -0.6170 0.0005
vn 0.9421 -0.3352 0.0004
vn 0.3815 -0.9244 0.0001
vn 0.4072 -0.9133 -0.0009
vn 0.5044 -0.8635 0.0000
vn 0.5953 -0.8035 -0.0007
vn 0.4083 -0.9128 0.0002
vn 0.7818 -0.6235 -0.0018
vn 0.9092 -0.4163 0.0041
vn 0.7557 -0.6549 0.0014
vn 0.7982 -0.6023 0.0005
vn 0.2897 -0.9571 0.0076
vn 0.7376 -0.6753 0.0001
vn 0.2113 -0.9774 -0.0001
vn 0.3983 -0.9173 0.0002
vn 0.4769 -0.8790 0.0014
vn 0.9352 -0.3541 -0.0002
vn 0.3831 -0.9237 -0.0008
vn 0.2282 -0.9736 0.0001
vn 0.6519 -0.7583 0.0020
vn 0.6511 -0.7589 -0.0012
vn 0.7811 -0.6245 -0.0008
vn 0.9274 -0.3741 -0.0004
vn 0.6872 -0.7265 0.0001
vn 0.3498 -0.9368 -0.0004
vn 0.7546 -0.6562 0.0066
vn 0.8762 -0.4820 -0.0031
vn 0.5064 -0.8623 0.0018
vn 0.3023 -0.9532 -0.0003
vn 0.3251 -0.9457 -0.0008
vn 0.7883 -0.6153 0.0003
vn 0.5842 -0.8116 -0.0019
vn 0.6361 -0.7716 0.0065
vn 0.2700 -0.9629 0.0021
vn 0.5076 -0.8616 0.0009
vn 0.9364 -0.3509 0.0008
vn 0.7598 -0.6502 -0.0006
vn 0.6744 -0.7384 0.0003
vn 0.5223 -0.8528 0.0004
vn 0.8017 -0.5977 0.0001
vn 0.6844 -0.7291 0.0019
vn 0.8868 -0.4621 -0.0004
vn 0.9430 -0.3328 0.0006
vn 0.5498 -0.8353 -0.0004
vn 0.7188 -0.6952 0.0038
vn 0.8535 -0.5211 0.0005
vn 0.8960 -0.4441 -0.0045
vn 0.8583 -0.5131 -0.0010
vn 0.6521 -0.7581 0.0002
vn 0.4201 -0.9075 -0.0002
vn 0.5937 -0.8047 0.0002
vn 0.6118 -0.7910 -0.0004
vn 0.4185 -0.9082 0.0011
vn 0.4680 -0.8837 -0.0010
vn 0.3691 -0.9294 0.0005
vn 0.5262 -0.8503 -0.0006
vn 0.3174 -0.9483 -0.0004
vn 0.8688 -0.4950 0.0144
vn 0.7474 -0.6644 0.0016
vn 0.8644 -0.5027 0.0123
vn 0.7296 -0.6838 0.0116
vn 0.9513 -0.3076 0.0201
vn 0.5712 -0.8207 0.0142
vn 0.6759 -0.7370 -0.0053
vn 0.9080 -0.4169 -0.0413
vn 0.6903 -0.7235 -0.0046
vn 0.7832 -0.6201 -0.0455
vn 0.1249 -0.9845 -0.1229
vn 0.1318 -0.9597 -0.2480
vn 0.5583 -0.7877 -0.2603
vn 0.2098 -0.9204 -0.3298
vn 0.9140 -0.3970 -0.0838
vn 0.7424 -0.6123 -0.2720
vn 0.2342 -0.8656 -0.4426
vn 0.4326 -0.7843 -0.4448
vn 0.0278 -0.9142 -0.4043
vn 0.0235 -0.9885 -0.1494
vn 0.0570 -0.9036 -0.4245
vn 0.0161 -0.9601 -0.2793
vn 0.4296 -0.9030 -0.0012
vn 0.2474 -0.9688 -0.0175
vn 0.3149 -0.9368 -0.1525
vn 0.3354 -0.9073 -0.2535
vn 0.5727 -0.7968 -0.1924
vn 0.4429 -0.8395 -0.3148
vn 0.6323 -0.6952 -0.3419
vn 0.6009 -0.6630 -0.4464
vn 0.8716 -0.4898 -0.0208
vn 0.5015 -0.8643 -0.0384
vn 0.5835 -0.8110 -0.0415
vn 0.4133 -0.9066 -0.0854
vn 0.7829 -0.6186 -0.0662
vn 0.3808 -0.9207 -0.0854
vn 0.8418 -0.5262 -0.1204
vn 0.6789 -0.7253 -0.1138
vn 0.8255 -0.5356 -0.1779
vn 0.6774 -0.7193 -0.1539
vn 0.7548 -0.6215 -0.2099
vn 0.3608 -0.7873 -0.4999
vn 0.0687 -0.9631 -0.2602
vn 0.1434 -0.8351 -0.5311
vn 0.0804 -0.8651 -0.4951
vn 0.8951 0.4458 -0.0012
vn 0.9305 0.3663 -0.0000
vn 0.8311 0.5562 -0.0001
vn 0.7274 0.6863 -0.0012
vn 0.7417 0.6707 -0.0007
vn 0.5257 0.8506 0.0002
vn 0.4912 0.8710 -0.0007
vn 0.2861 0.9582 -0.0009
vn 0.2361 0.9717 0.0001
vn 0.3622 0.9229 -0.1303
vn 0.3084 0.9439 -0.1178
vn 0.8285 0.5426 -0.1384
vn 0.5231 0.8455 -0.1075
vn 0.9334 0.3439 -0.1028
vn 0.9194 0.3800 -0.1017
vn 0.6106 0.7817 -0.1268
vn 0.7098 0.6971 -0.1016
vn 0.7951 0.5970 -0.1066
vn 0.2871 0.9566 -0.0501
vn 0.3332 0.9406 -0.0656
vn 0.5158 0.8548 -0.0574
vn 0.5172 0.8539 -0.0577
vn 0.8458 0.5295 -0.0655
vn 0.7095 0.7030 -0.0489
vn 0.7164 0.6957 -0.0523
vn 0.8961 0.4407 -0.0523
vn 0.9179 0.3926 -0.0571
vn 0.2962 0.2317 -0.9266
vn 0.3520 0.2184 -0.9102
vn 0.4673 0.2168 -0.8571
vn 0.6259 0.1907 -0.7562
vn 0.6498 0.1963 -0.7343
vn 0.8610 0.1250 -0.4930
vn 0.7740 0.1794 -0.6072
vn 0.9207 0.1173 -0.3723
vn 0.2361 0.6818 -0.6924
vn 0.2601 0.7132 -0.6509
vn 0.4082 0.6919 -0.5956
vn 0.3211 0.3173 -0.8923
vn 0.3421 0.3083 -0.8877
vn 0.5299 0.2816 -0.7999
vn 0.4967 0.7395 -0.4543
vn 0.2821 0.8629 -0.4194
vn 0.2825 0.8626 -0.4196
vn 0.5564 0.2684 -0.7864
vn 0.4597 0.7846 -0.4160
vn 0.5759 0.6883 -0.4410
vn 0.7009 0.6349 -0.3251
vn 0.6811 0.6513 -0.3344
vn 0.2959 0.8917 -0.3425
vn 0.5794 0.7411 -0.3392
vn 0.7277 0.2457 -0.6404
vn 0.9527 0.2589 -0.1593
vn 0.3601 0.8834 -0.2998
vn 0.7853 0.2179 -0.5794
vn 0.3408 0.3641 -0.8667
vn 0.8160 0.2147 -0.5367
vn 0.2292 0.4091 -0.8832
vn 0.4455 0.3630 -0.8184
vn 0.5325 0.3267 -0.7809
vn 0.9104 0.1594 -0.3818
vn 0.6264 0.3262 -0.7080
vn 0.2352 0.4656 -0.8532
vn 0.2951 0.4732 -0.8301
vn 0.3339 0.5059 -0.7953
vn 0.9262 0.1553 -0.3435
vn 0.2737 0.5719 -0.7733
vn 0.5679 0.3993 -0.7197
vn 0.3471 0.6030 -0.7182
vn 0.6465 0.3569 -0.6743
vn 0.7042 0.3434 -0.6214
vn 0.5347 0.7998 -0.2728
vn 0.7980 0.2880 -0.5294
vn 0.5204 0.4672 -0.7148
vn 0.3628 0.2005 -0.9100
vn 0.8483 0.2739 -0.4532
vn 0.9286 0.1940 -0.3164
vn 0.9145 0.2182 -0.3408
vn 0.5827 0.4991 -0.6414
vn 0.6937 0.4458 -0.5658
vn 0.7121 0.4299 -0.5551
vn 0.5065 0.5636 -0.6525
vn 0.5268 0.5952 -0.6068
vn 0.8062 0.3635 -0.4669
vn 0.4689 0.4059 -0.7845
vn 0.3596 0.7130 -0.6019
vn 0.8561 0.3452 -0.3846
vn 0.6473 0.5599 -0.5172
vn 0.6970 0.5099 -0.5042
vn 0.9194 0.2657 -0.2901
vn 0.9273 0.2494 -0.2792
vn 0.2435 0.8176 -0.5217
vn 0.3421 0.7715 -0.5365
vn 0.8175 0.4184 -0.3957
vn 0.6409 0.6062 -0.4710
vn 0.6309 0.6155 -0.4723
vn 0.7715 0.5151 -0.3733
vn 0.5669 0.2488 -0.7853
vn 0.8256 0.4481 -0.3428
vn 0.8774 0.3910 -0.2780
vn 0.9153 0.3256 -0.2373
vn 0.1843 0.9560 -0.2282
vn 0.7750 0.5770 -0.2578
vn 0.8757 0.4349 -0.2097
vn 0.3039 0.9234 -0.2344
vn 0.9125 0.3692 -0.1761
vn 0.8278 0.5132 -0.2269
vn 0.3782 0.9033 -0.2027
vn 0.5906 0.7747 -0.2260
vn 0.5670 0.7979 -0.2046
vn 0.7271 0.6543 -0.2077
vn 0.8121 0.5618 -0.1580
vn 0.1835 0.9741 -0.1318
vn 0.3325 0.1707 -0.9275
vn 0.4276 0.1591 -0.8899
vn 0.7116 0.1169 -0.6928
vn 0.6297 0.1248 -0.7667
vn 0.7762 0.0989 -0.6227
vn 0.2218 0.1508 -0.9634
vn 0.3699 0.1388 -0.9187
vn 0.9078 -0.0300 -0.4184
vn 0.8820 -0.0450 -0.4690
vn 0.4427 0.1229 -0.8882
vn 0.5672 0.1111 -0.8161
vn 0.5989 0.0997 -0.7946
vn 0.8191 0.0676 -0.5696
vn 0.5888 0.0873 -0.8036
vn 0.3917 0.0857 -0.9161
vn 0.6228 0.0770 -0.7786
vn 0.7758 0.0594 -0.6282
vn 0.8775 -0.0971 -0.4696
vn 0.7921 0.0471 -0.6086
vn 0.7723 -0.2196 -0.5961
vn 0.3972 0.0624 -0.9156
vn 0.5698 0.0605 -0.8196
vn 0.9111 0.0363 -0.4106
vn 0.2042 0.0243 -0.9786
vn 0.1216 0.0099 -0.9925
vn 0.3848 0.0600 -0.9210
vn 0.1203 -0.3583 -0.9258
vn 0.1178 -0.2501 -0.9610
vn 0.0833 -0.3770 -0.9225
vn 0.6386 -0.0003 -0.7696
vn 0.3917 0.0248 -0.9198
vn 0.5710 -0.0054 -0.8210
vn 0.4200 -0.4344 -0.7968
vn 0.4515 -0.3066 -0.8379
vn 0.2949 -0.2541 -0.9211
vn 0.2425 -0.1517 -0.9582
vn 0.9392 0.0657 -0.3371
vn 0.2881 0.1850 -0.9395
vn 0.8621 0.0862 -0.4993
vn 0.8974 0.0733 -0.4351
vn 0.7673 0.0902 -0.6349
vn 0.9217 0.0484 -0.3848
vn 0.2425 0.1447 -0.9593
vn 0.7682 0.0382 -0.6390
vn 0.6746 0.0324 -0.7375
vn 0.8587 0.1111 -0.5002
vn 0.1725 0.1285 -0.9766
vn 0.9065 0.0550 -0.4186
vn 0.3036 0.1048 -0.9470
vn 0.3066 0.0993 -0.9466
vn 0.9199 0.0306 -0.3909
vn 0.1655 0.0575 -0.9845
vn 0.8128 -0.0201 -0.5823
vn 0.7243 -0.0384 -0.6884
vn 0.3380 0.0159 -0.9410
vn 0.7404 -0.0832 -0.6670
vn 0.8054 -0.1178 -0.5809
vn 0.6330 -0.3263 -0.7020
vn 0.6824 -0.2229 -0.6962
vn 0.6385 -0.1499 -0.7549
vn 0.4879 -0.1189 -0.8647
vn 0.5324 -0.1136 -0.8388
vn 0.3350 -0.0634 -0.9401
vn 0.4605 -0.3019 -0.8348
vn 0.3208 -0.4453 -0.8359
vn 0.3238 -0.4385 -0.8384
vn 0.2673 -0.0639 -0.9615
vn 0.2692 -0.3020 -0.9145
vn 0.2027 -0.5013 -0.8412
vn 0.0586 -0.0715 -0.9957
vn 0.0737 -0.5210 -0.8504
vn 0.0320 -0.4943 -0.8687
vn 0.0284 -0.2181 -0.9755
vn 0.0177 -0.2871 -0.9577
vn 0.8627 0.1085 -0.4939
vn 0.6385 0.1599 -0.7529
vn 0.7152 0.1385 -0.6851
vn 0.5366 0.1644 -0.8277
vn 0.5085 0.1561 -0.8468
vn 0.0099 -0.0462 0.9989
vn 0.0398 -0.1117 0.9929
vn -0.9995 0.0142 0.0290
vn -0.9162 -0.1459 -0.3732
vn -0.1266 -0.5427 -0.8303
vn -0.4505 -0.4771 -0.7546
vn -0.2137 -0.5553 -0.8038
vn -0.8218 -0.2779 -0.4974
vn -0.5613 -0.4550 -0.6913
vn -0.9655 -0.1160 -0.2330
vn -0.7999 -0.2865 -0.5273
vn -0.4427 -0.4814 -0.7565
vn -0.0654 -0.6563 -0.7517
vn -0.2330 -0.1358 -0.9630
vn -0.2316 -0.1349 -0.9634
vn -0.4354 -0.6059 -0.6658
vn -0.2141 -0.6155 -0.7585
vn -0.6914 -0.0956 -0.7161
vn -0.6216 -0.5124 -0.5925
vn -0.7330 -0.4605 -0.5007
vn -0.0441 -0.2645 -0.9634
vn -0.8226 -0.3692 -0.4324
vn -0.9480 -0.2079 -0.2411
vn -0.3828 -0.3350 -0.8609
vn -0.2324 -0.2467 -0.9408
vn -0.9342 -0.2262 -0.2758
vn -0.6020 -0.1816 -0.7776
vn -0.6451 -0.1939 -0.7391
vn -0.2582 -0.3656 -0.8943
vn -0.8070 -0.1327 -0.5754
vn -0.8329 -0.1326 -0.5373
vn -0.9672 -0.0704 -0.2441
vn -0.6261 -0.2760 -0.7292
vn -0.3662 -0.3643 -0.8563
vn -0.6820 -0.2872 -0.6726
vn -0.1385 -0.4051 -0.9037
vn -0.4607 -0.3740 -0.8049
vn -0.8720 -0.1937 -0.4496
vn -0.9297 -0.0023 -0.3682
vn -0.9233 -0.0031 -0.3841
vn -0.8297 -0.0010 -0.5581
vn -0.7591 -0.0056 -0.6509
vn -0.5973 0.0017 -0.8020
vn -0.2319 -0.0027 -0.9727
vn -0.2534 -0.0005 -0.9674
vn -0.3407 0.9402 0.0012
vn -0.6083 0.7937 0.0045
vn -0.7354 0.6776 0.0048
vn -0.3001 0.9539 0.0012
vn -0.9177 0.3971 0.0090
vn -0.5849 0.8111 0.0016
vn -0.9268 0.3754 -0.0026
vn -0.9441 0.3297 0.0029
vn -0.7522 0.6589 0.0011
vn -0.1454 0.9894 -0.0009
vn -0.5026 0.8645 -0.0018
vn -0.6934 0.7205 0.0006
vn -0.2971 0.9549 -0.0010
vn -0.8583 0.5132 -0.0008
vn -0.0608 0.9982 0.0002
vn -0.7774 0.6290 -0.0042
vn -0.6786 0.7345 0.0035
vn -0.4428 0.8966 -0.0027
vn -0.3045 0.9525 0.0013
vn -0.7784 0.6277 0.0006
vn -0.4441 0.8960 -0.0008
vn -0.9675 0.2527 -0.0010
vn -0.6833 0.7301 -0.0022
vn -0.5006 0.8657 0.0026
vn -0.1085 0.9941 0.0014
vn -0.4675 0.8840 -0.0001
vn -0.8471 0.5314 0.0013
vn -0.7833 0.6217 -0.0021
vn -0.0967 0.9953 0.0035
vn -0.9671 0.2543 -0.0011
vn -0.4666 0.8845 0.0012
vn -0.4104 0.9119 -0.0086
vn -0.8936 0.4488 0.0017
vn -0.5657 0.8246 -0.0010
vn -0.7793 0.6267 0.0007
vn -0.5549 0.8319 0.0003
vn -0.1364 0.7286 -0.6712
vn -0.0077 0.7337 -0.6795
vn -0.1328 0.7245 -0.6764
vn -0.1984 0.7294 -0.6547
vn -0.1973 0.7269 -0.6578
vn -0.3311 0.7318 -0.5958
vn -0.0396 0.7127 -0.7003
vn -0.3144 0.7423 -0.5917
vn -0.0671 0.7375 -0.6720
vn -0.2700 0.7375 -0.6190
vn -0.2922 0.7218 -0.6274
vn -0.3442 0.7326 0.5873
vn -0.3342 0.7224 0.6054
vn -0.3016 0.7330 0.6097
vn -0.2973 0.7283 0.6174
vn -0.2583 0.7233 0.6403
vn -0.2530 0.7273 0.6380
vn -0.1992 0.7397 0.6427
vn -0.1669 0.7121 0.6819
vn -0.1322 0.7371 0.6628
vn -0.0642 0.7314 0.6790
vn -0.0722 0.7247 0.6853
vn -0.0060 0.7280 0.6856
vn -0.0067 0.7285 0.6850
vn 0.0114 -0.5565 0.8308
vn 0.0511 -0.6276 0.7769
vn 0.0120 -0.7642 0.6449
vn 0.0449 -0.8331 0.5513
vn 0.0097 -0.9036 0.4283
vn 0.0499 -0.9492 0.3108
vn 0.0060 -0.9856 0.1690
vn 0.0264 -0.2828 0.9588
vn 0.0325 -0.2798 0.9595
vn 0.0383 -0.3284 0.9438
vn 0.0309 -0.3320 0.9428
vn 0.0068 0.3957 0.9184
vn 0.0622 0.2542 0.9651
vn 0.0163 0.1293 0.9915
vn 0.0250 0.9711 0.2373
vn 0.0309 0.9731 0.2281
vn 0.0052 0.9086 0.4176
vn 0.0592 0.8337 0.5491
vn 0.0187 0.7573 0.6528
vn 0.0385 0.6144 0.7880
vn 0.0306 0.6030 0.7971
vn 0.0496 0.9988 0.0003
vn 0.0330 0.9995 0.0000
vn 0.0318 0.9091 -0.4153
vn 0.0166 0.9228 -0.3849
vn 0.0457 0.9745 -0.2196
vn 0.0246 0.9900 -0.1389
vn 0.0179 -0.0952 -0.9953
vn 0.0417 0.0673 -0.9969
vn 0.0448 0.0744 -0.9962
vn 0.0455 0.3226 -0.9454
vn 0.0285 0.2837 -0.9585
vn 0.0407 0.6087 -0.7924
vn 0.0183 0.5706 -0.8210
vn 0.0250 0.7716 -0.6356
vn 0.0332 0.7832 -0.6209
vn 0.0445 -0.3226 -0.9455
vn 0.0182 -0.3356 -0.9418
vn 0.0298 -0.2804 -0.9594
vn 0.0520 -0.2671 -0.9623
vn 0.0196 -0.9872 -0.1584
vn 0.0457 -0.9555 -0.2914
vn 0.0356 -0.9486 -0.3146
vn 0.0433 -0.8239 -0.5650
vn 0.0273 -0.8419 -0.5390
vn 0.0516 -0.5765 -0.8155
vn 0.0082 -0.6445 -0.7646
vn 0.0436 -0.9991 0.0000
vn 0.0427 -0.9991 0.0000
vn 0.0400 -0.9992 0.0001
vn 0.0488 -0.9988 0.0005
vn 0.8300 0.5578 -0.0000
vn 0.5003 0.8658 -0.0001
vn 0.7433 0.6690 0.0002
vn 0.6833 0.7301 -0.0039
vn 0.6814 0.7044 0.1985
vn 0.5343 0.8249 0.1846
vn 0.8064 0.5885 -0.0578
vn 0.8175 0.5605 0.1325
vn 0.7752 0.5893 -0.2273
vn 0.6810 0.7008 -0.2126
vn 0.5833 0.7190 0.3779
vn 0.6263 0.6479 -0.4335
vn 0.9510 0.2505 0.1812
vn 0.5922 0.7142 0.3731
vn 0.8097 0.4930 -0.3184
vn 0.7439 0.5141 -0.4270
vn 0.8567 0.3468 0.3818
vn 0.0199 0.7573 0.6528
vn 0.9750 0.1299 -0.1806
vn 0.7315 0.3916 -0.5581
vn 0.5765 0.5204 -0.6299
vn 0.7386 0.4175 0.5293
vn 0.6418 0.4855 0.5936
vn 0.8116 0.2003 -0.5487
vn 0.6642 0.1915 -0.7226
vn 0.8222 -0.0305 -0.5683
vn 0.3977 0.0828 -0.9137
vn 0.7777 -0.0746 -0.6242
vn 0.8452 0.0655 0.5304
vn 0.9099 0.1318 0.3934
vn 0.7094 0.2937 0.6407
vn 0.0952 0.1409 0.9854
vn 0.4557 0.3254 0.8286
vn 0.5813 -0.0511 0.8121
vn 0.7321 0.0448 0.6798
vn 0.8007 -0.1711 -0.5741
vn 0.5935 -0.2538 -0.7638
vn 0.7480 -0.2224 -0.6253
vn 0.6525 -0.2466 0.7165
vn 0.7436 -0.2254 0.6295
vn 0.8970 -0.1448 0.4177
vn 0.8669 -0.1436 0.4774
vn 0.7383 -0.1813 0.6497
vn 0.2593 -0.2751 0.9258
vn 0.9722 -0.1512 0.1788
vn 0.5876 -0.4652 0.6620
vn 0.6289 -0.4368 0.6432
vn 0.7065 -0.6327 0.3172
vn 0.5737 -0.7502 0.3286
vn 0.5059 -0.7564 0.4147
vn 0.4090 -0.6859 0.6018
vn 0.8037 -0.4962 0.3283
vn 0.7961 -0.5723 -0.1967
vn 0.7099 -0.6158 -0.3419
vn 0.5922 -0.6834 -0.4270
vn 0.6577 -0.4699 -0.5887
vn 0.7114 -0.4511 -0.5389
vn 0.6886 -0.7175 0.1050
vn 0.6435 -0.7546 0.1285
vn 0.7382 -0.6657 -0.1088
vn 0.6493 -0.7546 -0.0948
vn 0.5540 -0.8325 0.0000
vn 0.7329 -0.6804 -0.0002
vn 0.6740 -0.7388 -0.0006
vn 0.6638 -0.7479 0.0007
vn 0.6992 -0.7149 0.0003
vn 0.7840 -0.6208 -0.0000
vn 0.6459 -0.7634 -0.0056
vn 0.5970 -0.8022 -0.0024
vn -0.0184 0.0000 0.9998
vn -0.0182 0.0004 0.9998
vn -0.0186 -0.0001 0.9998
vn 0.5221 0.8529 -0.0008
vn 0.6668 0.7453 0.0005
vn 0.7658 0.6431 -0.0007
vn 0.9628 0.2702 -0.0009
vn 0.3095 0.5698 -0.7613
vn 0.4111 0.6840 -0.6026
vn 0.4754 0.6734 -0.5662
vn 0.7608 0.4938 -0.4211
vn 0.8040 0.4375 -0.4028
vn 0.4172 0.8367 -0.3547
vn 0.4509 0.8180 -0.3572
vn 0.9812 0.1732 -0.0850
vn 0.7831 0.5715 -0.2451
vn 0.7785 0.5777 -0.2453
vn 0.9622 0.2396 -0.1297
vn 0.2780 0.9439 -0.1784
vn 0.9719 0.0877 -0.2186
vn 0.5975 0.2192 -0.7713
vn 0.3085 0.3074 -0.9002
vn 0.8125 0.0759 -0.5780
vn 0.8908 0.0724 -0.4485
vn 0.7663 0.2127 -0.6062
vn 0.3293 0.3723 -0.8677
vn 0.4206 0.1382 -0.8967
vn 0.5939 0.1486 -0.7907
vn 0.9098 0.1210 -0.3971
vn 0.5358 0.3763 -0.7559
vn 0.8236 0.2660 -0.5009
vn 0.7478 0.2849 -0.5997
vn 0.4184 0.0027 -0.9082
vn 0.2701 -0.0016 -0.9628
vn 0.7887 -0.0008 -0.6148
vn 0.7772 -0.0016 -0.6292
vn 0.9933 -0.0004 -0.1159
vn 0.9863 -0.0024 -0.1650
vn 0.4204 -0.4893 -0.7641
vn -0.0077 -0.7751 -0.6318
vn 0.7774 -0.3351 -0.5322
vn 0.7909 -0.3315 -0.5144
vn 0.3269 -0.3466 -0.8792
vn 0.4371 -0.7268 -0.5298
vn 0.4578 -0.3509 -0.8169
vn 0.5801 -0.6228 -0.5250
vn 0.8134 -0.2351 -0.5320
vn 0.7653 -0.2463 -0.5947
vn 0.8695 -0.3908 -0.3022
vn 0.3048 -0.2632 -0.9153
vn 0.9705 -0.0806 -0.2271
vn 0.8963 -0.3420 -0.2823
vn 0.7543 -0.1744 -0.6329
vn 0.3985 -0.2250 -0.8891
vn 0.8282 -0.1236 -0.5467
vn 0.2990 -0.1586 -0.9410
vn 0.9343 -0.0804 -0.3473
vn 0.4019 -0.1160 -0.9083
vn 0.4945 -0.6198 -0.6094
vn 0.5893 -0.5422 -0.5990
vn 0.7238 -0.0664 -0.6868
vn 0.9978 -0.0412 -0.0511
vn 0.3007 -0.4680 -0.8310
vn 0.7760 -0.4070 -0.4818
vn 0.2917 -0.5638 -0.7727
vn 0.8753 -0.3214 -0.3613
vn 0.9670 -0.1570 -0.2007
vn -0.0118 0.9999 -0.0001
vn -0.0474 0.9989 0.0011
vn -0.0344 0.9989 -0.0328
vn -0.0129 0.9999 -0.0004
vn -0.0022 1.0000 -0.0011
vn -0.0177 -0.7721 -0.6353
vn -0.0457 -0.7410 -0.6699
vn 0.0130 -0.7195 -0.6944
vn -0.0551 -0.6055 -0.7939
vn -0.0426 -0.6023 -0.7972
vn 0.0066 -0.4799 -0.8773
vn -0.0740 -0.4348 -0.8975
vn 0.0090 -0.3803 -0.9248
vn -0.0446 -0.2834 -0.9580
vn -0.0327 -0.2762 -0.9606
vn -0.0463 -0.1874 -0.9812
vn -0.0048 -0.1621 -0.9868
vn -0.0679 -0.0763 -0.9948
vn 0.0036 -0.0007 -1.0000
vn 0.0055 -0.0009 -1.0000
vn -0.0522 0.0845 -0.9951
vn 0.0551 0.1696 -0.9840
vn -0.0387 0.2381 -0.9705
vn 0.0476 0.2995 -0.9529
vn -0.0563 0.4225 -0.9046
vn -0.0582 0.4233 -0.9041
vn 0.0155 0.5745 -0.8183
vn -0.0821 0.6940 -0.7153
vn 0.0219 0.7842 -0.6201
vn -0.0330 0.8703 -0.4914
vn -0.0016 0.8977 -0.4405
vn -0.0679 0.9427 -0.3268
vn 0.0427 0.9845 -0.1700
vn -0.2558 0.9011 -0.3501
vn -0.4991 0.8360 -0.2278
vn -0.6447 0.6901 -0.3288
vn -0.5158 0.8204 -0.2466
vn -0.9018 0.3502 -0.2532
vn -0.8379 0.4933 -0.2337
vn -0.7416 0.5165 -0.4280
vn -0.5526 0.5854 -0.5932
vn -0.7146 0.5893 -0.3769
vn -0.9307 0.0773 -0.3575
vn -0.5469 0.0893 -0.8324
vn -0.6526 0.2211 -0.7247
vn -0.3206 0.2239 -0.9204
vn -0.7883 0.2713 -0.5522
vn -0.6379 0.3121 -0.7040
vn -0.6183 0.1172 -0.7772
vn -0.7419 0.0025 -0.6705
vn -0.8754 -0.0027 -0.4834
vn -0.8661 -0.1334 -0.4818
vn -0.6783 -0.5388 -0.4997
vn -0.7003 -0.0705 -0.7104
vn -0.8470 -0.4075 -0.3413
vn -0.8998 -0.3385 -0.2751
vn -0.7327 -0.2107 -0.6471
vn -0.4708 -0.3802 -0.7961
vn -0.6933 -0.1229 -0.7101
vn -0.8773 -0.2678 -0.3982
vn -0.6435 -0.4679 -0.6058
vn -0.0181 0.0001 -0.9998
vn -0.0216 -0.0000 0.9998
vn -0.0195 0.0069 0.9998
vn -0.8233 -0.4592 -0.3337
vn -0.9547 -0.2398 -0.1761
vn -0.6473 -0.6076 -0.4603
vn -0.7793 -0.4966 -0.3823
vn -0.6009 -0.6277 -0.4948
vn -0.2157 -0.8464 -0.4869
vn -0.0834 -0.7803 -0.6198
vn -0.9994 -0.0240 -0.0256
vn -0.9414 -0.2650 -0.2088
vn -0.1720 -0.8110 -0.5592
vn 1.0000 0.0000 0.0000
vn 0.0175 -0.9998 0.0000
vn 0.0310 -0.9995 -0.0031
vn 0.0313 -0.9995 -0.0032
vn -0.0185 -0.0001 0.9998
vn -0.0186 -0.0000 0.9998
vn 0.8151 0.3238 -0.4804
vn 0.6262 0.2053 -0.7521
vn 0.1919 0.1842 -0.9640
vn 0.6639 0.1848 -0.7247
vn 0.6869 0.3846 -0.6166
vn 0.4232 0.2095 -0.8815
vn 0.4229 0.2097 -0.8816
vn 0.2194 0.5410 -0.8119
vn 0.2478 0.5255 -0.8139
vn 0.8642 0.3117 -0.3951
vn 0.0949 0.2337 -0.9677
vn 0.5659 0.5089 -0.6487
vn 0.2055 0.3092 -0.9285
vn 0.7525 0.1101 -0.6493
vn 0.9563 0.0583 -0.2864
vn 0.9772 0.0862 -0.1941
vn 0.7479 0.2449 -0.6170
vn 0.5991 0.5119 -0.6157
vn 0.8182 0.2109 -0.5349
vn 0.8122 0.0747 -0.5786
vn 0.1986 0.6993 -0.6866
vn 0.2327 0.3843 -0.8934
vn 0.4253 0.2525 -0.8691
vn 0.5563 -0.3452 0.7559
vn 0.1450 0.6688 -0.7291
vn 0.3054 0.1808 -0.9349
vn 0.0298 0.3757 -0.9263
vn 0.9989 0.0264 -0.0398
vn 0.9395 0.0866 -0.3313
vn 0.8760 0.2112 -0.4336
vn 0.6531 0.0729 -0.7537
vn 0.9472 0.1636 -0.2757
vn 0.0640 0.1048 -0.9924
vn 0.9750 0.1254 -0.1832
vn 0.6043 0.3757 -0.7026
vn 0.3823 0.1315 -0.9146
vn 0.9330 0.0913 -0.3480
vn 0.8877 0.1257 -0.4429
vn 0.9992 -0.0097 -0.0391
vn 0.9987 0.0012 -0.0517
vn 0.9994 -0.0003 -0.0335
vn 0.9986 0.0069 -0.0533
vn 1.0000 -0.0036 0.0091
vn 0.9991 -0.0246 -0.0356
vn 0.9997 0.0112 -0.0238
vn 0.9995 -0.0215 -0.0252
vn 0.9950 0.0511 -0.0856
vn 0.9996 -0.0100 -0.0279
vn 0.1732 0.6407 -0.7480
vn 0.1039 0.5390 -0.8359
vn 0.9995 -0.0314 0.0011
vn 0.9983 0.0581 0.0000
vn 0.9984 0.0558 0.0017
vn 0.9897 0.1428 0.0102
vn 0.9987 0.0505 0.0002
vn 0.9992 0.0411 -0.0001
vn 0.9999 0.0111 0.0000
vn 0.9873 -0.1588 -0.0006
vn 0.9872 -0.1595 0.0000
vn 0.8267 -0.5627 0.0026
vn 0.8165 -0.5774 0.0007
vn 0.5227 -0.8525 -0.0051
vn 0.4111 -0.9116 0.0068
vn -0.0175 -0.9998 -0.0008
vn -0.0181 -0.9998 -0.0006
vn -0.0177 -0.9998 -0.0007
vn -0.0189 -0.9998 0.0021
vn -0.0173 -0.9999 -0.0009
vn -0.0174 -0.9998 -0.0012
vn -0.0177 -0.9998 0.0007
vn -0.0188 -0.9998 0.0021
vn -0.0175 -0.9998 0.0010
vn -0.0183 -0.9998 0.0008
vn -0.0418 -0.9991 -0.0110
vn -0.0194 -0.9998 0.0006
vn -0.0236 -0.9997 -0.0000
vn -0.0234 -0.9997 -0.0000
vn -0.0175 0.9998 0.0000
vn -0.0174 0.9998 -0.0000
vn -0.0172 0.9999 0.0000
vn -0.0212 0.9998 -0.0018
vn -0.0216 0.9998 -0.0004
vn -0.0198 0.9998 -0.0010
vn -0.0175 0.9998 0.0006
vn -0.0177 0.9998 0.0009
vn -0.0174 0.9998 0.0004
vn -0.0178 0.9998 0.0006
vn -0.0192 0.9997 0.0116
vn -0.0193 0.9998 0.0042
vn -0.0223 0.9996 -0.0154
vn -0.0247 0.9996 -0.0108
vn -0.0211 0.0209 -0.9996
vn -0.0205 0.1258 -0.9918
vn -0.0181 0.1308 -0.9912
vn -0.0206 0.0051 -0.9998
vn -0.0152 0.0470 -0.9988
vn -0.0244 0.0677 -0.9974
vn -0.0167 0.1699 -0.9853
vn -0.0196 0.2014 -0.9793
vn -0.0198 0.1621 -0.9866
vn -0.0165 0.1686 -0.9855
vn -0.0205 0.1977 -0.9800
vn -0.0227 0.0843 -0.9962
vn -0.0181 0.2098 -0.9776
vn -0.0180 0.0927 -0.9955
vn -0.0210 0.1888 -0.9818
vn -0.0183 0.0000 -0.9998
vn -0.0222 0.1918 -0.9812
vn -0.1299 -0.6323 -0.7638
vn -0.7129 -0.4414 -0.5449
vn -0.8068 -0.3399 -0.4832
vn -0.8485 -0.3349 -0.4096
vn -0.8089 -0.3620 -0.4633
vn -0.8475 -0.3353 -0.4114
vn -0.8289 -0.3055 -0.4685
vn -0.8924 -0.2397 -0.3823
vn -0.9331 -0.2473 -0.2610
vn -0.9085 -0.2430 -0.3400
vn -0.9203 -0.1624 -0.3558
vn -0.9292 -0.2488 -0.2733
vn -0.9501 -0.2677 -0.1601
vn -0.9931 0.0185 -0.1159
vn -0.9861 0.0260 -0.1641
vn -0.9917 0.0214 -0.1269
vn -0.9833 0.0310 -0.1791
vn -0.9533 -0.2196 -0.2074
vn -0.9833 0.0402 -0.1772
vn -0.9848 0.0373 -0.1694
vn -0.9898 0.0337 -0.1382
vn -0.9929 0.0350 -0.1139
vn -0.9860 0.0573 -0.1565
vn -0.9848 0.0639 -0.1614
vn -0.9580 -0.2607 -0.1194
vn -0.2097 -0.5957 -0.7753
vn -0.1623 -0.6771 -0.7178
vn -0.9918 0.0430 -0.1204
vn -0.9858 0.0776 -0.1489
vn -0.1653 -0.6710 -0.7228
vn -0.9354 -0.2138 -0.2815
vn -0.9711 -0.2213 -0.0897
vn -0.9886 0.0882 -0.1223
vn -0.9718 -0.1767 -0.1561
vn -0.9886 0.0908 -0.1199
vn -0.2878 -0.6161 -0.7332
vn -0.9899 0.1011 -0.0990
vn -0.9658 -0.1355 -0.2212
vn -0.9665 -0.1142 -0.2297
vn -0.1905 -0.6825 -0.7057
vn -0.9874 0.1305 -0.0897
vn -0.2874 -0.6165 -0.7330
vn -0.2823 -0.6453 -0.7099
vn -0.9899 0.1315 -0.0539
vn -0.9885 0.1366 -0.0643
vn -0.9884 0.1368 -0.0655
vn -0.2921 -0.6228 -0.7258
vn -0.9928 0.0866 -0.0830
vn -0.9902 0.1153 -0.0783
vn -0.9864 0.1614 -0.0324
vn -0.9821 -0.1575 -0.1036
vn -0.3766 -0.6409 -0.6689
vn -0.4226 -0.5864 -0.6911
vn -0.9789 -0.0567 -0.1963
vn -0.9839 -0.0866 -0.1561
vn -0.9866 -0.1082 -0.1222
vn -0.9764 -0.0373 -0.2125
vn -0.4699 -0.5954 -0.6517
vn -0.4787 -0.5754 -0.6631
vn -0.9784 -0.2057 -0.0201
vn -0.9893 -0.1258 -0.0740
vn -0.0188 -0.7383 -0.6742
vn -0.0168 -0.5956 -0.8031
vn -0.0343 -0.6833 -0.7293
vn -0.5602 -0.5287 -0.6377
vn -0.6378 -0.5535 -0.5356
vn -0.6860 -0.4722 -0.5536
vn -0.0456 -0.6457 -0.7623
vn -0.0161 -0.8092 -0.5873
vn -0.9922 -0.0417 -0.1175
vn -0.0472 -0.6689 -0.7419
vn -0.0352 -0.7567 -0.6528
vn -0.9919 -0.0929 -0.0862
vn -0.8197 -0.4207 -0.3887
vn -0.9795 0.0143 -0.2009
vn -0.8167 -0.4213 -0.3944
vn -0.9954 -0.0207 -0.0930
vn -0.0498 -0.7445 -0.6658
vn -0.0697 -0.6893 -0.7211
vn -0.9927 -0.1177 -0.0278
vn -0.9835 -0.1807 0.0103
vn -0.0874 -0.6017 -0.7939
vn -0.9840 -0.1781 0.0041
vn -0.8882 -0.3567 -0.2896
vn -0.4204 -0.5659 -0.7092
vn -0.1253 -0.6526 -0.7473
vn -0.8971 -0.3570 -0.2602
vn -0.4033 -0.5755 -0.7115
vn -0.0697 -0.7154 -0.6952
vn -0.4921 -0.5363 -0.6857
vn -0.5377 -0.5215 -0.6625
vn -0.6384 -0.4645 -0.6138
vn -0.7027 -0.4897 -0.5162
vn -0.6720 -0.4257 -0.6060
vn -0.9970 -0.0002 -0.0768
vn -0.9568 -0.1087 -0.2696
vn -0.9977 0.0009 -0.0674
vn -0.9917 -0.0218 -0.1264
vn -0.9570 -0.0953 -0.2738
vn -0.9999 0.0140 0.0001
vn -0.9999 0.0157 -0.0053
vn -0.9980 -0.0049 -0.0624
vn -0.9988 -0.0037 -0.0488
vn -0.9997 0.0129 -0.0212
vn -0.9969 -0.0022 -0.0784
vn -0.9999 0.0129 0.0089
vn -0.9983 -0.0206 -0.0543
vn -0.9999 0.0153 0.0001
vn -0.9861 -0.0730 -0.1493
vn -0.9148 -0.1965 -0.3528
vn -0.9888 -0.0661 -0.1340
vn -0.9022 -0.2114 -0.3759
vn -0.9999 -0.0006 0.0107
vn -0.9963 -0.0114 -0.0848
vn -0.9993 -0.0113 -0.0360
vn -0.9996 0.0081 -0.0275
vn -0.9111 -0.1755 -0.3729
vn -0.9211 -0.1660 -0.3521
vn -0.9067 -0.1691 -0.3865
vn -0.9995 0.0138 -0.0280
vn -0.9999 0.0026 0.0118
vn -0.8948 -0.2162 -0.3907
vn -0.8902 -0.2240 -0.3967
vn -0.9905 -0.0266 -0.1349
vn -0.9999 0.0139 -0.0025
vn -0.9130 -0.1572 -0.3766
vn -0.8952 -0.2002 -0.3983
vn -0.9999 0.0173 0.0000
vn -0.9584 -0.0938 -0.2697
vn -0.9999 0.0162 0.0034
vn -0.9369 -0.1677 -0.3067
vn -0.9211 -0.1915 -0.3389
vn -0.9685 -0.1166 -0.2202
vn -0.9987 0.0467 -0.0204
vn -0.9998 0.0182 -0.0001
vn -0.9997 0.0077 -0.0216
vn -0.9718 -0.0850 -0.2198
vn -0.9092 -0.1765 -0.3772
vn -0.9600 -0.1345 -0.2454
vn -0.9876 0.1571 -0.0006
vn -0.9868 0.1617 -0.0012
vn -0.9795 -0.1786 -0.0928
vn -0.9046 -0.4081 -0.1229
vn -0.9866 -0.0962 -0.1319
vn -0.8577 -0.3487 -0.3779
vn -0.8124 -0.4725 -0.3417
vn -0.8183 -0.5550 -0.1496
vn -0.8397 -0.3921 -0.3758
vn -0.8474 -0.4825 -0.2216
vn -1.0000 0.0042 0.0088
vn -0.7843 -0.5993 -0.1602
vn -0.8281 -0.5037 -0.2460
vn -0.8257 -0.4857 -0.2869
vn -0.9998 0.0062 0.0177
vn -0.8386 -0.4438 -0.3159
vn -0.6804 -0.7318 -0.0393
vn -0.7290 -0.6658 -0.1591
vn -0.9619 -0.2645 -0.0688
vn -0.8204 -0.4568 -0.3439
vn -0.9988 -0.0443 0.0209
vn -0.9984 -0.0564 0.0006
vn -0.9710 -0.1552 -0.1816
vn -0.9436 -0.2675 -0.1948
vn -0.8868 -0.4510 -0.1010
vn -0.9388 -0.1686 -0.3004
vn -0.8894 -0.3874 -0.2427
vn -0.8566 -0.5159 -0.0076
vn -0.9453 -0.0699 -0.3186
vn -0.8887 -0.3846 -0.2496
vn -1.0000 0.0016 0.0095
vn -0.8524 -0.3978 -0.3394
vn -0.8429 -0.5379 -0.0164
vn -0.8523 -0.4964 -0.1651
vn -0.7959 -0.5937 -0.1187
vn -0.7353 -0.6773 -0.0255
vn -0.7977 -0.5991 -0.0691
vn -0.8366 -0.3547 -0.4175
vn -0.8175 -0.1027 -0.5667
vn -0.8238 -0.4147 -0.3864
vn -0.7783 -0.5371 -0.3251
vn -0.7918 -0.5596 -0.2447
vn -0.9459 0.0279 -0.3231
vn -0.9905 0.0137 -0.1365
vn -0.7412 -0.6650 -0.0917
vn -0.6979 -0.7120 -0.0776
vn -0.7386 -0.4780 -0.4754
vn -0.6840 -0.4525 -0.5722
vn -0.7206 -0.5945 -0.3569
vn -0.6285 -0.4841 -0.6088
vn -0.7666 -0.6421 0.0022
vn -0.5449 0.0885 -0.8338
vn -0.6348 -0.6177 -0.4642
vn -0.6435 -0.4990 -0.5805
vn -0.6533 -0.7092 -0.2649
vn -0.9997 0.0221 0.0041
vn -0.7691 -0.6392 -0.0028
vn -0.6860 -0.7276 0.0019
vn -0.4501 -0.1444 -0.8812
vn -0.6316 -0.7085 -0.3149
vn -0.5989 -0.7861 -0.1531
vn -0.6167 -0.6948 -0.3699
vn -0.7649 -0.6442 0.0024
vn -0.9997 0.0032 0.0234
vn -0.9996 -0.0249 0.0124
vn -0.8140 -0.5809 0.0035
vn -0.7458 -0.6576 -0.1067
vn -0.6641 -0.7472 0.0252
vn -0.8866 -0.3563 -0.2949
vn -0.9072 -0.2927 -0.3021
vn -0.6171 -0.7858 0.0405
vn -0.9993 -0.0183 0.0339
vn -0.9996 -0.0128 0.0254
vn -0.8710 -0.3367 -0.3576
vn -0.7593 -0.6077 -0.2329
vn -0.9993 -0.0058 0.0359
vn -0.9988 -0.0144 0.0465
vn -0.9987 -0.0501 -0.0002
vn -0.8154 -0.2970 -0.4969
vn -0.8346 -0.5508 0.0020
vn -0.7049 -0.6365 -0.3132
vn -0.9991 -0.0297 0.0287
vn -0.5931 -0.5859 -0.5523
vn -0.7851 -0.5421 -0.2996
vn -0.8698 -0.2932 -0.3968
vn -0.9983 -0.0578 0.0007
vn -0.5904 -0.8036 -0.0756
vn -0.5913 -0.8034 -0.0703
vn -0.9985 -0.0554 0.0002
vn -0.9989 -0.0475 -0.0000
vn -0.9903 -0.1390 -0.0014
vn -0.9683 -0.2485 -0.0246
vn -0.9706 -0.2307 -0.0689
vn -0.9158 -0.3988 -0.0482
vn -0.9700 -0.0718 -0.2324
vn -0.9751 -0.1185 -0.1877
vn -0.9765 -0.0270 -0.2139
vn -0.9180 -0.0490 -0.3936
vn -0.9227 -0.1696 -0.3463
vn -0.9709 -0.0096 -0.2392
vn -0.9688 -0.2433 -0.0473
vn -0.8962 -0.0988 -0.4325
vn -0.8058 -0.5902 -0.0483
vn -0.9992 -0.0321 -0.0252
vn -0.9414 0.0241 -0.3363
vn -0.9899 -0.1223 -0.0724
vn -0.9635 -0.2595 -0.0663
vn -0.6854 -0.2099 -0.6973
vn -0.8752 0.0554 -0.4806
vn -0.8550 0.0372 -0.5172
vn -0.7410 -0.6474 -0.1784
vn -0.7391 -0.6454 -0.1928
vn -0.7904 0.0689 -0.6087
vn -0.6688 -0.7369 -0.0986
vn -0.6569 0.0478 -0.7525
vn -0.7175 -0.0336 -0.6958
vn -0.7034 -0.6841 -0.1931
vn -0.8109 -0.1171 -0.5733
vn -0.6946 0.1116 -0.7107
vn -0.6898 -0.3964 -0.6058
vn -0.6365 -0.7667 -0.0836
vn -0.9998 -0.0106 0.0181
vn -0.6601 -0.6977 -0.2785
vn -0.7228 -0.2261 -0.6531
vn -0.6632 -0.7308 -0.1614
vn -0.5867 -0.3108 -0.7478
vn -0.5059 -0.0853 -0.8583
vn -0.5996 -0.8003 -0.0066
vn -0.5821 -0.0147 -0.8130
vn -0.5272 -0.3537 -0.7726
vn -0.6574 -0.3479 -0.6684
vn -0.6616 -0.1840 -0.7269
vn -0.9605 -0.2782 -0.0002
vn -0.9503 -0.3112 0.0003
vn -0.6708 -0.7408 -0.0351
vn -0.5911 -0.2502 -0.7668
vn -0.5876 -0.7783 -0.2212
vn -0.6688 -0.7432 0.0172
vn -0.6969 -0.7172 0.0035
vn -0.8946 -0.4469 0.0004
vn -0.7073 -0.7069 0.0097
vn -0.5437 -0.1213 -0.8305
vn -0.6261 -0.7795 0.0171
vn -0.6351 -0.7669 -0.0926
vn -0.7929 -0.6094 0.0060
vn -0.4467 0.1451 -0.8828
vn -0.9993 -0.0111 0.0367
vn -0.9995 -0.0145 0.0287
vn -0.9712 -0.1836 -0.1517
vn -0.8262 -0.5532 -0.1065
vn -0.5467 -0.3776 -0.7474
vn -0.7161 -0.6978 0.0141
vn -0.9028 -0.3828 -0.1957
vn -0.8819 -0.4149 -0.2238
vn -0.7367 -0.6754 -0.0331
vn -0.9525 -0.2333 -0.1956
vn -0.6784 -0.7342 0.0264
vn -0.5983 -0.5907 -0.5414
vn -0.9469 -0.2138 -0.2401
vn -0.9995 -0.0313 0.0087
vn -0.7906 -0.5762 -0.2073
vn -0.6404 -0.7671 0.0379
vn -0.6196 -0.7847 0.0172
vn -0.7225 -0.6818 -0.1150
vn -0.9075 -0.2600 -0.3300
vn -0.8552 -0.4068 -0.3210
vn -0.5794 -0.8146 -0.0280
vn -0.7837 -0.5563 -0.2763
vn -0.5804 -0.8136 0.0344
vn -0.5887 -0.8079 0.0278
vn -0.8835 -0.3054 -0.3553
vn -0.7686 -0.5920 -0.2426
vn -0.8030 -0.5959 0.0025
vn -0.9185 -0.3842 -0.0935
vn -0.9931 -0.0064 -0.1173
vn -0.6594 0.0110 -0.7517
vn -0.9260 0.0058 -0.3774
vn -0.9915 -0.0014 -0.1299
vn -0.8488 0.0566 -0.5256
vn -0.7119 0.0273 -0.7018
vn -0.9706 0.0090 -0.2404
vn -0.5495 0.0047 -0.8355
vn -0.5210 0.0118 -0.8535
vn -0.9385 -0.0004 -0.3452
vn -0.7704 0.0253 -0.6371
vn -0.6738 0.0104 -0.7388
vn -0.8552 0.0009 -0.5183
vn -0.8534 0.0002 -0.5212
vn -0.7440 -0.0007 -0.6682
vn -0.7273 0.0043 -0.6863
vn -0.5817 -0.0055 -0.8134
vn -0.8719 0.0544 -0.4867
vn -0.5082 0.0060 -0.8612
vn -0.4256 -0.0088 -0.9049
vn -0.9451 0.0930 -0.3131
vn -0.9546 0.0918 -0.2834
vn -0.3906 0.0030 -0.9205
vn -0.3816 0.0092 -0.9243
vn -0.9848 0.1170 -0.1281
vn -1.0000 0.0084 -0.0045
vn -0.9873 -0.0785 0.1381
vn -0.9782 -0.0663 0.1966
vn -0.9856 -0.0700 0.1541
vn -0.9876 -0.0698 0.1406
vn -0.9846 -0.0681 0.1611
vn -0.9886 -0.0654 0.1359
vn -0.9841 -0.0583 0.1679
vn -0.9899 -0.0484 0.1336
vn -0.9896 -0.0494 0.1354
vn -0.9909 -0.0403 0.1287
vn -0.9857 -0.0491 0.1610
vn -0.9918 -0.0269 0.1252
vn -0.9918 -0.0259 0.1252
vn -0.9684 -0.2494 -0.0023
vn -0.9781 -0.2065 -0.0267
vn -0.9440 -0.3130 0.1044
vn -0.0139 -0.8189 0.5738
vn -0.9580 -0.2756 0.0795
vn -0.8653 -0.4335 0.2518
vn -0.9106 -0.3581 0.2064
vn -0.6940 -0.5389 0.4774
vn -0.6723 -0.5417 0.5046
vn -0.5559 -0.5956 0.5799
vn -0.4986 -0.5934 0.6319
vn -0.1223 -0.7174 0.6859
vn -0.3726 -0.6474 0.6649
vn -0.3839 -0.6375 0.6680
vn -0.1894 -0.6873 0.7012
vn -0.2246 -0.6942 0.6839
vn -0.0473 -0.7208 0.6915
vn -0.0767 -0.7058 0.7042
vn -0.2075 -0.6528 0.7285
vn -0.3144 -0.6170 0.7214
vn -0.9773 -0.2100 0.0295
vn -0.5265 -0.5506 0.6478
vn -0.6318 -0.4946 0.5968
vn -0.0313 -0.6818 0.7308
vn -0.0423 -0.6272 0.7777
vn -0.1765 -0.6205 0.7641
vn -0.0895 -0.6302 0.7712
vn -0.1190 -0.6060 0.7865
vn -0.3603 -0.5756 0.7341
vn -0.9963 0.0012 0.0861
vn -0.4374 -0.5535 0.7087
vn -0.9965 0.0004 0.0835
vn -0.9947 -0.0074 0.1026
vn -0.9946 -0.0075 0.1037
vn -0.2362 -0.5881 0.7736
vn -0.9933 -0.0167 0.1139
vn -0.3365 -0.5739 0.7466
vn -0.9930 -0.0176 0.1169
vn -0.4742 -0.5326 0.7011
vn -0.0296 -0.7541 0.6561
vn -0.9269 -0.2523 0.2779
vn -0.9817 -0.1565 0.1086
vn -0.9825 -0.1555 0.1029
vn -0.8785 -0.2972 0.3740
vn -0.8972 -0.2728 0.3472
vn -0.9819 -0.1565 0.1071
vn -0.9570 -0.1933 0.2164
vn -0.9541 -0.1679 0.2480
vn -0.9887 -0.1288 0.0770
vn -0.9673 -0.1217 0.2224
vn -0.9729 -0.1152 0.2003
vn -0.9763 -0.0678 0.2054
vn -0.1012 -0.6768 0.7292
vn -0.1702 -0.6439 0.7459
vn -0.9595 -0.2701 0.0805
vn -0.9469 -0.2635 0.1845
vn -0.6846 -0.4835 0.5455
vn -0.7811 -0.4201 0.4621
vn -0.9014 -0.3388 0.2696
vn -0.9644 -0.2194 0.1476
vn -0.9500 -0.2522 0.1841
vn -0.0313 -0.6008 0.7988
vn -0.9817 -0.1814 0.0574
vn -0.9826 -0.1799 0.0458
vn -0.8573 -0.3423 0.3846
vn -0.7896 -0.3996 0.4657
vn -0.9735 -0.1791 0.1422
vn -0.6586 -0.4683 0.5890
vn -0.9830 -0.1818 -0.0275
vn -0.9799 -0.1941 -0.0457
vn -0.9007 -0.3404 0.2701
vn -0.8416 -0.4137 0.3473
vn -0.8320 -0.4204 0.3620
vn -0.8037 -0.3862 0.4528
vn -0.8839 -0.3234 0.3379
vn -0.9218 -0.2747 0.2734
vn -0.6335 -0.4867 0.6015
vn -0.9874 -0.0897 0.1303
vn -0.9789 -0.0821 0.1874
vn -0.9753 -0.0760 0.2074
vn -0.9868 -0.0880 0.1359
vn -0.0164 0.9958 0.0906
vn -0.0176 0.6992 0.7147
vn -0.0188 0.9973 0.0710
vn -0.0186 0.9056 0.4238
vn -0.0177 0.4915 0.8707
vn -0.0168 0.7036 0.7104
vn -0.0195 0.4756 0.8795
vn -0.0191 0.5633 0.8260
vn -0.0195 0.6354 0.7720
vn -0.0174 0.7940 0.6077
vn -0.0189 0.9530 0.3022
vn -0.0195 0.7787 0.6271
vn -0.0169 0.4095 0.9121
vn -0.0157 0.5939 0.8044
vn -0.0201 0.8378 0.5456
vn -0.0177 0.9556 0.2942
vn -0.0176 0.9091 0.4163
vn -0.0166 0.8576 0.5141
vn -0.0163 0.2584 0.9659
vn -0.0199 0.3827 0.9237
vn -0.0184 0.3332 0.9427
vn -0.0201 0.3174 0.9481
vn -0.0163 0.9799 0.1987
vn -0.0201 0.9854 0.1689
vn -0.0149 0.0275 0.9995
vn -0.0213 0.1072 0.9940
vn -0.0165 0.1526 0.9881
vn -0.0219 0.1390 0.9901
vn -0.0218 0.0693 0.9974
vn -0.0174 0.1960 0.9804
vn -0.0154 0.0938 0.9955
vn -0.0219 0.2122 0.9770
vn -0.0218 0.0273 0.9994
vn -0.0178 0.0097 0.9998
vn -0.0165 0.0464 0.9988
vn -0.0212 0.1755 0.9842
vn -0.9822 -0.1876 -0.0004
vn -0.9825 -0.1864 0.0001
vn -0.9818 -0.1900 -0.0001
vn -0.9978 0.0038 0.0663
vn -0.9978 0.0034 0.0664
vn -0.9982 -0.0086 0.0594
vn -0.0196 0.8159 -0.5778
vn -0.0238 0.8305 -0.5566
vn -0.0268 0.3254 -0.9452
vn -0.0161 0.2714 -0.9623
vn -0.0168 0.7442 -0.6677
vn -0.0257 0.9686 -0.2473
vn -0.0222 0.7675 -0.6406
vn -0.0279 0.2413 -0.9701
vn -0.0163 0.9521 -0.3053
vn -0.0229 0.6741 -0.7383
vn -0.0214 0.9431 -0.3318
vn -0.0178 0.6435 -0.7652
vn -0.0179 0.9986 -0.0500
vn -0.0183 0.9986 -0.0489
vn -0.0248 0.6018 -0.7983
vn -0.0227 0.9072 -0.4202
vn -0.0149 0.5248 -0.8511
vn -0.0146 0.8902 -0.4553
vn -0.0244 0.4897 -0.8716
vn -0.0243 0.9927 -0.1185
vn -0.0125 0.9868 -0.1614
vn -0.0191 0.3915 -0.9200
vn -0.0172 0.3854 -0.9226
vn -1.0000 0.0086 -0.0000
vn -1.0000 0.0003 -0.0006
vn -1.0000 0.0004 -0.0007
vn -1.0000 0.0046 0.0007
vn -1.0000 0.0006 -0.0000
vn -0.9999 -0.0095 -0.0060
vn -1.0000 0.0005 -0.0006
vn -1.0000 -0.0004 -0.0064
vn -1.0000 0.0002 -0.0006
vn -1.0000 0.0004 -0.0001
vn -1.0000 0.0003 -0.0001
vn -1.0000 0.0002 -0.0002
vn -1.0000 -0.0007 -0.0011
vn -0.9995 0.0166 -0.0254
vn 0.5936 0.0003 -0.8048
vn 0.5816 -0.0001 -0.8135
vn 0.5768 0.0002 -0.8169
vn 0.5703 -0.0001 -0.8215
vn 0.5941 -0.0001 -0.8044
vn 0.5512 0.0016 -0.8344
vn 0.5172 -0.0002 -0.8559
vn 0.5325 0.0010 -0.8464
vn -0.5360 -0.0034 0.8442
vn 0.5059 -0.0028 -0.8626
vn 0.0442 0.9990 0.0031
vn 0.0568 0.9984 0.0001
vn 0.0244 -0.0023 0.9997
vn 0.4896 0.0021 0.8719
vn 0.5245 -0.0003 0.8514
vn 0.5443 0.0003 0.8389
vn 0.5511 0.0001 0.8345
vn 0.1147 -0.0088 0.9934
vn 0.5442 0.0003 0.8390
vn 0.1199 0.0078 0.9927
vn 0.2105 0.0065 0.9776
vn 0.5721 0.0002 0.8202
vn 0.2153 -0.0084 0.9765
vn 0.5816 -0.0005 0.8135
vn 0.5187 -0.0011 0.8549
vn 0.3139 -0.0041 0.9495
vn 0.3249 0.0300 0.9453
vn 0.3845 -0.0246 0.9228
vn 0.4179 0.0308 0.9080
vn 0.5089 0.0010 0.8608
vn 0.4686 -0.0062 0.8834
vn 0.4611 -0.0183 0.8872
vn 0.4774 -0.0005 0.8787
vn 0.5154 0.0005 0.8570
vn 0.5144 -0.0023 0.8575
vn -0.4552 0.7502 -0.4796
vn -0.2381 0.9423 -0.2355
vn -0.4824 0.7287 -0.4860
vn -0.3982 0.8291 -0.3924
vn -0.5013 0.7677 -0.3991
vn -0.8142 0.3690 -0.4482
vn -0.7154 0.5778 -0.3927
vn -0.7148 0.5809 -0.3893
vn -0.9851 0.1717 0.0101
vn -0.7861 0.5575 -0.2670
vn -0.7867 0.5558 -0.2686
vn -0.6095 0.7461 -0.2680
vn -0.8118 0.1352 -0.5680
vn -0.8111 0.1644 -0.5614
vn -0.8553 0.5180 -0.0074
vn -0.8892 0.2313 -0.3948
vn -0.8716 0.2460 -0.4241
vn -0.9670 0.2192 -0.1299
vn -0.7387 0.3042 -0.6015
vn -0.7909 0.3877 -0.4735
vn -0.7526 0.3667 -0.5470
vn -0.9529 0.2218 -0.2069
vn -0.6968 0.3102 -0.6467
vn -0.8000 0.5265 -0.2877
vn -0.8547 0.5165 -0.0522
vn -0.7625 0.5293 -0.3719
vn -0.8164 0.5736 -0.0670
vn -0.5847 0.5263 -0.6174
vn -0.6729 0.7373 -0.0594
vn -0.4482 0.5381 -0.7138
vn -0.6143 0.7883 -0.0357
vn -0.7293 0.6636 -0.1670
vn -0.3989 0.1985 -0.8953
vn -0.5293 0.8464 -0.0579
vn -0.4625 0.8447 -0.2695
vn -0.7227 0.6633 -0.1940
vn -0.3764 0.3792 -0.8453
vn -0.6435 0.7322 -0.2232
vn -0.4013 0.9154 -0.0318
vn -0.5247 0.8443 -0.1089
vn -0.4163 0.8521 -0.3172
vn -0.3491 0.7712 -0.5323
vn -0.4317 0.8875 -0.1612
vn -0.3762 0.3079 -0.8739
vn -0.2724 0.9169 -0.2918
vn -0.2890 0.9531 -0.0896
vn -0.2987 0.9501 -0.0899
vn -0.2055 0.9618 -0.1809
vn -0.9557 0.2792 -0.0931
vn -0.8984 0.4301 -0.0883
vn -0.4207 0.4962 -0.7594
vn -0.1976 0.9027 -0.3823
vn -0.9109 0.3102 -0.2721
vn -0.0906 0.9865 -0.1367
vn -0.8772 0.4105 -0.2491
vn -0.5519 0.2087 -0.8074
vn -0.7177 0.3885 -0.5779
vn -0.7122 0.3479 -0.6097
vn -0.8789 0.1871 -0.4388
vn -0.2127 0.9678 -0.1348
vn -0.8135 0.3801 -0.4403
vn -0.2418 0.9598 -0.1428
vn -0.2603 0.9467 -0.1898
vn -0.3948 0.9015 -0.1773
vn -0.8936 0.3060 -0.3284
vn -0.8944 0.3424 -0.2879
vn -0.6087 0.3979 -0.6864
vn -0.6626 0.6352 -0.3967
vn -0.5811 0.6485 -0.4917
vn -0.6145 0.7431 -0.2649
vn -0.4787 0.5820 -0.6574
vn -0.6365 0.1384 -0.7587
vn -0.4451 0.7595 -0.4744
vn -0.3348 0.5907 -0.7342
vn -0.5034 0.1309 -0.8541
vn -0.3471 0.4833 -0.8037
vn -0.2280 0.8956 -0.3820
vn -0.4938 0.2969 -0.8173
vn -0.5344 0.3490 -0.7698
vn -0.5527 0.3672 -0.7481
vn -0.6286 0.1377 -0.7655
vn -0.5674 0.4295 -0.7025
vn -0.4762 0.4183 -0.7735
vn -0.7696 0.1868 -0.6106
vn -0.7531 0.1314 -0.6447
vn -0.6132 0.6009 -0.5127
vn -0.1424 0.9744 -0.1740
vn -0.3244 0.8779 -0.3523
vn -0.6489 0.5681 -0.5061
vn -0.4713 0.8210 -0.3222
vn -0.6774 0.6406 -0.3618
vn -0.3289 0.9119 -0.2454
vn -0.4488 0.8460 -0.2880
vn -0.6146 0.7480 -0.2504
vn -0.5757 0.5417 -0.6125
vn -0.2920 0.6832 -0.6693
vn -0.3866 0.7536 -0.5316
vn -0.2812 0.7464 -0.6032
vn -0.4819 0.2718 -0.8330
vn -0.2326 0.8181 -0.5259
vn -0.4222 0.6589 -0.6226
vn -0.6496 0.2445 -0.7199
vn -0.4224 0.6250 -0.6565
vn -0.3500 0.7391 -0.5755
vn -0.1224 0.9598 -0.2526
vn -0.2778 0.8740 -0.3987
vn -0.5615 0.5422 -0.6251
vn -0.9724 0.2250 0.0622
vn -0.9528 0.2972 0.0626
vn -0.9100 0.4104 0.0587
vn -0.8525 0.5197 0.0568
vn -0.7790 0.6250 0.0500
vn -0.6264 0.7785 0.0391
vn -0.6885 0.7238 0.0449
vn -0.5094 0.8599 0.0336
vn -0.3269 0.9449 0.0200
vn -0.3362 0.9416 0.0204
vn -0.1262 0.9920 0.0075
vn -0.1703 0.9854 0.0091
vn -0.9678 0.2276 0.1079
vn -0.1509 0.9721 0.1796
vn -0.9506 0.2975 0.0884
vn -0.8560 0.5061 0.1054
vn -0.8691 0.4854 0.0945
vn -0.7146 0.0964 0.6928
vn -0.9316 0.0107 0.3633
vn -0.5939 0.1280 0.7943
vn -0.6465 0.4276 0.6319
vn -0.6741 0.5401 0.5038
vn -0.9101 0.0411 0.4123
vn -0.3268 0.2045 0.9227
vn -0.6698 0.6173 0.4126
vn -0.2660 0.2178 0.9390
vn -0.7213 0.1356 0.6793
vn -0.8541 0.0728 0.5150
vn -0.6530 0.6818 0.3297
vn -0.6641 0.6899 0.2880
vn -0.5618 0.1843 0.8065
vn -0.5839 0.1850 0.7904
vn -0.7621 0.1359 0.6331
vn -0.6896 0.7184 0.0912
vn -0.4484 0.2190 0.8666
vn -0.7124 0.2823 0.6424
vn -0.6924 0.2960 0.6580
vn -0.5756 0.3255 0.7501
vn -0.7827 0.2496 0.5702
vn -0.7355 0.1846 0.6519
vn -0.7464 0.1885 0.6382
vn -0.4505 0.4208 0.7874
vn -0.1821 0.2902 0.9395
vn -0.2661 0.4881 0.8312
vn -0.4327 0.5032 0.7480
vn -0.3736 0.2839 0.8831
vn -0.2752 0.5471 0.7905
vn -0.9082 0.0916 0.4085
vn -0.5793 0.2565 0.7737
vn -0.5769 0.2567 0.7755
vn -0.9613 0.0326 0.2736
vn -0.8797 0.1326 0.4566
vn -0.2806 0.3065 0.9096
vn -0.5455 0.6320 0.5504
vn -0.7311 0.5151 0.4474
vn -0.4620 0.2948 0.8365
vn -0.2177 0.3619 0.9064
vn -0.5235 0.7172 0.4600
vn -0.7185 0.5972 0.3566
vn -0.3791 0.3587 0.8530
vn -0.8561 0.1808 0.4842
vn -0.7213 0.6594 0.2119
vn -0.2704 0.3826 0.8834
vn -0.5656 0.7951 0.2191
vn -0.7756 0.6065 0.1749
vn -0.7508 0.6430 0.1510
vn -0.7647 0.6343 0.1138
vn -0.5907 0.7948 0.1390
vn -0.5906 0.7988 0.1143
vn -0.8849 0.1945 0.4233
vn -0.9546 0.0907 0.2837
vn -0.4750 0.3821 0.7927
vn -0.5913 0.3995 0.7005
vn -0.5023 0.4334 0.7482
vn -0.9199 0.1641 0.3562
vn -0.4598 0.7168 0.5242
vn -0.4261 0.8156 0.3914
vn -0.9831 0.0301 0.1805
vn -0.7725 0.3319 0.5413
vn -0.2314 0.5256 0.8187
vn -0.5192 0.8362 0.1764
vn -0.4421 0.8815 0.1661
vn -0.7468 0.3667 0.5549
vn -0.9051 0.2235 0.3616
vn -0.4998 0.8613 0.0914
vn -0.3958 0.9127 0.1017
vn -0.5493 0.5093 0.6625
vn -0.8452 0.3234 0.4256
vn -0.4739 0.5279 0.7048
vn -0.9506 0.1636 0.2638
vn -0.7719 0.3870 0.5043
vn -0.3550 0.7617 0.5421
vn -0.4266 0.7930 0.4350
vn -0.4091 0.8274 0.3847
vn -0.2746 0.6226 0.7328
vn -0.5515 0.5454 0.6312
vn -0.6932 0.4835 0.5345
vn -0.3620 0.9248 0.1171
vn -0.2610 0.6615 0.7031
vn -0.1729 0.4552 0.8734
vn -0.4431 0.6377 0.6301
vn -0.2261 0.6061 0.7626
vn -0.2796 0.7318 0.6215
vn -0.8309 0.4040 0.3826
vn -0.3030 0.7666 0.5661
vn -0.2971 0.8201 0.4891
vn -0.3765 0.6642 0.6458
vn -0.2380 0.8954 0.3763
vn -0.1668 0.9353 0.3121
vn -0.1485 0.7033 0.6953
vn -0.2424 0.9464 0.2133
vn -0.2627 0.9577 0.1173
vn -0.8739 0.3599 0.3269
vn -0.9170 0.2812 0.2829
vn -0.5697 0.1249 0.8123
vn -0.1272 0.7504 0.6486
vn -0.9471 0.2346 0.2190
vn -0.1126 0.9910 0.0722
vn -0.8072 0.4976 0.3175
vn -0.0895 0.8372 0.5395
vn -0.1875 0.8524 0.4881
vn -0.9375 0.2840 0.2011
vn -0.8703 0.4339 0.2328
vn -0.8663 0.4404 0.2359
vn -0.9690 0.1993 0.1461
vn -0.0970 0.8963 0.4328
vn -0.7228 0.6419 0.2560
vn -0.5334 0.8040 0.2627
vn -0.9595 0.2498 0.1301
vn -0.4217 0.8590 0.2904
vn -0.2756 0.9210 0.2752
vn -0.8642 0.4764 0.1621
vn -0.8704 0.4664 0.1577
vn -0.7356 0.0338 0.6765
vn -0.8858 -0.0190 0.4637
vn -0.5143 0.0835 0.8535
vn -0.3208 0.1106 0.9407
vn -0.3140 0.0874 0.9454
vn -0.3018 -0.0155 0.9532
vn -0.5735 0.0420 0.8181
vn -0.7360 0.0059 0.6769
vn -0.0905 0.0020 0.9959
vn -0.0618 -0.1275 0.9899
vn -0.2533 0.0764 0.9644
vn -0.7573 -0.0031 0.6530
vn -0.0995 0.2057 0.9735
vn -0.5378 0.0227 0.8428
vn -0.2870 0.0603 0.9560
vn -0.9355 -0.0608 0.3481
vn -0.5510 0.0165 0.8343
vn -0.7061 -0.0178 0.7079
vn -0.9111 -0.0593 0.4079
vn -0.8000 -0.0426 0.5984
vn -0.7059 -0.0178 0.7080
vn -0.2724 -0.4177 0.8668
vn -0.1911 -0.3680 0.9100
vn -0.1797 -0.4322 0.8837
vn -0.5470 -0.0332 0.8365
vn -0.5936 -0.0450 0.8035
vn -0.0715 -0.3878 0.9190
vn -0.8230 -0.0913 0.5607
vn -0.9203 -0.0970 0.3790
vn -0.3627 -0.0339 0.9313
vn -0.8918 -0.1114 0.4384
vn -0.7853 0.0479 0.6173
vn -0.7844 -0.1554 0.6004
vn -0.8862 -0.1809 0.4265
vn -0.6580 -0.3876 0.6456
vn -0.4140 0.1521 0.8975
vn -0.9095 -0.0126 0.4156
vn -0.3826 0.1436 0.9127
vn -0.6007 0.0972 0.7935
vn -0.2554 0.1477 0.9555
vn -0.2825 0.1070 0.9533
vn -0.5740 0.0639 0.8164
vn -0.8825 -0.0281 0.4694
vn -0.5668 0.0421 0.8228
vn -0.8246 -0.0215 0.5653
vn -0.2446 0.0461 0.9685
vn -0.8570 -0.0439 0.5134
vn -0.2958 0.0292 0.9548
vn -0.4857 0.0039 0.8741
vn -0.6616 -0.0901 0.7444
vn -0.7574 -0.1178 0.6423
vn -0.9112 -0.1599 0.3796
vn -0.4835 -0.1304 0.8656
vn -0.5676 -0.1475 0.8100
vn -0.4244 -0.1786 0.8877
vn -0.7416 -0.2213 0.6333
vn -0.6350 -0.1984 0.7466
vn -0.2181 -0.1294 0.9673
vn -0.7741 -0.2870 0.5643
vn -0.2284 -0.2157 0.9494
vn -0.5866 -0.3310 0.7392
vn -0.4970 -0.3191 0.8070
vn -0.7563 -0.3376 0.5604
vn -0.3426 -0.3525 0.8708
vn -0.1568 -0.2565 0.9537
vn -0.4306 -0.3839 0.8168
vn -0.0955 -0.4400 0.8929
vn -0.0474 -0.2326 0.9714
vn -0.0325 -0.1958 0.9801
vn -0.0343 -0.4638 0.8853
vn -0.0155 -0.3381 0.9410
vn -0.8318 0.0318 0.5541
vn -0.3168 0.1510 0.9364
vn -0.5035 0.1097 0.8570
vn -0.8994 -0.0030 0.4371
vn -0.7422 0.0506 0.6682
vn -0.8767 -0.0121 0.4808
vn -0.7550 0.0327 0.6549
vn -0.1771 -0.8849 0.4308
vn -0.0925 -0.8606 0.5008
vn -0.1173 -0.8968 0.4265
vn -0.0643 -0.9593 0.2750
vn -0.0905 -0.9844 0.1509
vn -0.8541 -0.4622 0.2385
vn -0.4856 -0.8740 -0.0188
vn -0.3185 -0.9459 0.0612
vn -0.4902 -0.8611 0.1351
vn -0.3571 -0.9264 0.1189
vn -0.7401 -0.6722 -0.0197
vn -0.8972 -0.4403 -0.0329
vn -0.6777 -0.6296 0.3800
vn -0.5790 -0.7852 0.2198
vn -0.4808 -0.7147 0.5080
vn -0.5479 -0.7633 0.3423
vn -0.5133 -0.7777 0.3630
vn -0.3236 -0.8004 0.5046
vn -0.4091 -0.8444 0.3458
vn -0.2517 -0.8297 0.4983
vn -0.8889 -0.4483 0.0946
vn -0.1357 -0.9907 0.0033
vn -0.2952 -0.9299 0.2194
vn -0.2089 -0.9505 0.2299
vn -0.8466 -0.5138 0.1390
vn -0.3982 -0.9171 0.0205
vn -0.7333 -0.6700 0.1158
vn -0.0208 -0.9706 0.2399
vn -0.7026 -0.6843 0.1952
vn -0.0223 -0.8670 0.4978
vn -0.7381 -0.6223 0.2605
vn -0.3665 -0.7598 0.5370
vn -0.0189 -0.9662 0.2571
vn -0.7096 -0.7003 0.0772
vn -0.9310 -0.3640 -0.0271
vn -0.8954 -0.4448 -0.0205
vn -0.7945 -0.6063 -0.0344
vn -0.6863 -0.7270 -0.0211
vn -0.5951 -0.8036 -0.0118
vn -0.8463 -0.5326 0.0107
vn -0.2827 -0.9592 -0.0102
vn -0.7928 -0.6094 0.0094
vn -0.3774 -0.9261 -0.0043
vn -0.5807 -0.8129 0.0436
vn -0.5585 -0.8282 0.0470
vn 0.6326 -0.7745 -0.0008
vn -0.9277 -0.3734 0.0000
vn -0.8809 -0.4734 -0.0009
vn -0.3731 -0.9278 -0.0012
vn -0.7869 -0.6170 0.0005
vn -0.9421 -0.3352 0.0004
vn -0.3815 -0.9244 0.0001
vn -0.4072 -0.9133 -0.0009
vn -0.5044 -0.8635 0.0000
vn -0.5953 -0.8035 -0.0007
vn -0.4083 -0.9128 0.0002
vn -0.7818 -0.6235 -0.0018
vn -0.9092 -0.4163 0.0041
vn -0.7557 -0.6549 0.0014
vn -0.7982 -0.6023 0.0005
vn -0.2897 -0.9571 0.0076
vn -0.7376 -0.6753 0.0001
vn -0.2113 -0.9774 -0.0001
vn -0.3983 -0.9173 0.0002
vn -0.4769 -0.8790 0.0014
vn -0.9352 -0.3541 -0.0002
vn -0.3831 -0.9237 -0.0008
vn -0.2282 -0.9736 0.0001
vn -0.6519 -0.7583 0.0020
vn -0.6511 -0.7590 -0.0012
vn -0.7811 -0.6245 -0.0008
vn -0.9274 -0.3741 -0.0004
vn -0.6872 -0.7265 0.0001
vn -0.3498 -0.9368 -0.0004
vn -0.7546 -0.6562 0.0066
vn -0.8762 -0.4820 -0.0031
vn -0.5064 -0.8623 0.0018
vn -0.3023 -0.9532 -0.0003
vn -0.3251 -0.9457 -0.0008
vn -0.7883 -0.6153 0.0003
vn -0.5842 -0.8116 -0.0019
vn -0.6361 -0.7716 0.0065
vn -0.2700 -0.9629 0.0021
vn -0.5076 -0.8616 0.0009
vn -0.9364 -0.3509 0.0008
vn -0.7598 -0.6502 -0.0006
vn -0.6744 -0.7384 0.0003
vn -0.5223 -0.8528 0.0004
vn -0.8017 -0.5977 0.0001
vn -0.6844 -0.7291 0.0019
vn -0.8868 -0.4621 -0.0004
vn -0.9430 -0.3328 0.0006
vn -0.5498 -0.8353 -0.0004
vn -0.7188 -0.6952 0.0038
vn -0.8535 -0.5211 0.0005
vn -0.8960 -0.4441 -0.0045
vn -0.8583 -0.5131 -0.0010
vn -0.6521 -0.7581 0.0002
vn -0.4201 -0.9075 -0.0002
vn -0.5937 -0.8047 0.0002
vn -0.6118 -0.7910 -0.0004
vn -0.4185 -0.9082 0.0011
vn -0.4680 -0.8837 -0.0010
vn -0.3691 -0.9294 0.0005
vn -0.5262 -0.8503 -0.0006
vn -0.3174 -0.9483 -0.0004
vn -0.8688 -0.4950 0.0144
vn -0.7474 -0.6644 0.0016
vn -0.8644 -0.5027 0.0123
vn -0.7296 -0.6838 0.0116
vn -0.9513 -0.3076 0.0201
vn -0.5712 -0.8207 0.0142
vn -0.6759 -0.7370 -0.0053
vn -0.9080 -0.4169 -0.0413
vn -0.6903 -0.7235 -0.0046
vn -0.7832 -0.6201 -0.0455
vn -0.1249 -0.9845 -0.1229
vn -0.1318 -0.9597 -0.2480
vn -0.5583 -0.7877 -0.2603
vn -0.2098 -0.9204 -0.3298
vn -0.9140 -0.3970 -0.0838
vn -0.7424 -0.6123 -0.2720
vn -0.2342 -0.8656 -0.4426
vn -0.4326 -0.7843 -0.4448
vn -0.0278 -0.9142 -0.4043
vn -0.0235 -0.9885 -0.1494
vn -0.0570 -0.9036 -0.4245
vn -0.0161 -0.9601 -0.2793
vn -0.4296 -0.9030 -0.0012
vn -0.2474 -0.9688 -0.0175
vn -0.3149 -0.9368 -0.1525
vn -0.3354 -0.9073 -0.2535
vn -0.5727 -0.7968 -0.1924
vn -0.4429 -0.8395 -0.3148
vn -0.6323 -0.6952 -0.3419
vn -0.6009 -0.6630 -0.4464
vn -0.8716 -0.4898 -0.0208
vn -0.5015 -0.8643 -0.0384
vn -0.5835 -0.8110 -0.0415
vn -0.4133 -0.9066 -0.0854
vn -0.7829 -0.6186 -0.0662
vn -0.3808 -0.9207 -0.0854
vn -0.8418 -0.5262 -0.1204
vn -0.6789 -0.7253 -0.1138
vn -0.8255 -0.5356 -0.1779
vn -0.6774 -0.7193 -0.1539
vn -0.7547 -0.6215 -0.2099
vn -0.3608 -0.7873 -0.5000
vn -0.0687 -0.9631 -0.2601
vn -0.1434 -0.8351 -0.5311
vn -0.0804 -0.8651 -0.4951
vn -0.8951 0.4458 -0.0012
vn -0.9305 0.3663 -0.0000
vn -0.8311 0.5562 -0.0001
vn -0.7274 0.6863 -0.0012
vn -0.7417 0.6707 -0.0007
vn -0.5257 0.8506 0.0002
vn -0.4912 0.8710 -0.0007
vn -0.2861 0.9582 -0.0009
vn -0.2361 0.9717 0.0001
vn -0.3622 0.9229 -0.1303
vn -0.3084 0.9439 -0.1178
vn -0.8285 0.5426 -0.1384
vn -0.5231 0.8455 -0.1075
vn -0.9334 0.3439 -0.1028
vn -0.9194 0.3800 -0.1017
vn -0.6106 0.7817 -0.1268
vn -0.7098 0.6971 -0.1016
vn -0.7951 0.5970 -0.1066
vn -0.2871 0.9566 -0.0501
vn -0.3332 0.9406 -0.0656
vn -0.5158 0.8548 -0.0574
vn -0.5172 0.8539 -0.0577
vn -0.8458 0.5295 -0.0655
vn -0.7095 0.7030 -0.0489
vn -0.7164 0.6957 -0.0523
vn -0.8961 0.4407 -0.0523
vn -0.9179 0.3926 -0.0571
vn -0.2962 0.2317 -0.9266
vn -0.3520 0.2184 -0.9102
vn -0.4673 0.2168 -0.8571
vn -0.6259 0.1907 -0.7563
vn -0.6498 0.1963 -0.7343
vn -0.8610 0.1250 -0.4930
vn -0.7740 0.1794 -0.6072
vn -0.9207 0.1173 -0.3723
vn -0.2361 0.6818 -0.6924
vn -0.2601 0.7132 -0.6509
vn -0.4082 0.6919 -0.5956
vn -0.3211 0.3173 -0.8923
vn -0.3421 0.3083 -0.8876
vn -0.5299 0.2816 -0.7999
vn -0.4967 0.7395 -0.4543
vn -0.2821 0.8629 -0.4194
vn -0.2825 0.8626 -0.4196
vn -0.5564 0.2684 -0.7864
vn -0.4597 0.7846 -0.4159
vn -0.5759 0.6883 -0.4410
vn -0.7009 0.6349 -0.3251
vn -0.6811 0.6513 -0.3344
vn -0.2959 0.8917 -0.3425
vn -0.5794 0.7411 -0.3392
vn -0.7277 0.2457 -0.6404
vn -0.9527 0.2589 -0.1593
vn -0.3601 0.8834 -0.2998
vn -0.7853 0.2179 -0.5794
vn -0.3408 0.3641 -0.8668
vn -0.8160 0.2146 -0.5367
vn -0.2292 0.4091 -0.8832
vn -0.4455 0.3630 -0.8184
vn -0.5325 0.3267 -0.7809
vn -0.9104 0.1594 -0.3818
vn -0.6264 0.3262 -0.7080
vn -0.2352 0.4656 -0.8532
vn -0.2951 0.4732 -0.8301
vn -0.3339 0.5059 -0.7953
vn -0.9262 0.1553 -0.3435
vn -0.2737 0.5719 -0.7733
vn -0.5679 0.3993 -0.7197
vn -0.3471 0.6030 -0.7183
vn -0.6465 0.3569 -0.6743
vn -0.7042 0.3434 -0.6214
vn -0.5347 0.7998 -0.2728
vn -0.7980 0.2880 -0.5294
vn -0.5204 0.4672 -0.7148
vn -0.3628 0.2005 -0.9100
vn -0.8483 0.2739 -0.4532
vn -0.9286 0.1940 -0.3164
vn -0.9145 0.2182 -0.3408
vn -0.5827 0.4991 -0.6414
vn -0.6936 0.4458 -0.5658
vn -0.7121 0.4299 -0.5551
vn -0.5065 0.5636 -0.6525
vn -0.5268 0.5952 -0.6068
vn -0.8062 0.3635 -0.4669
vn -0.4689 0.4059 -0.7845
vn -0.3596 0.7130 -0.6019
vn -0.8561 0.3453 -0.3846
vn -0.6473 0.5599 -0.5172
vn -0.6970 0.5099 -0.5042
vn -0.9194 0.2657 -0.2901
vn -0.9273 0.2494 -0.2792
vn -0.2435 0.8176 -0.5217
vn -0.3421 0.7715 -0.5365
vn -0.8175 0.4184 -0.3957
vn -0.6409 0.6062 -0.4710
vn -0.6309 0.6155 -0.4723
vn -0.7715 0.5151 -0.3733
vn -0.5669 0.2488 -0.7853
vn -0.8256 0.4481 -0.3428
vn -0.8774 0.3910 -0.2780
vn -0.9153 0.3256 -0.2373
vn -0.1843 0.9560 -0.2282
vn -0.7750 0.5770 -0.2578
vn -0.8757 0.4349 -0.2097
vn -0.3039 0.9234 -0.2344
vn -0.9125 0.3692 -0.1761
vn -0.8278 0.5132 -0.2269
vn -0.3782 0.9033 -0.2027
vn -0.5906 0.7747 -0.2260
vn -0.5670 0.7979 -0.2046
vn -0.7271 0.6543 -0.2077
vn -0.8121 0.5618 -0.1580
vn -0.1835 0.9741 -0.1318
vn -0.3325 0.1707 -0.9275
vn -0.4276 0.1591 -0.8899
vn -0.7116 0.1169 -0.6928
vn -0.6297 0.1248 -0.7667
vn -0.7762 0.0989 -0.6227
vn -0.2218 0.1508 -0.9634
vn -0.3699 0.1388 -0.9187
vn -0.9078 -0.0300 -0.4183
vn -0.8820 -0.0450 -0.4690
vn -0.4427 0.1229 -0.8882
vn -0.5672 0.1111 -0.8161
vn -0.5989 0.0997 -0.7946
vn -0.8191 0.0676 -0.5696
vn -0.5888 0.0873 -0.8036
vn -0.3917 0.0857 -0.9161
vn -0.6228 0.0770 -0.7786
vn -0.7758 0.0594 -0.6282
vn -0.8775 -0.0971 -0.4696
vn -0.7921 0.0471 -0.6086
vn -0.7723 -0.2196 -0.5961
vn -0.3972 0.0624 -0.9156
vn -0.5698 0.0605 -0.8196
vn -0.9111 0.0363 -0.4106
vn -0.2042 0.0243 -0.9786
vn -0.1216 0.0099 -0.9925
vn -0.3848 0.0600 -0.9210
vn -0.1203 -0.3583 -0.9258
vn -0.1178 -0.2501 -0.9610
vn -0.0833 -0.3770 -0.9225
vn -0.6386 -0.0003 -0.7696
vn -0.3917 0.0248 -0.9198
vn -0.5710 -0.0054 -0.8209
vn -0.4200 -0.4344 -0.7968
vn -0.4515 -0.3066 -0.8379
vn -0.2949 -0.2541 -0.9211
vn -0.2424 -0.1517 -0.9582
vn -0.9392 0.0657 -0.3371
vn -0.2881 0.1850 -0.9396
vn -0.8621 0.0862 -0.4993
vn -0.8974 0.0733 -0.4351
vn -0.7673 0.0902 -0.6350
vn -0.9217 0.0484 -0.3848
vn -0.2425 0.1447 -0.9593
vn -0.7682 0.0382 -0.6390
vn -0.6746 0.0324 -0.7375
vn -0.8587 0.1111 -0.5002
vn -0.1724 0.1285 -0.9766
vn -0.9065 0.0550 -0.4186
vn -0.3036 0.1048 -0.9470
vn -0.3066 0.0993 -0.9466
vn -0.9199 0.0306 -0.3909
vn -0.1655 0.0575 -0.9845
vn -0.8128 -0.0201 -0.5823
vn -0.7243 -0.0384 -0.6884
vn -0.3380 0.0159 -0.9410
vn -0.7404 -0.0832 -0.6670
vn -0.8054 -0.1178 -0.5809
vn -0.6330 -0.3262 -0.7020
vn -0.6824 -0.2229 -0.6962
vn -0.6384 -0.1499 -0.7549
vn -0.4879 -0.1189 -0.8648
vn -0.5324 -0.1136 -0.8388
vn -0.3350 -0.0634 -0.9401
vn -0.4605 -0.3019 -0.8348
vn -0.3208 -0.4453 -0.8359
vn -0.3238 -0.4385 -0.8384
vn -0.2673 -0.0639 -0.9615
vn -0.2692 -0.3020 -0.9145
vn -0.2027 -0.5013 -0.8412
vn -0.0586 -0.0715 -0.9957
vn -0.0737 -0.5210 -0.8504
vn -0.0320 -0.4943 -0.8687
vn -0.0284 -0.2181 -0.9755
vn -0.0177 -0.2871 -0.9577
vn -0.8627 0.1085 -0.4939
vn -0.6384 0.1599 -0.7529
vn -0.7152 0.1385 -0.6851
vn -0.5366 0.1644 -0.8276
vn -0.5085 0.1561 -0.8468
vn -0.0099 -0.0462 0.9989
vn -0.0398 -0.1117 0.9929
vn 0.9995 0.0142 0.0290
vn 0.9162 -0.1459 -0.3732
vn 0.1266 -0.5427 -0.8303
vn 0.4505 -0.4771 -0.7546
vn 0.2137 -0.5553 -0.8038
vn 0.8218 -0.2779 -0.4974
vn 0.5613 -0.4550 -0.6913
vn 0.9655 -0.1160 -0.2330
vn 0.7999 -0.2865 -0.5273
vn 0.4427 -0.4814 -0.7565
vn 0.0654 -0.6563 -0.7517
vn 0.2330 -0.1358 -0.9630
vn 0.2316 -0.1349 -0.9634
vn 0.4354 -0.6059 -0.6658
vn 0.2141 -0.6155 -0.7585
vn 0.6914 -0.0956 -0.7161
vn 0.6216 -0.5124 -0.5925
vn 0.7330 -0.4605 -0.5007
vn 0.0441 -0.2645 -0.9634
vn 0.8226 -0.3692 -0.4324
vn 0.9480 -0.2079 -0.2411
vn 0.3828 -0.3350 -0.8609
vn 0.2324 -0.2467 -0.9408
vn 0.9342 -0.2262 -0.2758
vn 0.6020 -0.1816 -0.7776
vn 0.6451 -0.1939 -0.7391
vn 0.2582 -0.3656 -0.8943
vn 0.8070 -0.1327 -0.5754
vn 0.8329 -0.1326 -0.5373
vn 0.9672 -0.0704 -0.2441
vn 0.6261 -0.2760 -0.7292
vn 0.3662 -0.3643 -0.8563
vn 0.6820 -0.2872 -0.6726
vn 0.1385 -0.4051 -0.9037
vn 0.4607 -0.3740 -0.8049
vn 0.8720 -0.1937 -0.4496
vn 0.9297 -0.0023 -0.3682
vn 0.9233 -0.0031 -0.3841
vn 0.8297 -0.0010 -0.5581
vn 0.7591 -0.0056 -0.6509
vn 0.5973 0.0017 -0.8020
vn 0.2319 -0.0027 -0.9727
vn 0.2534 -0.0005 -0.9674
vn 0.3407 0.9402 0.0012
vn 0.6083 0.7937 0.0045
vn 0.7354 0.6776 0.0048
vn 0.3001 0.9539 0.0012
vn 0.9177 0.3971 0.0090
vn 0.5849 0.8111 0.0016
vn 0.9268 0.3754 -0.0026
vn 0.9441 0.3297 0.0029
vn 0.7522 0.6589 0.0011
vn 0.1454 0.9894 -0.0009
vn 0.5026 0.8645 -0.0018
vn 0.6934 0.7205 0.0006
vn 0.2971 0.9549 -0.0010
vn 0.8583 0.5132 -0.0008
vn 0.0608 0.9982 0.0002
vn 0.7774 0.6290 -0.0042
vn 0.6786 0.7345 0.0035
vn 0.4428 0.8966 -0.0027
vn 0.3045 0.9525 0.0013
vn 0.7784 0.6277 0.0006
vn 0.4441 0.8960 -0.0008
vn 0.9675 0.2527 -0.0010
vn 0.6833 0.7301 -0.0022
vn 0.5006 0.8657 0.0026
vn 0.1085 0.9941 0.0014
vn 0.4675 0.8840 -0.0001
vn 0.8471 0.5314 0.0013
vn 0.7833 0.6217 -0.0021
vn 0.0967 0.9953 0.0035
vn 0.9671 0.2543 -0.0011
vn 0.4666 0.8845 0.0012
vn 0.4104 0.9119 -0.0086
vn 0.8936 0.4488 0.0017
vn 0.5657 0.8246 -0.0010
vn 0.7793 0.6267 0.0007
vn 0.5549 0.8319 0.0003
vn 0.1364 0.7286 -0.6712
vn 0.0077 0.7337 -0.6795
vn 0.1328 0.7245 -0.6764
vn 0.1984 0.7294 -0.6547
vn 0.1973 0.7269 -0.6578
vn 0.3311 0.7318 -0.5957
vn 0.0396 0.7127 -0.7003
vn 0.3144 0.7423 -0.5917
vn 0.0671 0.7375 -0.6720
vn 0.2700 0.7375 -0.6190
vn 0.2922 0.7218 -0.6274
vn 0.3442 0.7326 0.5873
vn 0.3342 0.7224 0.6054
vn 0.3016 0.7330 0.6097
vn 0.2973 0.7283 0.6174
vn 0.2583 0.7233 0.6403
vn 0.2530 0.7273 0.6380
vn 0.1992 0.7398 0.6427
vn 0.1669 0.7121 0.6819
vn 0.1322 0.7371 0.6628
vn 0.0642 0.7314 0.6790
vn 0.0722 0.7247 0.6853
vn 0.0060 0.7280 0.6856
vn 0.0067 0.7285 0.6850
vn -0.0114 -0.5565 0.8308
vn -0.0511 -0.6276 0.7769
vn -0.0120 -0.7642 0.6449
vn -0.0449 -0.8331 0.5513
vn -0.0097 -0.9036 0.4283
vn -0.0499 -0.9492 0.3108
vn -0.0060 -0.9856 0.1690
vn -0.0264 -0.2828 0.9588
vn -0.0325 -0.2798 0.9595
vn -0.0383 -0.3284 0.9438
vn -0.0309 -0.3320 0.9428
vn -0.0068 0.3957 0.9184
vn -0.0622 0.2542 0.9651
vn -0.0163 0.1293 0.9915
vn -0.0250 0.9711 0.2373
vn -0.0309 0.9731 0.2282
vn -0.0052 0.9086 0.4176
vn -0.0592 0.8337 0.5491
vn -0.0187 0.7573 0.6528
vn -0.0385 0.6144 0.7880
vn -0.0306 0.6030 0.7971
vn -0.0496 0.9988 0.0003
vn -0.0330 0.9995 0.0000
vn -0.0318 0.9091 -0.4153
vn -0.0166 0.9228 -0.3849
vn -0.0457 0.9745 -0.2196
vn -0.0246 0.9900 -0.1389
vn -0.0179 -0.0952 -0.9953
vn -0.0417 0.0673 -0.9969
vn -0.0448 0.0744 -0.9962
vn -0.0455 0.3226 -0.9454
vn -0.0285 0.2837 -0.9585
vn -0.0407 0.6086 -0.7924
vn -0.0183 0.5706 -0.8210
vn -0.0250 0.7716 -0.6356
vn -0.0332 0.7832 -0.6209
vn -0.0445 -0.3226 -0.9455
vn -0.0182 -0.3356 -0.9418
vn -0.0298 -0.2804 -0.9594
vn -0.0520 -0.2671 -0.9623
vn -0.0196 -0.9872 -0.1584
vn -0.0457 -0.9555 -0.2914
vn -0.0356 -0.9486 -0.3146
vn -0.0433 -0.8239 -0.5650
vn -0.0273 -0.8419 -0.5390
vn -0.0516 -0.5765 -0.8155
vn -0.0082 -0.6445 -0.7646
vn -0.0436 -0.9991 0.0000
vn -0.0427 -0.9991 0.0000
vn -0.0400 -0.9992 0.0001
vn -0.0488 -0.9988 0.0005
vn -0.8300 0.5578 -0.0000
vn -0.5003 0.8658 -0.0001
vn -0.7433 0.6690 0.0002
vn -0.6833 0.7301 -0.0039
vn -0.6814 0.7044 0.1985
vn -0.5343 0.8249 0.1846
vn -0.8064 0.5885 -0.0578
vn -0.8175 0.5605 0.1325
vn -0.7752 0.5893 -0.2273
vn -0.6810 0.7008 -0.2126
vn -0.5832 0.7190 0.3779
vn -0.6263 0.6479 -0.4334
vn -0.9510 0.2505 0.1812
vn -0.5923 0.7142 0.3731
vn -0.8097 0.4930 -0.3184
vn -0.7439 0.5141 -0.4270
vn -0.8567 0.3468 0.3818
vn -0.0198 0.7573 0.6528
vn -0.9750 0.1299 -0.1806
vn -0.7315 0.3916 -0.5581
vn -0.5765 0.5204 -0.6299
vn -0.7386 0.4175 0.5294
vn -0.6417 0.4855 0.5936
vn -0.8117 0.2003 -0.5487
vn -0.6642 0.1915 -0.7226
vn -0.8222 -0.0305 -0.5683
vn -0.3977 0.0828 -0.9138
vn -0.7777 -0.0746 -0.6241
vn -0.8452 0.0655 0.5304
vn -0.9099 0.1318 0.3934
vn -0.7094 0.2937 0.6407
vn -0.0952 0.1409 0.9854
vn -0.4557 0.3254 0.8286
vn -0.5813 -0.0511 0.8121
vn -0.7320 0.0448 0.6798
vn -0.8007 -0.1712 -0.5742
vn -0.5935 -0.2538 -0.7637
vn -0.7480 -0.2224 -0.6253
vn -0.6525 -0.2466 0.7165
vn -0.7436 -0.2254 0.6295
vn -0.8970 -0.1448 0.4177
vn -0.8669 -0.1436 0.4774
vn -0.7383 -0.1813 0.6497
vn -0.2593 -0.2751 0.9258
vn -0.9722 -0.1512 0.1788
vn -0.5876 -0.4652 0.6620
vn -0.6289 -0.4368 0.6432
vn -0.7065 -0.6327 0.3172
vn -0.5738 -0.7502 0.3286
vn -0.5059 -0.7564 0.4147
vn -0.4090 -0.6859 0.6019
vn -0.8037 -0.4962 0.3283
vn -0.7961 -0.5723 -0.1968
vn -0.7099 -0.6157 -0.3419
vn -0.5921 -0.6834 -0.4270
vn -0.6577 -0.4699 -0.5887
vn -0.7114 -0.4511 -0.5389
vn -0.6886 -0.7175 0.1050
vn -0.6435 -0.7546 0.1285
vn -0.7382 -0.6657 -0.1088
vn -0.6493 -0.7546 -0.0948
vn -0.5540 -0.8325 0.0000
vn -0.7329 -0.6804 -0.0002
vn -0.6740 -0.7388 -0.0006
vn -0.6638 -0.7479 0.0007
vn -0.6992 -0.7149 0.0003
vn -0.7840 -0.6208 -0.0000
vn -0.6459 -0.7634 -0.0056
vn -0.5970 -0.8022 -0.0024
vn 0.0184 0.0000 0.9998
vn 0.0182 0.0003 0.9998
vn 0.0186 -0.0001 0.9998
vn -0.5221 0.8529 -0.0008
vn -0.6668 0.7453 0.0005
vn -0.7658 0.6431 -0.0007
vn -0.9628 0.2702 -0.0009
vn -0.3095 0.5698 -0.7613
vn -0.4111 0.6840 -0.6026
vn -0.4754 0.6734 -0.5662
vn -0.7608 0.4938 -0.4211
vn -0.8040 0.4375 -0.4028
vn -0.4172 0.8367 -0.3547
vn -0.4509 0.8180 -0.3572
vn -0.9812 0.1732 -0.0850
vn -0.7831 0.5715 -0.2451
vn -0.7785 0.5777 -0.2453
vn -0.9622 0.2396 -0.1297
vn -0.2780 0.9439 -0.1784
vn -0.9719 0.0877 -0.2186
vn -0.5975 0.2192 -0.7713
vn -0.3085 0.3074 -0.9002
vn -0.8125 0.0759 -0.5780
vn -0.8908 0.0724 -0.4485
vn -0.7663 0.2127 -0.6062
vn -0.3293 0.3723 -0.8677
vn -0.4206 0.1382 -0.8967
vn -0.5939 0.1486 -0.7907
vn -0.9098 0.1210 -0.3971
vn -0.5358 0.3763 -0.7559
vn -0.8236 0.2660 -0.5009
vn -0.7478 0.2849 -0.5997
vn -0.4184 0.0027 -0.9082
vn -0.2701 -0.0016 -0.9628
vn -0.7887 -0.0008 -0.6148
vn -0.7772 -0.0016 -0.6292
vn -0.9933 -0.0004 -0.1159
vn -0.9863 -0.0024 -0.1650
vn -0.4204 -0.4893 -0.7641
vn 0.0077 -0.7751 -0.6318
vn -0.7774 -0.3351 -0.5322
vn -0.7909 -0.3315 -0.5144
vn -0.3269 -0.3466 -0.8792
vn -0.4371 -0.7268 -0.5298
vn -0.4578 -0.3509 -0.8169
vn -0.5801 -0.6228 -0.5250
vn -0.8134 -0.2351 -0.5320
vn -0.7653 -0.2463 -0.5947
vn -0.8695 -0.3908 -0.3022
vn -0.3048 -0.2632 -0.9153
vn -0.9705 -0.0806 -0.2271
vn -0.8963 -0.3420 -0.2823
vn -0.7543 -0.1744 -0.6329
vn -0.3985 -0.2250 -0.8891
vn -0.8282 -0.1236 -0.5467
vn -0.2990 -0.1586 -0.9410
vn -0.9343 -0.0804 -0.3473
vn -0.4019 -0.1160 -0.9083
vn -0.4945 -0.6198 -0.6094
vn -0.5893 -0.5422 -0.5990
vn -0.7238 -0.0664 -0.6868
vn -0.9978 -0.0412 -0.0511
vn -0.3007 -0.4680 -0.8310
vn -0.7760 -0.4070 -0.4818
vn -0.2917 -0.5638 -0.7727
vn -0.8753 -0.3214 -0.3613
vn -0.9670 -0.1570 -0.2007
vn 0.0118 0.9999 -0.0001
vn 0.0474 0.9989 0.0011
vn 0.0344 0.9989 -0.0328
vn 0.0129 0.9999 -0.0004
vn 0.0022 1.0000 -0.0011
vn 0.0177 -0.7721 -0.6353
vn 0.0457 -0.7410 -0.6699
vn -0.0130 -0.7195 -0.6944
vn 0.0551 -0.6055 -0.7939
vn 0.0426 -0.6023 -0.7972
vn -0.0066 -0.4799 -0.8773
vn 0.0740 -0.4348 -0.8975
vn -0.0090 -0.3803 -0.9248
vn 0.0446 -0.2834 -0.9580
vn 0.0327 -0.2762 -0.9606
vn 0.0463 -0.1874 -0.9812
vn 0.0048 -0.1621 -0.9868
vn 0.0679 -0.0763 -0.9948
vn -0.0036 -0.0007 -1.0000
vn -0.0055 -0.0009 -1.0000
vn 0.0522 0.0845 -0.9951
vn -0.0551 0.1696 -0.9840
vn 0.0387 0.2381 -0.9705
vn -0.0476 0.2995 -0.9529
vn 0.0563 0.4225 -0.9046
vn 0.0582 0.4233 -0.9041
vn -0.0155 0.5745 -0.8183
vn 0.0821 0.6940 -0.7153
vn -0.0219 0.7842 -0.6201
vn 0.0330 0.8703 -0.4914
vn 0.0016 0.8977 -0.4405
vn 0.0679 0.9427 -0.3268
vn -0.0427 0.9845 -0.1700
vn 0.2558 0.9011 -0.3501
vn 0.4991 0.8361 -0.2277
vn 0.6447 0.6901 -0.3288
vn 0.5158 0.8204 -0.2466
vn 0.9018 0.3502 -0.2532
vn 0.8379 0.4933 -0.2337
vn 0.7416 0.5165 -0.4280
vn 0.5526 0.5854 -0.5932
vn 0.7146 0.5893 -0.3769
vn 0.9307 0.0773 -0.3575
vn 0.5469 0.0893 -0.8325
vn 0.6526 0.2211 -0.7247
vn 0.3206 0.2239 -0.9204
vn 0.7883 0.2713 -0.5522
vn 0.6379 0.3121 -0.7040
vn 0.6183 0.1172 -0.7772
vn 0.7419 0.0025 -0.6705
vn 0.8754 -0.0027 -0.4834
vn 0.8661 -0.1334 -0.4818
vn 0.6783 -0.5388 -0.4997
vn 0.7003 -0.0705 -0.7104
vn 0.8476 -0.4066 -0.3408
vn 0.8998 -0.3385 -0.2751
vn 0.7327 -0.2107 -0.6471
vn 0.4708 -0.3802 -0.7961
vn 0.6933 -0.1229 -0.7101
vn 0.8773 -0.2678 -0.3982
vn 0.6435 -0.4679 -0.6058
vn 0.0191 0.0001 -0.9998
vn 0.0216 -0.0000 0.9998
vn 0.0195 0.0069 0.9998
vn 0.8232 -0.4593 -0.3338
vn 0.9547 -0.2398 -0.1761
vn 0.6473 -0.6075 -0.4603
vn 0.7793 -0.4966 -0.3823
vn 0.6009 -0.6277 -0.4948
vn 0.4027 -0.7239 -0.5602
vn 0.0834 -0.7803 -0.6198
vn 0.9994 -0.0238 -0.0253
vn 0.9413 -0.2652 -0.2089
vn 0.1720 -0.8110 -0.5592
vn -0.8476 -0.4066 -0.3408
vn -0.8232 -0.4593 -0.3338
vn -0.6474 -0.6074 -0.4603
vn -0.4027 -0.7239 -0.5601
vn -0.9994 -0.0238 -0.0253
vn -0.9413 -0.2652 -0.2089
vn 0.8470 -0.4075 -0.3412
vn 0.8233 -0.4592 -0.3337
vn 0.6474 -0.6074 -0.4603
vn 0.2157 -0.8464 -0.4869
vn 0.9994 -0.0240 -0.0256
vn 0.9414 -0.2650 -0.2088
vn 0.7999 0.0000 0.6002
vn -0.9497 -0.0000 -0.3130
vn 0.0257 0.0000 -0.9997
vn 0.3625 0.0000 0.9320
vn -0.3625 0.0000 0.9320
vn 0.0193 0.0000 0.9998
vn 1.0000 0.0000 0.0003
vn -0.0257 0.0000 -0.9997
vn 0.6664 0.0000 -0.7456
vn 0.9497 0.0000 -0.3130
vn -0.6664 0.0000 -0.7456
vn -0.0193 0.0000 0.9998
vn -0.7999 0.0000 0.6002
vn -1.0000 0.0000 0.0003
vn 0.0174 -0.9998 -0.0001
vn -0.0176 -0.9998 0.0000
vn -0.0176 -0.9998 -0.0002
vn 0.0175 -0.9998 -0.0001
vn 0.0176 -0.9998 -0.0002
vn 0.0176 -0.9998 0.0000
vn -0.0174 -0.9998 -0.0001
vn -0.0175 -0.9998 -0.0001
vn 0.0000 -0.9877 0.1566
vn -0.0000 -0.9917 -0.1284
vn -0.1157 -0.4335 0.8937
vn -0.7510 0.0000 0.6603
vn 0.0000 -0.3441 0.9389
vn 0.1935 -0.4720 0.8601
vn 0.1157 -0.4335 0.8937
vn 0.7517 -0.0000 0.6595
vn -0.1939 -0.4721 0.8599
vn 0.0000 -0.3439 0.9390
vn 0.5027 -0.0038 -0.8645
vn -0.1935 -0.4720 0.8601
vn 0.2120 0.0037 -0.9773
vn -0.0288 -0.0017 -0.9996
vn 0.3062 -0.0061 -0.9520
vn -0.4154 -0.0054 -0.9096
vn 0.2167 0.0017 -0.9762
vn -0.2097 0.0047 -0.9778
vn -0.5026 -0.0031 -0.8645
vn -0.3449 0.0074 -0.9386
vn 0.4415 0.0019 -0.8972
vn -0.2527 0.0086 -0.9675
vn -0.0001 0.0500 -0.9987
vn -0.3613 0.0166 -0.9323
vn 0.0000 -0.3440 0.9390
vn 0.4816 -0.0007 -0.8764
vn 0.0917 0.0037 -0.9958
vn 0.0290 -0.0017 -0.9996
vn 0.1204 -0.0046 -0.9927
vn -0.0190 0.0001 -0.9998
vn -0.4817 -0.0008 -0.8763
vn -0.2169 0.0017 -0.9762
vn 0.3449 0.0074 -0.9386
vn 0.0190 0.0001 -0.9998
vn 0.1931 -0.4719 0.8602
vn -0.0917 0.0037 -0.9958
vn 0.1157 -0.4336 0.8936
vn 0.4156 -0.0054 -0.9095
vn -0.3063 -0.0061 -0.9519
vn -0.1152 -0.4332 0.8939
vn -0.4415 0.0019 -0.8973
vn -0.0191 0.0001 -0.9998
vn -0.5119 -0.0080 -0.8590
vn 0.5058 -0.0028 -0.8627
vn 0.5055 -0.0029 -0.8628
vn 0.0184 0.0001 -0.9998
vn -0.7513 0.0000 0.6600
vn 0.7511 0.0000 0.6602
vn 0.7510 0.0000 0.6603
vn 0.5026 -0.0038 -0.8645
vn -0.0290 -0.0017 -0.9996
vn 0.3063 -0.0061 -0.9519
vn 0.2168 0.0017 -0.9762
vn -0.5180 -0.0061 -0.8554
vn -0.3448 0.0074 -0.9386
vn 0.4410 0.0017 -0.8975
vn 0.4415 0.0019 -0.8973
vn -0.1204 -0.0046 -0.9927
vn 0.4512 0.0425 -0.8914
vn -0.0094 0.0503 -0.9987
vn -0.0051 0.0486 -0.9988
vn -0.0001 0.0500 -0.9988
vn 0.0000 0.0499 -0.9988
vn 0.0099 0.4053 -0.9141
vn -0.2775 0.0373 -0.9600
vn -0.0645 0.2397 -0.9687
vn -0.4739 0.0240 -0.8803
vn -0.2774 0.0373 -0.9600
vn 0.0288 -0.0017 -0.9996
vn 0.1208 -0.0046 -0.9927
vn -0.2167 0.0017 -0.9762
vn -0.0916 0.0037 -0.9958
vn 0.4154 -0.0054 -0.9096
vn -0.3062 -0.0061 -0.9520
vn -0.3879 0.8189 0.4230
vn -0.1460 0.8436 -0.5167
vn -0.1069 0.6182 0.7787
vn -0.5896 -0.0082 -0.8076
vn -0.6427 0.6938 -0.3249
vn -0.5374 0.8430 0.0243
vn -0.9027 -0.2764 0.3296
vn -0.1883 0.6692 0.7188
vn -0.2149 0.7627 0.6100
vn -0.3844 0.6512 0.6544
vn -0.4020 0.7428 0.5354
vn -0.5258 0.6633 0.5324
vn -0.5168 0.7483 0.4158
vn -0.6397 0.6565 0.3998
vn -0.6510 0.7195 0.2418
vn -0.6303 0.7439 0.2219
vn -0.7261 0.6832 0.0777
vn -0.6841 0.7280 0.0451
vn -0.7295 0.6787 -0.0845
vn -0.6362 0.7600 -0.1329
vn -0.7237 0.6273 -0.2877
vn -0.5486 0.7693 -0.3275
vn -0.5910 0.6411 -0.4895
vn -0.4253 0.7597 -0.4919
vn -0.4359 0.6577 -0.6143
vn -0.2228 0.7521 -0.6203
vn -0.2496 0.7190 -0.6487
vn -0.0716 0.6704 -0.7385
vn -0.0253 0.7569 0.6530
vn -0.0079 0.7442 -0.6679
vn -0.0246 0.6032 0.7972
vn -0.0935 0.8009 0.5915
vn -0.2219 0.5951 0.7724
vn -0.2683 0.7671 0.5827
vn -0.3244 0.7075 0.6278
vn -0.4120 0.7129 0.5675
vn -0.4380 0.6837 0.5837
vn -0.4931 0.7285 0.4755
vn -0.4945 0.7271 0.4762
vn -0.6183 0.6478 0.4450
vn -0.5607 0.7682 0.3088
vn -0.6058 0.7300 0.3164
vn -0.7192 0.6469 0.2533
vn -0.6266 0.7671 0.1373
vn -0.6672 0.7330 0.1325
vn -0.7619 0.6464 0.0408
vn -0.6410 0.7661 -0.0462
vn -0.6744 0.7359 -0.0603
vn -0.7431 0.6458 -0.1753
vn -0.6029 0.7649 -0.2266
vn -0.6273 0.7388 -0.2465
vn -0.6643 0.6451 -0.3776
vn -0.5150 0.7636 -0.3893
vn -0.5298 0.7420 -0.4107
vn -0.5310 0.6393 -0.5562
vn -0.3935 0.7614 -0.5152
vn -0.4059 0.7058 -0.5806
vn -0.2900 0.7206 -0.6298
vn -0.2962 0.6784 -0.6723
vn -0.1231 0.7270 -0.6755
vn -0.1198 0.6992 -0.7048
vn -0.6242 0.0111 0.7812
vn -0.1649 0.0107 -0.9863
vn -0.5877 -0.0012 0.8091
vn -0.2682 -0.0077 -0.9633
vn -0.6072 0.0084 -0.7945
vn -0.2081 -0.0076 0.9781
vn -0.0190 0.0344 0.9992
vn -0.5914 0.0124 -0.8063
vn -0.9243 0.0037 -0.3816
vn -0.9437 0.0162 -0.3303
vn -0.9988 -0.0199 0.0450
vn -0.9385 0.0172 0.3448
vn -0.9268 0.0115 0.3754
vn -0.2550 0.0295 0.9665
vn -0.2393 -0.0157 0.9708
vn -0.4567 -0.0396 0.8887
vn -0.5014 0.0642 0.8628
vn -0.6667 -0.0730 0.7418
vn -0.7018 0.0435 0.7110
vn -0.8505 0.0086 0.5259
vn -0.8715 -0.1257 0.4740
vn -0.9372 0.1049 0.3326
vn -0.9943 -0.0059 0.1062
vn -0.9886 -0.0729 0.1319
vn -0.9931 0.0234 -0.1150
vn -0.9847 -0.0749 -0.1575
vn -0.9235 0.1143 -0.3661
vn -0.8842 -0.1103 -0.4539
vn -0.7686 0.0695 -0.6360
vn -0.7434 -0.0227 -0.6684
vn -0.5694 0.0069 -0.8220
vn -0.5788 -0.0284 -0.8150
vn -0.3548 0.0684 -0.9324
vn -0.3013 -0.0690 -0.9510
vn -0.0983 -0.0928 -0.9908
vn -0.0571 0.0451 -0.9973
vn -0.0353 0.0325 0.9988
vn -0.9680 -0.0086 -0.2506
vn -0.9742 0.0094 -0.2254
vn -0.4387 -0.0149 0.8985
vn -0.4323 -0.0093 0.9017
vn -0.7699 -0.0080 -0.6381
vn -0.7860 0.0080 -0.6182
vn -0.7699 0.0080 0.6381
vn -0.7860 -0.0080 0.6182
vn -0.4859 0.0069 -0.8740
vn -0.4387 -0.0195 -0.8984
vn -0.1948 0.0245 -0.9805
vn -0.9680 0.0086 0.2506
vn -0.9742 -0.0094 0.2254
vn 0.0130 -0.0503 -0.9987
vn -0.9737 0.0682 -0.2175
vn -0.9099 -0.0775 -0.4075
vn -0.1798 0.0353 0.9831
vn -0.5523 0.0000 0.8336
vn -0.6000 -0.0518 0.7983
vn -0.6819 0.0582 -0.7291
vn -0.4790 -0.0546 -0.8761
vn -0.3447 0.0199 -0.9385
vn -0.9241 0.0496 0.3790
vn -0.9666 -0.0589 0.2495
vn -0.8171 -0.0096 -0.5764
vn -0.7970 0.0089 -0.6039
vn -0.2474 -0.0536 0.9674
vn -0.2478 -0.0094 -0.9688
vn -0.2144 0.0108 -0.9767
vn -0.5315 0.0374 0.8462
vn -0.7912 -0.0311 0.6107
vn -0.8864 0.0180 0.4626
vn -0.9964 -0.0171 0.0825
vn -0.9997 0.0083 0.0231
vn -0.7942 -0.0415 -0.6062
vn -0.0149 -0.0156 0.9998
vn -0.4527 0.0455 -0.8905
vn -0.3182 -0.0169 -0.9479
vn -0.5257 -0.0216 0.8504
vn -0.4426 0.0095 0.8967
vn -0.8004 0.0330 0.5986
vn -0.9239 -0.0339 0.3810
vn -0.9930 0.0234 0.1157
vn -0.9936 -0.0223 -0.1106
vn -0.9217 0.0334 -0.3864
vn 0.6045 0.0142 0.7965
vn 0.5993 0.0074 0.8005
vn 0.7094 -0.0057 0.7048
vn 0.7204 0.0057 0.6935
vn 0.8020 -0.0059 0.5973
vn 0.8116 0.0059 0.5841
vn 0.8786 -0.0059 0.4775
vn 0.8864 0.0060 0.4629
vn 0.9374 -0.0060 0.3481
vn 0.9432 0.0061 0.3322
vn 0.9773 -0.0062 0.2118
vn 0.9808 0.0063 0.1948
vn 0.9975 -0.0062 0.0710
vn 0.9986 0.0064 0.0534
vn 0.9975 -0.0063 -0.0710
vn 0.9960 0.0065 -0.0890
vn 0.9773 -0.0064 -0.2118
vn 0.9733 0.0065 -0.2296
vn 0.9374 -0.0066 -0.3481
vn 0.9307 0.0067 -0.3656
vn 0.8786 -0.0067 -0.4775
vn 0.8694 0.0068 -0.4941
vn 0.8020 -0.0068 -0.5973
vn 0.7903 0.0069 -0.6127
vn 0.7094 -0.0069 -0.7048
vn 0.6907 0.0114 -0.7230
vn 0.6047 -0.0139 -0.7963
vn 0.5718 0.0065 -0.8204
vn 0.0003 1.0000 0.0000
vn 0.0000 1.0000 0.0000
vn 0.0001 1.0000 0.0002
vn -0.0002 1.0000 -0.0002
vn -0.0002 1.0000 -0.0003
vn -0.0001 1.0000 -0.0003
vn 0.0002 1.0000 -0.0001
vn 0.0001 1.0000 0.0000
vn 0.0002 1.0000 -0.0000
vn -0.0101 0.9970 0.0764
vn -0.0001 1.0000 -0.0000
vn -0.0124 0.9995 -0.0275
vn -0.0360 0.9992 0.0197
vn 0.0080 1.0000 0.0045
vn -0.0006 1.0000 -0.0005
vn 0.0000 1.0000 -0.0001
vn 0.0245 0.9997 -0.0096
vn -0.0938 0.9956 -0.0054
vn 0.0002 1.0000 0.0002
vn 0.0223 0.9992 -0.0320
vn 0.6096 -0.0148 0.7926
vn 0.6375 0.0025 0.7704
vn 0.1642 -0.0083 -0.9864
vn 0.2838 0.0427 -0.9579
vn 0.6620 -0.0466 -0.7480
vn 0.0671 0.0195 0.9976
vn 0.8731 0.0649 -0.4831
vn 0.9828 -0.0458 -0.1791
vn 0.9446 0.0318 0.3266
vn 0.9609 0.0025 0.2767
vn 0.4835 -0.0273 0.8749
vn 0.5591 0.0055 0.8291
vn 0.5466 -0.0118 -0.8373
vn 0.5755 0.0118 -0.8177
vn 0.0522 0.0458 0.9976
vn 0.9876 -0.0109 -0.1567
vn 0.9910 0.0029 -0.1340
vn 0.8803 0.0030 0.4744
vn 0.8701 -0.0061 0.4928
vn -0.0003 1.0000 0.0026
vn 0.0000 1.0000 -0.0026
vn 0.0003 1.0000 -0.0026
vn -0.0796 0.9964 0.0305
vn 0.0795 0.9964 -0.0305
vn 0.0997 0.9943 0.0380
vn -0.0652 0.9976 -0.0248
vn 0.0126 -0.9999 0.0007
vn 0.0039 -1.0000 0.0022
vn 0.0197 -0.9998 0.0007
vn 0.0023 -1.0000 -0.0007
vn 0.0137 -0.9999 0.0012
vn -0.0001 -1.0000 -0.0001
vn -0.0001 -1.0000 -0.0002
vn 0.0035 -1.0000 -0.0008
vn 0.0029 -1.0000 0.0005
vn 0.0038 -1.0000 -0.0002
vn 0.0009 -1.0000 -0.0008
vn -0.0000 -1.0000 0.0001
vn -0.5735 0.0088 -0.8191
vn -0.6232 -0.0213 -0.7818
vn -0.6906 0.0169 -0.7230
vn -0.7339 -0.0138 -0.6791
vn -0.7903 0.0138 -0.6126
vn -0.8227 -0.0137 -0.5683
vn -0.8693 0.0138 -0.4941
vn -0.8950 -0.0136 -0.4459
vn -0.9307 0.0138 -0.3656
vn -0.9491 -0.0137 -0.3146
vn -0.9732 0.0137 -0.2296
vn -0.9842 -0.0137 -0.1768
vn -0.9959 0.0136 -0.0890
vn -0.9993 -0.0136 -0.0356
vn -0.9985 0.0136 0.0535
vn -0.9942 -0.0136 0.1065
vn -0.9807 0.0136 0.1948
vn -0.9691 -0.0135 0.2463
vn -0.9431 0.0136 0.3321
vn -0.9244 -0.0135 0.3812
vn -0.8863 0.0135 0.4628
vn -0.8610 -0.0134 0.5084
vn -0.8116 0.0135 0.5841
vn -0.7688 -0.0227 0.6391
vn -0.7202 0.0212 0.6934
vn -0.6003 -0.0133 0.7996
vn -0.6112 0.0043 0.7915
vn -0.0123 -0.9999 -0.0003
vn -0.0028 -1.0000 -0.0022
vn -0.0072 -1.0000 -0.0017
vn 0.0000 -1.0000 -0.0001
vn -0.0029 -1.0000 -0.0005
vn -0.0035 -1.0000 0.0008
vn 0.0001 -1.0000 0.0001
vn -0.0200 -0.9998 -0.0006
vn -0.0010 -1.0000 0.0008
vn -0.0026 -1.0000 0.0007
vn -0.0040 -1.0000 0.0003
vn -0.0000 1.0000 0.0001
vn -0.0001 1.0000 0.0026
vn -0.0001 1.0000 -0.0002
vn 0.0003 1.0000 0.0027
vn 0.0000 1.0000 0.0002
vn -0.0005 1.0000 -0.0025
vn 0.0005 1.0000 0.0027
vn -0.0000 1.0000 -0.0002
vn 0.0004 1.0000 0.0018
vn 0.9959 0.0264 0.0866
vn 0.0214 -0.0062 -0.9998
vn 0.0229 -0.0071 -0.9997
vn 0.9602 -0.0311 0.2776
vn 0.8716 0.0396 0.4885
vn 0.3840 0.0095 -0.9233
vn 0.3877 0.0070 -0.9218
vn 0.7598 -0.0441 0.6486
vn 0.6695 -0.0225 -0.7425
vn 0.5585 0.0398 0.8285
vn 0.7601 0.0351 -0.6489
vn 0.3875 -0.0308 0.9214
vn 0.8853 -0.0309 -0.4640
vn 0.2094 0.0263 0.9775
vn 0.9602 0.0311 -0.2776
vn -0.0270 -0.0432 0.9987
vn 0.9959 -0.0264 -0.0866
vn 0.9737 0.0682 0.2174
vn 0.9099 -0.0775 0.4075
vn 0.1798 0.0353 -0.9831
vn 0.5523 0.0001 -0.8336
vn 0.5999 -0.0518 -0.7984
vn 0.6819 0.0583 0.7292
vn 0.5075 -0.0400 0.8607
vn 0.3447 0.0231 0.9384
vn 0.0909 -0.0346 0.9953
vn 0.9241 0.0496 -0.3790
vn 0.9666 -0.0588 -0.2495
vn 0.1052 0.0972 -0.9897
vn 0.2607 -0.1383 -0.9555
vn 0.3543 0.0713 -0.9324
vn 0.5453 -0.0088 -0.8382
vn 0.5565 -0.0436 -0.8297
vn 0.7064 0.0362 -0.7068
vn 0.7397 -0.0588 -0.6703
vn 0.8433 0.0759 -0.5321
vn 0.8934 -0.0734 -0.4433
vn 0.9375 0.0616 -0.3426
vn 0.9716 -0.0806 -0.2225
vn 0.9892 0.1121 -0.0943
vn 0.9934 -0.1034 0.0488
vn 0.9783 0.0855 0.1888
vn 0.9536 -0.0692 0.2931
vn 0.8969 0.0738 0.4360
vn 0.8709 -0.0465 0.4892
vn 0.7419 0.0145 0.6704
vn 0.7423 0.0130 0.6699
vn 0.5693 -0.0135 0.8220
vn 0.5729 -0.0259 0.8192
vn 0.3551 0.0684 0.9323
vn 0.3013 -0.0693 0.9510
vn 0.0658 0.0172 0.9977
vn 0.0571 0.0461 0.9973
vn -0.0005 1.0000 -0.0002
vn 0.0002 1.0000 0.0001
vn -0.0001 1.0000 -0.0001
vn 0.0001 1.0000 0.0001
vn -0.0004 1.0000 0.0004
vn 0.0002 1.0000 -0.0002
vn -0.0001 1.0000 0.0003
vn -0.6256 -0.7801 -0.0005
vn -0.9701 -0.2427 -0.0001
vn -0.8287 -0.5597 -0.0009
vn -0.9630 -0.2693 0.0003
vn -0.7448 -0.6673 0.0004
vn -0.2605 -0.9655 0.0007
vn -0.3817 -0.9243 -0.0007
vn -0.5197 -0.8544 0.0006
vn -0.8733 -0.4871 0.0000
vn 0.6171 -0.7869 0.0005
vn 0.5586 -0.8294 -0.0003
vn 0.9701 -0.2426 0.0001
vn 0.8313 -0.5559 0.0009
vn 0.9631 -0.2692 -0.0003
vn 0.7505 -0.6608 -0.0004
vn 0.2729 -0.9620 -0.0008
vn 0.3765 -0.9264 0.0007
vn 0.8733 -0.4871 -0.0000
vn -0.9338 -0.0070 0.3578
vn -0.9348 -0.0088 0.3549
vn -0.8153 0.0151 0.5789
vn -0.7322 -0.0035 0.6811
vn -0.7296 -0.0113 0.6838
vn -0.7214 -0.0152 0.6924
vn -0.6213 0.0058 0.7835
vn -0.5635 0.0046 -0.8261
vn -0.7064 0.0011 -0.7079
vn -0.7462 -0.0096 -0.6656
vn -0.7461 -0.0096 -0.6657
vn -0.8153 0.0076 -0.5790
vn -0.9069 -0.0154 -0.4210
vn -0.9344 0.0156 -0.3558
vn 0.9338 -0.0070 -0.3577
vn 0.9348 -0.0087 -0.3550
vn 0.8152 0.0151 -0.5790
vn 0.7258 -0.0052 -0.6879
vn 0.7257 -0.0124 -0.6879
vn 0.7278 -0.0111 -0.6857
vn 0.5733 0.0069 -0.8193
vn 0.5715 0.0013 0.8206
vn 0.7093 -0.0024 0.7049
vn 0.7402 -0.0107 0.6723
vn 0.7406 -0.0109 0.6718
vn 0.8149 0.0077 0.5795
vn 0.9070 -0.0154 0.4209
vn 0.9344 0.0155 0.3558
vn 0.5897 -0.0147 -0.8075
vn 0.3519 -0.0127 0.9360
vn 0.4199 0.0249 -0.9072
vn 0.1796 -0.0128 -0.9837
vn 0.6650 0.0141 0.7467
vn 0.6603 0.0124 0.7509
vn 0.9200 -0.0151 0.3915
vn 0.9819 0.0163 0.1887
vn 0.9989 -0.0118 -0.0450
vn 0.9304 0.0191 -0.3662
vn 0.8812 -0.0079 -0.4726
vn -0.7917 -0.4844 0.3721
vn -0.7736 -0.4703 0.4248
vn -0.6811 -0.5109 0.5246
vn -0.9394 -0.1141 0.3234
vn -0.8968 -0.2559 0.3610
vn -0.8871 -0.2565 0.3838
vn -0.4582 -0.6905 -0.5598
vn -0.4437 -0.7405 -0.5047
vn -0.5609 -0.6449 -0.5191
vn -0.5513 -0.7424 -0.3808
vn -0.5358 -0.7634 -0.3608
vn -0.6837 -0.6454 -0.3407
vn -0.6145 -0.7648 -0.1937
vn -0.6396 -0.7389 -0.2120
vn -0.7514 -0.6459 -0.1350
vn -0.6773 -0.7353 -0.0241
vn -0.7350 -0.6765 -0.0463
vn -0.6921 -0.7172 0.0808
vn -0.6729 -0.7363 0.0721
vn -0.7399 -0.6458 0.1881
vn -0.5993 -0.7645 0.2374
vn -0.6221 -0.7397 0.2566
vn -0.6579 -0.6452 0.3884
vn -0.5212 -0.7548 0.3983
vn -0.5607 -0.6843 0.4661
vn -0.4502 -0.7322 0.5111
vn -0.4659 -0.6868 0.5578
vn -0.6155 -0.6120 -0.4967
vn -0.8851 -0.3323 -0.3260
vn -0.9351 -0.1044 -0.3387
vn -0.6492 -0.6155 -0.4469
vn -0.8590 -0.3322 -0.3896
vn -0.9050 -0.2116 -0.3690
vn -0.7508 -0.4561 -0.4778
vn 0.8013 -0.3747 -0.4664
vn 0.6595 -0.5925 -0.4626
vn 0.6579 -0.5951 -0.4615
vn 0.9392 -0.1139 -0.3240
vn 0.8856 -0.2838 -0.3678
vn 0.8914 -0.2876 -0.3503
vn 0.4472 -0.7000 0.5568
vn 0.4402 -0.7453 0.5008
vn 0.5341 -0.6582 0.5307
vn 0.5717 -0.7013 0.4258
vn 0.5236 -0.7755 0.3527
vn 0.6600 -0.6601 0.3587
vn 0.6709 -0.6984 0.2491
vn 0.6016 -0.7760 0.1896
vn 0.7326 -0.6619 0.1588
vn 0.7169 -0.6954 0.0511
vn 0.7025 -0.7103 0.0442
vn 0.6610 -0.7464 -0.0772
vn 0.7253 -0.6865 -0.0517
vn 0.7453 -0.6469 -0.1615
vn 0.6402 -0.7305 -0.2377
vn 0.5956 -0.7679 -0.2359
vn 0.6693 -0.6478 -0.3638
vn 0.5505 -0.7272 -0.4100
vn 0.5258 -0.7496 -0.4019
vn 0.5300 -0.6646 -0.5267
vn 0.4533 -0.7270 -0.5157
vn 0.4632 -0.6726 -0.5771
vn 0.6229 -0.6024 0.4991
vn 0.7732 -0.4264 0.4694
vn 0.8851 -0.3323 0.3260
vn 0.9351 -0.1043 0.3387
vn 0.6552 -0.6088 0.4472
vn 0.8590 -0.3322 0.3897
vn 0.9050 -0.2116 0.3690
vn 0.0219 0.7038 -0.7101
vn 0.0270 0.7232 -0.6902
vn 0.2018 0.6825 -0.7025
vn 0.2008 0.7250 -0.6588
vn 0.3330 0.6964 -0.6357
vn 0.3304 0.7656 -0.5520
vn 0.4199 0.6778 -0.6036
vn 0.5002 0.6894 -0.5239
vn 0.4597 0.7756 -0.4326
vn 0.5940 0.6596 -0.4605
vn 0.6214 0.6993 -0.3532
vn 0.5630 0.7760 -0.2842
vn 0.6984 0.6610 -0.2743
vn 0.6983 0.6966 -0.1647
vn 0.6201 0.7764 -0.1127
vn 0.7459 0.6628 -0.0666
vn 0.7189 0.6941 0.0385
vn 0.6261 0.7768 0.0678
vn 0.7330 0.6645 0.1456
vn 0.6813 0.6916 0.2400
vn 0.5808 0.7771 0.2425
vn 0.6610 0.6663 0.3452
vn 0.5882 0.6891 0.4233
vn 0.4878 0.7774 0.3971
vn 0.5360 0.6682 0.5160
vn 0.4342 0.6886 0.5808
vn 0.3966 0.7328 0.5529
vn 0.2897 0.7124 0.6392
vn 0.2944 0.6791 0.6725
vn 0.1066 0.7304 0.6747
vn 0.1087 0.7608 0.6398
vn 0.0785 0.6565 -0.7502
vn 0.2141 0.7640 -0.6087
vn 0.2466 0.7254 -0.6427
vn 0.4117 0.6556 -0.6330
vn 0.4285 0.7555 -0.4956
vn 0.5146 0.6850 -0.5157
vn 0.5925 0.7128 -0.3754
vn 0.5743 0.7435 -0.3427
vn 0.7096 0.6553 -0.2589
vn 0.6363 0.7599 -0.1329
vn 0.7484 0.6592 -0.0738
vn 0.6532 0.7559 0.0430
vn 0.7442 0.6514 0.1479
vn 0.6166 0.7532 0.2291
vn 0.6863 0.6460 0.3342
vn 0.5458 0.6789 0.4910
vn 0.5243 0.7397 0.4218
vn 0.4165 0.6862 0.5963
vn 0.4133 0.7254 0.5505
vn 0.1976 0.7713 0.6051
vn 0.2552 0.7037 0.6631
vn 0.0512 0.6266 0.7776
vn 0.8532 0.0309 -0.5207
vn 0.2927 0.8681 -0.4010
vn 0.3559 -0.0565 0.9328
vn 0.1654 0.4053 -0.8991
vn 0.1617 0.3266 -0.9312
vn 0.3338 0.8628 0.3796
vn 0.7636 0.5580 0.3249
vn 0.9464 -0.0117 0.3229
vn 0.4999 0.8658 -0.0226
vn 0.7674 0.4916 -0.4116
vn -0.0003 1.0000 -0.0027
vn 0.9110 0.3003 0.2826
vn 0.0165 0.9984 0.0537
vn 0.5269 0.8193 0.2261
vn 0.9206 -0.0396 0.3885
vn -0.0183 -0.9995 0.0242
vn 0.8186 -0.5457 0.1790
vn 0.9363 -0.2929 0.1938
vn 0.9682 -0.1573 0.1946
vn 0.9791 -0.0668 0.1919
vn 0.9800 -0.0563 0.1909
vn 0.9823 -0.0208 0.1860
vn 0.9835 0.0456 0.1752
vn 0.9792 0.1253 0.1597
vn 0.9671 0.2125 0.1400
vn 0.9183 0.3845 0.0941
vn 0.7491 0.6624 0.0000
vn 0.8972 0.4308 -0.0969
vn 0.9418 0.3058 -0.1398
vn 0.9627 0.2121 -0.1682
vn 0.9719 0.1435 -0.1867
vn 0.9765 0.0696 -0.2042
vn 0.9764 0.0145 -0.2156
vn 0.9713 -0.0633 -0.2293
vn 0.9697 -0.0788 -0.2310
vn 0.9579 -0.1660 -0.2341
vn 0.9122 -0.3378 -0.2321
vn 0.7269 -0.6569 -0.2003
vn -0.1032 -0.9946 -0.0085
vn 0.3961 -0.8675 -0.3011
vn 0.7310 -0.4449 -0.5174
vn 0.5569 -0.7312 -0.3940
vn -0.7926 0.1921 0.5786
vn 0.0127 0.9999 0.0091
vn 0.8092 0.1961 -0.5539
vn 0.8191 -0.1156 -0.5619
vn 0.8216 0.0666 -0.5662
vn 0.8232 0.0465 -0.5658
vn 0.8245 0.0334 -0.5649
vn 0.8365 -0.0592 -0.5448
vn -0.1429 0.9611 -0.2362
vn -0.1320 0.9609 -0.2433
vn -0.1221 0.9606 -0.2495
vn -0.1167 0.9606 -0.2523
vn -0.0962 0.9601 -0.2626
vn -0.0965 0.9601 -0.2624
vn -0.0964 0.9601 -0.2625
vn -0.0854 0.9601 -0.2662
vn -0.0610 0.9597 -0.2743
vn -0.0590 0.9596 -0.2750
vn -0.0690 0.9595 -0.2732
vn -0.0262 0.9595 -0.2806
vn -0.0292 0.9595 -0.2803
vn -0.0247 0.9595 -0.2807
vn -0.0064 0.9594 -0.2818
vn -0.0051 0.9594 -0.2819
vn -0.0166 0.9592 -0.2823
vn 0.9992 0.0000 0.0391
vn 0.0568 -0.8596 0.5079
vn -0.0568 -0.8591 0.5086
vn -0.9984 0.0000 0.0573
vn 0.0166 0.9591 -0.2825
vn 0.0059 0.9594 -0.2820
vn 0.0064 0.9594 -0.2820
vn 0.0259 0.9593 -0.2811
vn 0.0260 0.9593 -0.2811
vn 0.0311 0.9594 -0.2803
vn 0.0599 0.9594 -0.2757
vn 0.0598 0.9594 -0.2758
vn 0.0612 0.9594 -0.2753
vn 0.0858 0.9597 -0.2676
vn 0.0970 0.9596 -0.2640
vn 0.1175 0.9600 -0.2540
vn 0.1225 0.9601 -0.2516
vn 0.1235 0.9601 -0.2510
vn 0.1236 0.9601 -0.2510
vn 0.1343 0.9603 -0.2446
vn 0.1405 0.9604 -0.2406
vn 0.1407 0.9604 -0.2405
vn -0.8432 -0.0608 -0.5342
vn -0.8243 0.0719 -0.5616
vn -0.8258 0.0526 -0.5615
vn -0.8253 0.0603 -0.5615
vn -0.8154 -0.1904 -0.5466
vn -0.8304 -0.0544 -0.5544
vn 0.0000 0.9998 0.0183
vn 0.8009 0.1923 0.5670
vn -0.5623 -0.7315 -0.3856
vn -0.7384 -0.4453 -0.5065
vn -0.4063 -0.8634 -0.2992
vn 0.1065 -0.9943 -0.0085
vn -0.7378 -0.6456 -0.1968
vn -0.9170 -0.3288 -0.2259
vn -0.9604 -0.1611 -0.2273
vn -0.9716 -0.0765 -0.2241
vn -0.9730 -0.0613 -0.2224
vn -0.9778 0.0141 -0.2090
vn -0.9779 0.0675 -0.1980
vn -0.9736 0.1392 -0.1810
vn -0.9649 0.2058 -0.1632
vn -0.9451 0.2971 -0.1359
vn -0.9027 0.4197 -0.0944
vn -0.7596 0.6504 0.0000
vn -0.9229 0.3741 0.0915
vn -0.9690 0.2062 0.1358
vn -0.9804 0.1215 0.1548
vn -0.9845 0.0442 0.1698
vn -0.9834 -0.0202 0.1803
vn -0.9812 -0.0546 0.1851
vn -0.9804 -0.0647 0.1860
vn -0.9701 -0.1526 0.1888
vn -0.9399 -0.2847 0.1884
vn -0.8272 -0.5339 0.1751
vn 0.0189 -0.9995 0.0242
vn -0.9250 -0.0396 0.3779
vn -0.5396 0.8115 0.2242
vn -0.0165 0.9984 0.0535
vn -0.9168 0.2908 0.2736
vn 0.0000 0.9976 0.0696
vn -0.9611 -0.1067 0.2549
vn -0.9609 -0.1088 0.2547
vn -0.9583 -0.1348 0.2520
vn -0.9562 -0.1523 0.2502
vn -0.9645 -0.0071 0.2638
vn -0.2737 0.9318 0.2383
vn 0.0396 0.9845 0.1709
vn 0.0233 0.9844 0.1744
vn 0.0000 0.9839 0.1787
vn 0.0004 0.9839 0.1786
vn 0.0000 0.9839 0.1787
vn -0.0003 0.9839 0.1787
vn -0.0233 0.9844 0.1742
vn -0.0396 0.9846 0.1705
vn 0.2779 0.9296 0.2421
vn 0.9616 0.0048 0.2743
vn 0.9617 0.0038 0.2742
vn 0.9548 -0.1433 0.2606
vn 0.9566 -0.1267 0.2624
vn 0.9595 -0.0932 0.2657
vn 0.0000 0.9976 0.0696
s off
f 4//1 125//1 3//1
f 5//2 125//2 4//2
f 5//3 1//3 125//3
f 1//4 6//4 125//4
f 2//5 125//5 6//5
f 7//6 8//6 9//6
f 7//7 55//7 8//7
f 10//8 75//8 19//8
f 10//9 11//9 75//9
f 12//10 13//10 14//10
f 15//11 16//11 13//11
f 18//12 21//12 17//12
f 17//13 21//13 46//13
f 46//14 21//14 19//14
f 18//15 20//15 21//15
f 19//16 7//16 16//16
f 46//17 19//17 16//17
f 16//18 22//18 13//18
f 7//19 22//19 16//19
f 7//20 23//20 22//20
f 22//21 24//21 13//21
f 13//22 24//22 14//22
f 22//23 25//23 24//23
f 73//24 27//24 28//24
f 73//25 74//25 27//25
f 27//26 74//26 29//26
f 74//27 15//27 29//27
f 26//28 30//28 32//28
f 32//29 30//29 31//29
f 27//30 29//30 32//30
f 29//31 26//31 32//31
f 33//32 34//32 35//32
f 31//33 36//33 34//33
f 30//34 36//34 31//34
f 12//35 14//35 36//35
f 14//36 35//36 34//36
f 14//37 34//37 36//37
f 37//38 38//38 39//38
f 38//39 40//39 41//39
f 42//40 40//40 38//40
f 24//41 25//41 42//41
f 37//42 24//42 38//42
f 38//43 24//43 42//43
f 43//44 41//44 40//44
f 43//45 44//45 41//45
f 14//46 37//46 35//46
f 14//47 24//47 37//47
f 52//48 17//48 45//48
f 17//49 46//49 45//49
f 20//50 18//50 54//50
f 54//51 18//51 47//51
f 48//52 55//52 49//52
f 37//53 49//53 50//53
f 37//54 50//54 35//54
f 50//55 33//55 35//55
f 39//56 49//56 37//56
f 51//57 28//57 50//57
f 56//58 45//58 53//58
f 56//59 52//59 45//59
f 56//60 47//60 52//60
f 54//61 47//61 56//61
f 53//62 45//62 51//62
f 55//63 53//63 51//63
f 49//64 51//64 50//64
f 49//65 55//65 51//65
f 39//66 57//66 49//66
f 58//67 57//67 39//67
f 38//68 58//68 39//68
f 59//69 60//69 58//69
f 58//70 61//70 57//70
f 60//71 61//71 58//71
f 41//72 59//72 38//72
f 38//73 59//73 58//73
f 61//74 49//74 57//74
f 61//75 48//75 49//75
f 62//76 34//76 33//76
f 63//77 33//77 50//77
f 63//78 62//78 33//78
f 63//79 27//79 62//79
f 27//80 64//80 62//80
f 28//81 63//81 50//81
f 28//82 27//82 63//82
f 64//83 31//83 62//83
f 62//84 31//84 34//84
f 25//85 22//85 66//85
f 25//86 65//86 42//86
f 25//87 66//87 65//87
f 66//88 67//88 65//88
f 67//89 68//89 65//89
f 68//90 69//90 65//90
f 23//91 67//91 66//91
f 23//92 66//92 22//92
f 69//93 40//93 42//93
f 69//94 42//94 65//94
f 12//95 36//95 70//95
f 72//96 70//96 71//96
f 72//97 12//97 70//97
f 13//98 12//98 72//98
f 70//99 26//99 71//99
f 26//100 29//100 71//100
f 71//101 29//101 72//101
f 30//102 26//102 70//102
f 30//103 70//103 36//103
f 72//104 15//104 13//104
f 29//105 15//105 72//105
f 45//106 46//106 73//106
f 46//107 74//107 73//107
f 7//108 19//108 55//108
f 55//109 19//109 75//109
f 76//110 77//110 20//110
f 54//111 76//111 20//111
f 47//112 18//112 17//112
f 52//113 47//113 17//113
f 67//114 23//114 78//114
f 67//115 78//115 68//115
f 78//116 43//116 68//116
f 68//117 43//117 69//117
f 40//118 69//118 43//118
f 9//119 23//119 7//119
f 77//120 10//120 21//120
f 10//121 19//121 21//121
f 20//122 77//122 21//122
f 41//123 44//123 59//123
f 59//124 44//124 60//124
f 44//125 79//125 60//125
f 60//126 79//126 61//126
f 79//127 48//127 61//127
f 46//128 16//128 74//128
f 55//129 48//129 8//129
f 15//130 74//130 16//130
f 75//131 53//131 55//131
f 11//132 53//132 75//132
f 56//133 11//133 76//133
f 56//134 53//134 11//134
f 76//135 54//135 56//135
f 73//136 51//136 45//136
f 28//137 51//137 73//137
f 32//138 31//138 64//138
f 27//139 32//139 64//139
f 78//140 80//140 43//140
f 78//141 23//141 80//141
f 83//142 84//142 81//142
f 84//143 82//143 81//143
f 83//144 86//144 84//144
f 85//145 86//145 83//145
f 87//146 92//146 88//146
f 90//147 92//147 87//147
f 91//148 92//148 90//148
f 86//149 85//149 91//149
f 91//150 85//150 92//150
f 91//151 90//151 89//151
f 87//152 122//152 90//152
f 95//153 122//153 87//153
f 94//154 6//154 93//154
f 93//155 6//155 95//155
f 6//156 1//156 95//156
f 94//157 2//157 6//157
f 95//158 1//158 98//158
f 94//159 96//159 2//159
f 96//160 97//160 2//160
f 1//161 5//161 98//161
f 5//162 4//162 98//162
f 96//163 123//163 97//163
f 98//164 4//164 99//164
f 4//165 100//165 99//165
f 96//166 126//166 123//166
f 3//167 100//167 4//167
f 124//168 101//168 3//168
f 127//169 101//169 124//169
f 3//170 101//170 100//170
f 126//171 101//171 127//171
f 96//172 101//172 126//172
f 96//173 103//173 101//173
f 102//174 103//174 96//174
f 104//175 105//175 102//175
f 106//176 105//176 104//176
f 77//177 76//177 104//177
f 76//178 106//178 104//178
f 11//179 106//179 76//179
f 104//180 10//180 77//180
f 81//181 82//181 107//181
f 82//182 108//182 107//182
f 48//183 79//183 109//183
f 109//184 79//184 44//184
f 11//185 108//185 82//185
f 11//186 82//186 118//186
f 8//187 109//187 108//187
f 8//188 108//188 11//188
f 107//189 10//189 81//189
f 81//190 10//190 110//190
f 80//191 9//191 107//191
f 107//192 9//192 10//192
f 110//193 111//193 81//193
f 110//194 102//194 111//194
f 113//195 102//195 112//195
f 113//196 111//196 102//196
f 112//197 94//197 120//197
f 112//198 120//198 113//198
f 114//199 115//199 117//199
f 100//200 115//200 114//200
f 105//201 115//201 103//201
f 116//202 117//202 105//202
f 105//203 117//203 115//203
f 116//204 118//204 82//204
f 105//205 118//205 116//205
f 8//206 10//206 9//206
f 11//207 10//207 8//207
f 109//208 44//208 108//208
f 43//209 107//209 44//209
f 44//210 107//210 108//210
f 43//211 80//211 107//211
f 95//212 87//212 88//212
f 93//213 95//213 88//213
f 119//214 93//214 88//214
f 119//215 88//215 120//215
f 94//216 119//216 120//216
f 100//217 114//217 121//217
f 99//218 100//218 121//218
f 99//219 121//219 89//219
f 122//220 99//220 89//220
f 122//221 89//221 90//221
f 101//222 103//222 115//222
f 105//223 106//223 118//223
f 100//224 101//224 115//224
f 99//225 122//225 98//225
f 122//226 95//226 98//226
f 119//227 94//227 93//227
f 106//228 11//228 118//228
f 96//229 94//229 112//229
f 8//230 48//230 109//230
f 102//231 96//231 112//231
f 104//232 102//232 110//232
f 82//233 84//233 116//233
f 110//234 10//234 104//234
f 116//235 86//235 117//235
f 84//236 86//236 116//236
f 9//237 80//237 23//237
f 86//238 91//238 114//238
f 86//239 114//239 117//239
f 121//240 114//240 91//240
f 121//241 91//241 89//241
f 120//242 88//242 92//242
f 92//243 85//243 113//243
f 92//244 113//244 120//244
f 83//245 81//245 111//245
f 85//246 111//246 113//246
f 85//247 83//247 111//247
f 3//248 125//248 124//248
f 127//249 124//249 125//249
f 97//250 125//250 2//250
f 97//251 123//251 125//251
f 123//252 126//252 125//252
f 126//253 127//253 125//253
f 103//254 102//254 105//254
f 128//255 129//255 139//255
f 139//256 129//256 130//256
f 156//257 147//257 131//257
f 147//258 132//258 131//258
f 129//259 133//259 130//259
f 131//260 132//260 134//260
f 130//261 135//261 136//261
f 133//262 135//262 130//262
f 132//263 137//263 134//263
f 137//264 138//264 134//264
f 134//265 138//265 139//265
f 138//266 128//266 139//266
f 132//267 140//267 137//267
f 140//268 143//268 137//268
f 141//269 142//269 144//269
f 137//270 143//270 138//270
f 144//271 145//271 146//271
f 142//272 145//272 144//272
f 143//273 128//273 138//273
f 146//274 145//274 147//274
f 145//275 148//275 147//275
f 147//276 148//276 132//276
f 148//277 140//277 132//277
f 150//278 145//278 151//278
f 151//279 145//279 149//279
f 148//280 145//280 150//280
f 149//281 145//281 142//281
f 143//282 140//282 128//282
f 140//283 148//283 128//283
f 128//284 148//284 129//284
f 129//285 148//285 150//285
f 152//286 149//286 153//286
f 151//287 149//287 152//287
f 153//288 149//288 141//288
f 149//289 142//289 141//289
f 129//290 150//290 133//290
f 133//291 150//291 135//291
f 150//292 151//292 135//292
f 135//293 151//293 152//293
f 141//294 144//294 154//294
f 144//295 146//295 154//295
f 136//296 152//296 155//296
f 135//297 152//297 136//297
f 154//298 146//298 156//298
f 146//299 147//299 156//299
f 152//300 153//300 155//300
f 155//301 153//301 157//301
f 153//302 141//302 157//302
f 157//303 141//303 154//303
f 154//304 156//304 131//304
f 154//304 131//304 134//304
f 154//304 134//304 139//304
f 155//304 154//304 139//304
f 155//304 139//304 130//304
f 155//304 157//304 154//304
f 155//304 130//304 136//304
f 168//305 158//305 159//305
f 184//257 175//257 160//257
f 175//258 161//258 160//258
f 158//306 162//306 159//306
f 160//260 161//260 163//260
f 159//261 164//261 165//261
f 162//262 164//262 159//262
f 161//263 166//263 163//263
f 166//307 167//307 163//307
f 163//308 167//308 168//308
f 167//309 158//309 168//309
f 161//310 169//310 166//310
f 171//311 172//311 170//311
f 170//312 172//312 173//312
f 166//313 169//313 167//313
f 172//314 174//314 173//314
f 174//315 176//315 175//315
f 175//316 176//316 161//316
f 176//317 169//317 161//317
f 178//318 172//318 171//318
f 176//319 172//319 178//319
f 176//320 174//320 172//320
f 158//321 169//321 179//321
f 179//322 169//322 177//322
f 177//323 176//323 178//323
f 169//149 176//149 177//149
f 167//324 169//324 158//324
f 177//325 178//325 180//325
f 180//326 178//326 181//326
f 178//327 171//327 181//327
f 181//328 171//328 170//328
f 158//329 179//329 162//329
f 162//330 179//330 164//330
f 179//331 177//331 164//331
f 164//332 177//332 180//332
f 170//294 173//294 182//294
f 173//333 174//333 182//333
f 165//296 180//296 183//296
f 164//297 180//297 165//297
f 182//334 174//334 184//334
f 174//335 175//335 184//335
f 180//300 181//300 183//300
f 183//301 181//301 185//301
f 181//302 170//302 185//302
f 185//303 170//303 182//303
f 159//304 163//304 168//304
f 183//304 184//304 160//304
f 183//304 182//304 184//304
f 183//304 185//304 182//304
f 183//304 160//304 165//304
f 165//304 160//304 163//304
f 165//304 163//304 159//304
f 2538//336 2659//336 2537//336
f 2539//337 2659//337 2538//337
f 2539//338 2535//338 2659//338
f 2535//339 2540//339 2659//339
f 2536//340 2659//340 2540//340
f 2541//341 2542//341 2543//341
f 2541//342 2589//342 2542//342
f 2544//343 2609//343 2553//343
f 2544//344 2545//344 2609//344
f 2546//345 2547//345 2548//345
f 2549//346 2550//346 2547//346
f 2552//347 2555//347 2551//347
f 2551//348 2555//348 2580//348
f 2580//349 2555//349 2553//349
f 2552//350 2554//350 2555//350
f 2553//351 2541//351 2550//351
f 2580//352 2553//352 2550//352
f 2550//353 2556//353 2547//353
f 2541//354 2556//354 2550//354
f 2541//355 2557//355 2556//355
f 2556//356 2558//356 2547//356
f 2547//357 2558//357 2548//357
f 2556//358 2559//358 2558//358
f 2607//359 2561//359 2562//359
f 2607//360 2608//360 2561//360
f 2561//361 2608//361 2563//361
f 2608//362 2549//362 2563//362
f 2560//363 2564//363 2566//363
f 2566//364 2564//364 2565//364
f 2561//365 2563//365 2566//365
f 2563//366 2560//366 2566//366
f 2567//367 2568//367 2569//367
f 2565//368 2570//368 2568//368
f 2564//369 2570//369 2565//369
f 2546//370 2548//370 2570//370
f 2548//371 2569//371 2568//371
f 2548//372 2568//372 2570//372
f 2571//373 2572//373 2573//373
f 2572//374 2574//374 2575//374
f 2576//375 2574//375 2572//375
f 2558//376 2559//376 2576//376
f 2571//377 2558//377 2572//377
f 2572//378 2558//378 2576//378
f 2577//379 2575//379 2574//379
f 2577//380 2578//380 2575//380
f 2548//381 2571//381 2569//381
f 2548//382 2558//382 2571//382
f 2586//383 2551//383 2579//383
f 2551//384 2580//384 2579//384
f 2554//385 2552//385 2588//385
f 2588//386 2552//386 2581//386
f 2582//387 2589//387 2583//387
f 2571//388 2583//388 2584//388
f 2571//389 2584//389 2569//389
f 2584//390 2567//390 2569//390
f 2573//391 2583//391 2571//391
f 2585//392 2562//392 2584//392
f 2590//393 2579//393 2587//393
f 2590//394 2586//394 2579//394
f 2590//395 2581//395 2586//395
f 2588//396 2581//396 2590//396
f 2587//397 2579//397 2585//397
f 2589//398 2587//398 2585//398
f 2583//399 2585//399 2584//399
f 2583//400 2589//400 2585//400
f 2573//401 2591//401 2583//401
f 2592//402 2591//402 2573//402
f 2572//403 2592//403 2573//403
f 2593//404 2594//404 2592//404
f 2592//405 2595//405 2591//405
f 2594//406 2595//406 2592//406
f 2575//407 2593//407 2572//407
f 2572//408 2593//408 2592//408
f 2595//409 2583//409 2591//409
f 2595//410 2582//410 2583//410
f 2596//411 2568//411 2567//411
f 2597//412 2567//412 2584//412
f 2597//413 2596//413 2567//413
f 2597//414 2561//414 2596//414
f 2561//415 2598//415 2596//415
f 2562//416 2597//416 2584//416
f 2562//417 2561//417 2597//417
f 2598//418 2565//418 2596//418
f 2596//419 2565//419 2568//419
f 2559//420 2556//420 2600//420
f 2559//421 2599//421 2576//421
f 2559//422 2600//422 2599//422
f 2600//423 2601//423 2599//423
f 2601//424 2602//424 2599//424
f 2602//425 2603//425 2599//425
f 2557//426 2601//426 2600//426
f 2557//427 2600//427 2556//427
f 2603//428 2574//428 2576//428
f 2603//429 2576//429 2599//429
f 2546//430 2570//430 2604//430
f 2606//96 2604//96 2605//96
f 2606//431 2546//431 2604//431
f 2547//432 2546//432 2606//432
f 2604//433 2560//433 2605//433
f 2560//434 2563//434 2605//434
f 2605//435 2563//435 2606//435
f 2564//436 2560//436 2604//436
f 2564//437 2604//437 2570//437
f 2606//438 2549//438 2547//438
f 2563//439 2549//439 2606//439
f 2579//440 2580//440 2607//440
f 2580//441 2608//441 2607//441
f 2541//442 2553//442 2589//442
f 2589//443 2553//443 2609//443
f 2610//444 2611//444 2554//444
f 2588//445 2610//445 2554//445
f 2581//446 2552//446 2551//446
f 2586//447 2581//447 2551//447
f 2601//448 2557//448 2612//448
f 2601//449 2612//449 2602//449
f 2612//450 2577//450 2602//450
f 2602//451 2577//451 2603//451
f 2574//452 2603//452 2577//452
f 2543//453 2557//453 2541//453
f 2611//454 2544//454 2555//454
f 2544//455 2553//455 2555//455
f 2554//456 2611//456 2555//456
f 2575//457 2578//457 2593//457
f 2593//458 2578//458 2594//458
f 2578//459 2613//459 2594//459
f 2594//460 2613//460 2595//460
f 2613//461 2582//461 2595//461
f 2580//462 2550//462 2608//462
f 2589//463 2582//463 2542//463
f 2549//464 2608//464 2550//464
f 2609//465 2587//465 2589//465
f 2545//466 2587//466 2609//466
f 2590//467 2545//467 2610//467
f 2590//468 2587//468 2545//468
f 2610//469 2588//469 2590//469
f 2607//470 2585//470 2579//470
f 2562//471 2585//471 2607//471
f 2566//472 2565//472 2598//472
f 2561//473 2566//473 2598//473
f 2612//474 2614//474 2577//474
f 2612//475 2557//475 2614//475
f 2617//476 2618//476 2615//476
f 2618//477 2616//477 2615//477
f 2617//478 2620//478 2618//478
f 2619//479 2620//479 2617//479
f 2621//480 2626//480 2622//480
f 2624//481 2626//481 2621//481
f 2625//482 2626//482 2624//482
f 2620//483 2619//483 2625//483
f 2625//484 2619//484 2626//484
f 2625//485 2624//485 2623//485
f 2621//486 2656//486 2624//486
f 2629//487 2656//487 2621//487
f 2628//488 2540//488 2627//488
f 2627//489 2540//489 2629//489
f 2540//490 2535//490 2629//490
f 2628//491 2536//491 2540//491
f 2629//492 2535//492 2632//492
f 2628//493 2630//493 2536//493
f 2630//494 2631//494 2536//494
f 2535//495 2539//495 2632//495
f 2539//496 2538//496 2632//496
f 2630//497 2657//497 2631//497
f 2632//498 2538//498 2633//498
f 2538//499 2634//499 2633//499
f 2630//500 2660//500 2657//500
f 2537//501 2634//501 2538//501
f 2658//502 2635//502 2537//502
f 2661//503 2635//503 2658//503
f 2537//504 2635//504 2634//504
f 2660//505 2635//505 2661//505
f 2630//506 2635//506 2660//506
f 2630//507 2637//507 2635//507
f 2636//508 2637//508 2630//508
f 2638//509 2639//509 2636//509
f 2640//510 2639//510 2638//510
f 2611//511 2610//511 2638//511
f 2610//512 2640//512 2638//512
f 2545//513 2640//513 2610//513
f 2638//514 2544//514 2611//514
f 2615//515 2616//515 2641//515
f 2616//516 2642//516 2641//516
f 2582//517 2613//517 2643//517
f 2643//518 2613//518 2578//518
f 2545//519 2642//519 2616//519
f 2545//520 2616//520 2652//520
f 2542//521 2643//521 2642//521
f 2542//522 2642//522 2545//522
f 2641//523 2544//523 2615//523
f 2615//524 2544//524 2644//524
f 2614//525 2543//525 2641//525
f 2641//526 2543//526 2544//526
f 2644//527 2645//527 2615//527
f 2644//528 2636//528 2645//528
f 2647//529 2636//529 2646//529
f 2647//530 2645//530 2636//530
f 2646//531 2628//531 2654//531
f 2646//532 2654//532 2647//532
f 2648//533 2649//533 2651//533
f 2634//534 2649//534 2648//534
f 2639//535 2649//535 2637//535
f 2650//536 2651//536 2639//536
f 2639//537 2651//537 2649//537
f 2650//538 2652//538 2616//538
f 2639//539 2652//539 2650//539
f 2542//540 2544//540 2543//540
f 2545//541 2544//541 2542//541
f 2643//542 2578//542 2642//542
f 2577//543 2641//543 2578//543
f 2578//544 2641//544 2642//544
f 2577//545 2614//545 2641//545
f 2629//546 2621//546 2622//546
f 2627//547 2629//547 2622//547
f 2653//548 2627//548 2622//548
f 2653//549 2622//549 2654//549
f 2628//550 2653//550 2654//550
f 2634//551 2648//551 2655//551
f 2633//552 2634//552 2655//552
f 2633//553 2655//553 2623//553
f 2656//554 2633//554 2623//554
f 2656//555 2623//555 2624//555
f 2635//556 2637//556 2649//556
f 2639//557 2640//557 2652//557
f 2634//558 2635//558 2649//558
f 2633//559 2656//559 2632//559
f 2656//560 2629//560 2632//560
f 2653//561 2628//561 2627//561
f 2640//562 2545//562 2652//562
f 2630//563 2628//563 2646//563
f 2542//564 2582//564 2643//564
f 2636//565 2630//565 2646//565
f 2638//566 2636//566 2644//566
f 2616//567 2618//567 2650//567
f 2644//568 2544//568 2638//568
f 2650//569 2620//569 2651//569
f 2618//570 2620//570 2650//570
f 2543//571 2614//571 2557//571
f 2620//572 2625//572 2648//572
f 2620//573 2648//573 2651//573
f 2655//574 2648//574 2625//574
f 2655//575 2625//575 2623//575
f 2654//576 2622//576 2626//576
f 2626//577 2619//577 2647//577
f 2626//578 2647//578 2654//578
f 2617//579 2615//579 2645//579
f 2619//580 2645//580 2647//580
f 2619//581 2617//581 2645//581
f 2537//582 2659//582 2658//582
f 2661//583 2658//583 2659//583
f 2631//584 2659//584 2536//584
f 2631//585 2657//585 2659//585
f 2657//586 2660//586 2659//586
f 2660//587 2661//587 2659//587
f 2637//588 2636//588 2639//588
f 2662//589 2663//589 2673//589
f 2673//590 2663//590 2664//590
f 2690//591 2681//591 2665//591
f 2681//592 2666//592 2665//592
f 2663//593 2667//593 2664//593
f 2665//594 2666//594 2668//594
f 2664//595 2669//595 2670//595
f 2667//596 2669//596 2664//596
f 2666//597 2671//597 2668//597
f 2671//598 2672//598 2668//598
f 2668//599 2672//599 2673//599
f 2672//600 2662//600 2673//600
f 2666//601 2674//601 2671//601
f 2674//602 2677//602 2671//602
f 2675//603 2676//603 2678//603
f 2671//604 2677//604 2672//604
f 2678//605 2679//605 2680//605
f 2676//606 2679//606 2678//606
f 2677//607 2662//607 2672//607
f 2680//608 2679//608 2681//608
f 2679//609 2682//609 2681//609
f 2681//610 2682//610 2666//610
f 2682//611 2674//611 2666//611
f 2684//612 2679//612 2685//612
f 2685//613 2679//613 2683//613
f 2682//614 2679//614 2684//614
f 2683//615 2679//615 2676//615
f 2677//616 2674//616 2662//616
f 2674//617 2682//617 2662//617
f 2662//618 2682//618 2663//618
f 2663//619 2682//619 2684//619
f 2686//620 2683//620 2687//620
f 2685//621 2683//621 2686//621
f 2687//622 2683//622 2675//622
f 2683//623 2676//623 2675//623
f 2663//624 2684//624 2667//624
f 2667//625 2684//625 2669//625
f 2684//626 2685//626 2669//626
f 2669//627 2685//627 2686//627
f 2675//628 2678//628 2688//628
f 2678//629 2680//629 2688//629
f 2670//630 2686//630 2689//630
f 2669//631 2686//631 2670//631
f 2688//632 2680//632 2690//632
f 2680//633 2681//633 2690//633
f 2686//634 2687//634 2689//634
f 2689//635 2687//635 2691//635
f 2687//636 2675//636 2691//636
f 2691//637 2675//637 2688//637
f 2688//638 2690//638 2665//638
f 2688//638 2665//638 2668//638
f 2688//638 2668//638 2673//638
f 2689//638 2688//638 2673//638
f 2689//638 2673//638 2664//638
f 2689//638 2691//638 2688//638
f 2689//638 2664//638 2670//638
f 2702//639 2692//639 2693//639
f 2718//591 2709//591 2694//591
f 2709//592 2695//592 2694//592
f 2692//640 2696//640 2693//640
f 2694//594 2695//594 2697//594
f 2693//595 2698//595 2699//595
f 2696//596 2698//596 2693//596
f 2695//641 2700//641 2697//641
f 2700//642 2701//642 2697//642
f 2697//643 2701//643 2702//643
f 2701//644 2692//644 2702//644
f 2695//645 2703//645 2700//645
f 2705//646 2706//646 2704//646
f 2704//647 2706//647 2707//647
f 2700//648 2703//648 2701//648
f 2706//649 2708//649 2707//649
f 2708//650 2710//650 2709//650
f 2709//651 2710//651 2695//651
f 2710//652 2703//652 2695//652
f 2712//653 2706//653 2705//653
f 2710//654 2706//654 2712//654
f 2710//655 2708//655 2706//655
f 2692//656 2703//656 2713//656
f 2713//657 2703//657 2711//657
f 2711//658 2710//658 2712//658
f 2703//483 2710//483 2711//483
f 2701//659 2703//659 2692//659
f 2711//660 2712//660 2714//660
f 2714//661 2712//661 2715//661
f 2712//662 2705//662 2715//662
f 2715//663 2705//663 2704//663
f 2692//664 2713//664 2696//664
f 2696//665 2713//665 2698//665
f 2713//666 2711//666 2698//666
f 2698//667 2711//667 2714//667
f 2704//628 2707//628 2716//628
f 2707//668 2708//668 2716//668
f 2699//630 2714//630 2717//630
f 2698//631 2714//631 2699//631
f 2716//669 2708//669 2718//669
f 2708//670 2709//670 2718//670
f 2714//634 2715//634 2717//634
f 2717//635 2715//635 2719//635
f 2715//636 2704//636 2719//636
f 2719//637 2704//637 2716//637
f 2693//638 2697//638 2702//638
f 2717//638 2718//638 2694//638
f 2717//638 2716//638 2718//638
f 2717//638 2719//638 2716//638
f 2717//638 2694//638 2699//638
f 2699//638 2694//638 2697//638
f 2699//638 2697//638 2693//638
f 212//671 213//671 214//671
f 213//672 215//672 214//672
f 215//673 202//673 214//673
f 214//674 202//674 286//674
f 200//675 213//675 212//675
f 199//676 313//676 198//676
f 313//677 314//677 198//677
f 284//678 282//678 197//678
f 198//679 314//679 196//679
f 197//680 282//680 195//680
f 282//681 280//681 195//681
f 195//682 280//682 199//682
f 280//683 313//683 199//683
f 204//684 209//684 315//684
f 204//685 315//685 281//685
f 207//686 187//686 316//686
f 207//687 206//687 187//687
f 205//688 204//688 281//688
f 205//689 281//689 216//689
f 208//690 205//690 216//690
f 208//691 216//691 190//691
f 209//692 207//692 316//692
f 209//693 316//693 315//693
f 226//694 217//694 227//694
f 226//695 247//695 217//695
f 248//696 247//696 226//696
f 218//697 248//697 226//697
f 291//698 219//698 232//698
f 291//699 232//699 231//699
f 233//700 220//700 234//700
f 233//701 234//701 288//701
f 233//702 288//702 221//702
f 233//703 221//703 222//703
f 223//704 224//704 225//704
f 223//705 225//705 289//705
f 318//706 248//706 218//706
f 318//707 238//707 248//707
f 211//708 238//708 318//708
f 219//709 211//709 318//709
f 291//710 211//710 219//710
f 317//711 222//711 221//711
f 290//712 317//712 221//712
f 210//713 225//713 317//713
f 210//714 289//714 225//714
f 210//715 317//715 290//715
f 226//716 227//716 228//716
f 229//717 226//717 228//717
f 230//718 231//718 232//718
f 230//719 232//719 229//719
f 233//720 229//720 228//720
f 233//721 228//721 220//721
f 230//722 229//722 224//722
f 223//723 230//723 224//723
f 210//724 223//724 289//724
f 230//725 223//725 210//725
f 211//726 231//726 230//726
f 211//727 291//727 231//727
f 211//728 230//728 210//728
f 228//729 244//729 292//729
f 228//730 292//730 234//730
f 228//731 234//731 220//731
f 217//732 228//732 227//732
f 217//733 244//733 228//733
f 204//734 257//734 256//734
f 204//735 205//735 257//735
f 238//736 249//736 311//736
f 312//737 297//737 206//737
f 292//738 263//738 236//738
f 300//739 211//739 303//739
f 292//740 261//740 263//740
f 249//741 211//741 300//741
f 238//742 211//742 249//742
f 211//743 210//743 303//743
f 303//744 210//744 296//744
f 259//745 210//745 294//745
f 294//746 210//746 290//746
f 236//747 263//747 290//747
f 312//748 237//748 297//748
f 235//749 270//749 272//749
f 263//750 264//750 290//750
f 292//751 307//751 261//751
f 235//752 238//752 270//752
f 208//753 257//753 205//753
f 237//754 239//754 297//754
f 208//755 240//755 257//755
f 297//756 239//756 241//756
f 292//757 274//757 307//757
f 264//758 294//758 290//758
f 239//759 302//759 241//759
f 208//760 242//760 240//760
f 298//761 243//761 208//761
f 208//762 243//762 242//762
f 302//763 304//763 241//763
f 292//764 244//764 274//764
f 274//765 245//765 307//765
f 264//766 306//766 294//766
f 241//767 304//767 298//767
f 246//768 207//768 308//768
f 298//769 304//769 243//769
f 259//770 296//770 210//770
f 239//771 311//771 302//771
f 207//772 209//772 308//772
f 238//773 311//773 270//773
f 245//774 207//774 246//774
f 308//775 209//775 306//775
f 244//776 272//776 274//776
f 245//777 206//777 207//777
f 242//778 303//778 240//778
f 274//779 310//779 245//779
f 240//780 303//780 296//780
f 306//781 256//781 294//781
f 306//782 209//782 256//782
f 310//783 206//783 245//783
f 311//784 249//784 302//784
f 209//785 204//785 256//785
f 235//786 272//786 244//786
f 312//787 206//787 310//787
f 238//788 235//788 247//788
f 238//789 247//789 248//789
f 235//790 217//790 247//790
f 235//791 244//791 217//791
f 236//792 288//792 234//792
f 292//793 236//793 234//793
f 290//794 221//794 288//794
f 236//795 290//795 288//795
f 249//796 299//796 250//796
f 300//797 299//797 249//797
f 302//798 250//798 251//798
f 249//799 250//799 302//799
f 252//800 242//800 243//800
f 253//801 252//801 243//801
f 253//802 243//802 304//802
f 251//803 253//803 304//803
f 251//804 304//804 302//804
f 301//805 242//805 252//805
f 301//806 303//806 242//806
f 299//807 300//807 301//807
f 301//808 300//808 303//808
f 253//809 301//809 252//809
f 299//810 301//810 253//810
f 250//811 253//811 251//811
f 250//812 299//812 253//812
f 295//813 296//813 259//813
f 254//814 296//814 295//814
f 240//815 254//815 260//815
f 296//816 254//816 240//816
f 258//817 256//817 257//817
f 258//818 255//818 256//818
f 260//819 257//819 240//819
f 260//820 258//820 257//820
f 256//821 293//821 294//821
f 256//822 255//822 293//822
f 295//823 294//823 293//823
f 295//824 259//824 294//824
f 258//825 254//825 295//825
f 258//826 295//826 293//826
f 260//827 254//827 258//827
f 255//828 258//828 293//828
f 262//829 263//829 269//829
f 263//830 261//830 269//830
f 305//831 263//831 262//831
f 305//832 264//832 263//832
f 305//833 306//833 264//833
f 265//834 306//834 305//834
f 266//835 245//835 246//835
f 267//836 266//836 246//836
f 267//837 246//837 308//837
f 265//838 267//838 308//838
f 265//839 308//839 306//839
f 245//840 268//840 307//840
f 245//841 266//841 268//841
f 261//842 268//842 269//842
f 307//843 268//843 261//843
f 265//844 305//844 262//844
f 267//845 265//845 262//845
f 269//846 267//846 262//846
f 269//847 266//847 267//847
f 268//811 266//811 269//811
f 279//848 270//848 278//848
f 271//849 272//849 279//849
f 272//850 270//850 279//850
f 272//851 273//851 274//851
f 272//852 271//852 273//852
f 273//853 310//853 274//853
f 275//854 310//854 273//854
f 276//855 239//855 237//855
f 277//856 276//856 237//856
f 277//857 237//857 312//857
f 275//858 277//858 312//858
f 275//859 312//859 310//859
f 309//860 239//860 276//860
f 309//861 311//861 239//861
f 270//862 309//862 278//862
f 311//863 309//863 270//863
f 271//864 277//864 275//864
f 271//865 275//865 273//865
f 278//866 276//866 277//866
f 278//867 309//867 276//867
f 279//868 278//868 277//868
f 279//869 277//869 271//869
f 282//870 281//870 280//870
f 280//871 281//871 315//871
f 282//872 216//872 281//872
f 313//873 280//873 315//873
f 282//874 190//874 216//874
f 194//875 190//875 282//875
f 313//876 315//876 316//876
f 191//877 190//877 194//877
f 189//878 190//878 191//878
f 314//879 313//879 316//879
f 186//880 189//880 191//880
f 187//881 192//881 314//881
f 187//882 314//882 316//882
f 186//883 191//883 193//883
f 188//884 186//884 193//884
f 187//885 193//885 192//885
f 188//886 193//886 187//886
f 297//887 241//887 186//887
f 297//888 186//888 188//888
f 298//889 208//889 190//889
f 206//890 297//890 188//890
f 298//891 190//891 189//891
f 206//892 188//892 187//892
f 298//893 189//893 186//893
f 241//894 298//894 186//894
f 283//895 191//895 284//895
f 314//896 192//896 196//896
f 191//897 194//897 284//897
f 196//898 192//898 285//898
f 194//899 282//899 284//899
f 192//900 193//900 285//900
f 285//901 193//901 283//901
f 193//902 191//902 283//902
f 286//903 203//903 287//903
f 203//904 201//904 287//904
f 201//905 200//905 287//905
f 287//906 200//906 212//906
f 202//907 203//907 286//907
f 213//908 195//908 199//908
f 201//909 283//909 284//909
f 200//910 284//910 197//910
f 196//911 215//911 198//911
f 285//912 203//912 202//912
f 215//913 213//913 198//913
f 198//914 213//914 199//914
f 196//915 202//915 215//915
f 213//916 197//916 195//916
f 213//917 200//917 197//917
f 285//918 283//918 203//918
f 196//919 285//919 202//919
f 203//920 283//920 201//920
f 201//921 284//921 200//921
f 286//922 287//922 212//922
f 286//318 212//318 214//318
f 224//923 229//923 317//923
f 224//924 317//924 225//924
f 233//925 222//925 317//925
f 229//926 233//926 317//926
f 318//927 218//927 226//927
f 318//928 226//928 229//928
f 318//929 229//929 232//929
f 219//930 318//930 232//930
f 2746//931 2747//931 2748//931
f 2747//932 2749//932 2748//932
f 2749//933 2736//933 2748//933
f 2748//934 2736//934 2820//934
f 2734//935 2747//935 2746//935
f 2733//936 2847//936 2732//936
f 2847//937 2848//937 2732//937
f 2818//938 2816//938 2731//938
f 2732//939 2848//939 2730//939
f 2731//940 2816//940 2729//940
f 2816//941 2814//941 2729//941
f 2729//942 2814//942 2733//942
f 2814//943 2847//943 2733//943
f 2738//944 2743//944 2849//944
f 2738//945 2849//945 2815//945
f 2741//946 2721//946 2850//946
f 2741//947 2740//947 2721//947
f 2739//948 2738//948 2815//948
f 2739//949 2815//949 2750//949
f 2742//950 2739//950 2750//950
f 2742//951 2750//951 2724//951
f 2743//952 2741//952 2850//952
f 2743//953 2850//953 2849//953
f 2760//954 2751//954 2761//954
f 2760//955 2781//955 2751//955
f 2782//956 2781//956 2760//956
f 2752//957 2782//957 2760//957
f 2825//958 2753//958 2766//958
f 2825//959 2766//959 2765//959
f 2767//960 2754//960 2768//960
f 2767//961 2768//961 2822//961
f 2767//962 2822//962 2755//962
f 2767//963 2755//963 2756//963
f 2757//964 2758//964 2759//964
f 2757//965 2759//965 2823//965
f 2852//966 2782//966 2752//966
f 2852//967 2772//967 2782//967
f 2745//968 2772//968 2852//968
f 2753//969 2745//969 2852//969
f 2825//970 2745//970 2753//970
f 2851//971 2756//971 2755//971
f 2824//972 2851//972 2755//972
f 2744//973 2759//973 2851//973
f 2744//974 2823//974 2759//974
f 2744//975 2851//975 2824//975
f 2760//976 2761//976 2762//976
f 2763//977 2760//977 2762//977
f 2764//978 2765//978 2766//978
f 2764//979 2766//979 2763//979
f 2767//980 2763//980 2762//980
f 2767//981 2762//981 2754//981
f 2764//982 2763//982 2758//982
f 2757//983 2764//983 2758//983
f 2744//984 2757//984 2823//984
f 2764//985 2757//985 2744//985
f 2745//986 2765//986 2764//986
f 2745//987 2825//987 2765//987
f 2745//988 2764//988 2744//988
f 2762//989 2778//989 2826//989
f 2762//990 2826//990 2768//990
f 2762//991 2768//991 2754//991
f 2751//992 2762//992 2761//992
f 2751//993 2778//993 2762//993
f 2738//994 2791//994 2790//994
f 2738//995 2739//995 2791//995
f 2772//996 2783//996 2845//996
f 2846//997 2831//997 2740//997
f 2826//998 2797//998 2770//998
f 2834//999 2745//999 2837//999
f 2826//1000 2795//1000 2797//1000
f 2783//1001 2745//1001 2834//1001
f 2772//1002 2745//1002 2783//1002
f 2745//1003 2744//1003 2837//1003
f 2837//1004 2744//1004 2830//1004
f 2793//1005 2744//1005 2828//1005
f 2828//1006 2744//1006 2824//1006
f 2770//1007 2797//1007 2824//1007
f 2846//1008 2771//1008 2831//1008
f 2769//1009 2804//1009 2806//1009
f 2797//1010 2798//1010 2824//1010
f 2826//1011 2841//1011 2795//1011
f 2769//1012 2772//1012 2804//1012
f 2742//1013 2791//1013 2739//1013
f 2771//1014 2773//1014 2831//1014
f 2742//1015 2774//1015 2791//1015
f 2831//1016 2773//1016 2775//1016
f 2826//1017 2808//1017 2841//1017
f 2798//1018 2828//1018 2824//1018
f 2773//1019 2836//1019 2775//1019
f 2742//1020 2776//1020 2774//1020
f 2832//1021 2777//1021 2742//1021
f 2742//1022 2777//1022 2776//1022
f 2836//1023 2838//1023 2775//1023
f 2826//1024 2778//1024 2808//1024
f 2808//1025 2779//1025 2841//1025
f 2798//1026 2840//1026 2828//1026
f 2775//1027 2838//1027 2832//1027
f 2780//1028 2741//1028 2842//1028
f 2832//1029 2838//1029 2777//1029
f 2793//1030 2830//1030 2744//1030
f 2773//1031 2845//1031 2836//1031
f 2741//1032 2743//1032 2842//1032
f 2772//1033 2845//1033 2804//1033
f 2779//1034 2741//1034 2780//1034
f 2842//1035 2743//1035 2840//1035
f 2778//1036 2806//1036 2808//1036
f 2779//1037 2740//1037 2741//1037
f 2776//1038 2837//1038 2774//1038
f 2808//1039 2844//1039 2779//1039
f 2774//1040 2837//1040 2830//1040
f 2840//1041 2790//1041 2828//1041
f 2840//1042 2743//1042 2790//1042
f 2844//1043 2740//1043 2779//1043
f 2845//1044 2783//1044 2836//1044
f 2743//1045 2738//1045 2790//1045
f 2769//1046 2806//1046 2778//1046
f 2846//1047 2740//1047 2844//1047
f 2772//1048 2769//1048 2781//1048
f 2772//1049 2781//1049 2782//1049
f 2769//1050 2751//1050 2781//1050
f 2769//1051 2778//1051 2751//1051
f 2770//1052 2822//1052 2768//1052
f 2826//1053 2770//1053 2768//1053
f 2824//1054 2755//1054 2822//1054
f 2770//1055 2824//1055 2822//1055
f 2783//1056 2833//1056 2784//1056
f 2834//1057 2833//1057 2783//1057
f 2836//1058 2784//1058 2785//1058
f 2783//1059 2784//1059 2836//1059
f 2786//1060 2776//1060 2777//1060
f 2787//1061 2786//1061 2777//1061
f 2787//1062 2777//1062 2838//1062
f 2785//1063 2787//1063 2838//1063
f 2785//1064 2838//1064 2836//1064
f 2835//1065 2776//1065 2786//1065
f 2835//1066 2837//1066 2776//1066
f 2833//1067 2834//1067 2835//1067
f 2835//1068 2834//1068 2837//1068
f 2787//1069 2835//1069 2786//1069
f 2833//1070 2835//1070 2787//1070
f 2784//1071 2787//1071 2785//1071
f 2784//1072 2833//1072 2787//1072
f 2829//1073 2830//1073 2793//1073
f 2788//1074 2830//1074 2829//1074
f 2774//1075 2788//1075 2794//1075
f 2830//1076 2788//1076 2774//1076
f 2792//1077 2790//1077 2791//1077
f 2792//1078 2789//1078 2790//1078
f 2794//1079 2791//1079 2774//1079
f 2794//1080 2792//1080 2791//1080
f 2790//1081 2827//1081 2828//1081
f 2790//1082 2789//1082 2827//1082
f 2829//1083 2828//1083 2827//1083
f 2829//1084 2793//1084 2828//1084
f 2792//1085 2788//1085 2829//1085
f 2792//1086 2829//1086 2827//1086
f 2794//1087 2788//1087 2792//1087
f 2789//1088 2792//1088 2827//1088
f 2796//1089 2797//1089 2803//1089
f 2797//1090 2795//1090 2803//1090
f 2839//1091 2797//1091 2796//1091
f 2839//1092 2798//1092 2797//1092
f 2839//1093 2840//1093 2798//1093
f 2799//1094 2840//1094 2839//1094
f 2800//1095 2779//1095 2780//1095
f 2801//1096 2800//1096 2780//1096
f 2801//1097 2780//1097 2842//1097
f 2799//1098 2801//1098 2842//1098
f 2799//1099 2842//1099 2840//1099
f 2779//1100 2802//1100 2841//1100
f 2779//1101 2800//1101 2802//1101
f 2795//1102 2802//1102 2803//1102
f 2841//1103 2802//1103 2795//1103
f 2799//1104 2839//1104 2796//1104
f 2801//1105 2799//1105 2796//1105
f 2803//1106 2801//1106 2796//1106
f 2803//1107 2800//1107 2801//1107
f 2802//1071 2800//1071 2803//1071
f 2813//1108 2804//1108 2812//1108
f 2805//1109 2806//1109 2813//1109
f 2806//1110 2804//1110 2813//1110
f 2806//1111 2807//1111 2808//1111
f 2806//1112 2805//1112 2807//1112
f 2807//1113 2844//1113 2808//1113
f 2809//1114 2844//1114 2807//1114
f 2810//1115 2773//1115 2771//1115
f 2811//1116 2810//1116 2771//1116
f 2811//1117 2771//1117 2846//1117
f 2809//1118 2811//1118 2846//1118
f 2809//1119 2846//1119 2844//1119
f 2843//1120 2773//1120 2810//1120
f 2843//1121 2845//1121 2773//1121
f 2804//1122 2843//1122 2812//1122
f 2845//1123 2843//1123 2804//1123
f 2805//1124 2811//1124 2809//1124
f 2805//1125 2809//1125 2807//1125
f 2812//1126 2810//1126 2811//1126
f 2812//1127 2843//1127 2810//1127
f 2813//1128 2812//1128 2811//1128
f 2813//1129 2811//1129 2805//1129
f 2816//1130 2815//1130 2814//1130
f 2814//1131 2815//1131 2849//1131
f 2816//1132 2750//1132 2815//1132
f 2847//1133 2814//1133 2849//1133
f 2816//1134 2724//1134 2750//1134
f 2728//1135 2724//1135 2816//1135
f 2847//1136 2849//1136 2850//1136
f 2725//1137 2724//1137 2728//1137
f 2723//1138 2724//1138 2725//1138
f 2848//1139 2847//1139 2850//1139
f 2720//1140 2723//1140 2725//1140
f 2721//1141 2726//1141 2848//1141
f 2721//1142 2848//1142 2850//1142
f 2720//1143 2725//1143 2727//1143
f 2722//1144 2720//1144 2727//1144
f 2721//1145 2727//1145 2726//1145
f 2722//1146 2727//1146 2721//1146
f 2831//1147 2775//1147 2720//1147
f 2831//1148 2720//1148 2722//1148
f 2832//1149 2742//1149 2724//1149
f 2740//1150 2831//1150 2722//1150
f 2832//1151 2724//1151 2723//1151
f 2740//1152 2722//1152 2721//1152
f 2832//1153 2723//1153 2720//1153
f 2775//1154 2832//1154 2720//1154
f 2817//1155 2725//1155 2818//1155
f 2848//1156 2726//1156 2730//1156
f 2725//1157 2728//1157 2818//1157
f 2730//1158 2726//1158 2819//1158
f 2728//1159 2816//1159 2818//1159
f 2726//1160 2727//1160 2819//1160
f 2819//1161 2727//1161 2817//1161
f 2727//1162 2725//1162 2817//1162
f 2820//1163 2737//1163 2821//1163
f 2737//1164 2735//1164 2821//1164
f 2735//1165 2734//1165 2821//1165
f 2821//1166 2734//1166 2746//1166
f 2736//1167 2737//1167 2820//1167
f 2747//1168 2729//1168 2733//1168
f 2735//1169 2817//1169 2818//1169
f 2734//1170 2818//1170 2731//1170
f 2730//1171 2749//1171 2732//1171
f 2819//1172 2737//1172 2736//1172
f 2749//1173 2747//1173 2732//1173
f 2732//1174 2747//1174 2733//1174
f 2730//1175 2736//1175 2749//1175
f 2747//1176 2731//1176 2729//1176
f 2747//1177 2734//1177 2731//1177
f 2819//1178 2817//1178 2737//1178
f 2730//1179 2819//1179 2736//1179
f 2737//1180 2817//1180 2735//1180
f 2735//1181 2818//1181 2734//1181
f 2820//1182 2821//1182 2746//1182
f 2820//653 2746//653 2748//653
f 2758//1183 2763//1183 2851//1183
f 2758//1184 2851//1184 2759//1184
f 2767//1185 2756//1185 2851//1185
f 2763//1186 2767//1186 2851//1186
f 2852//1187 2752//1187 2760//1187
f 2852//1188 2760//1188 2763//1188
f 2852//1189 2763//1189 2766//1189
f 2753//1190 2852//1190 2766//1190
f 321//1191 319//1191 320//1191
f 321//1191 322//1191 319//1191
f 340//1192 321//1192 339//1192
f 339//1193 399//1193 398//1193
f 321//1194 399//1194 339//1194
f 340//1192 322//1192 321//1192
f 342//1195 343//1195 1206//1195
f 342//1196 1206//1196 1205//1196
f 342//1196 1205//1196 344//1196
f 363//1197 346//1197 349//1197
f 351//1198 356//1198 350//1198
f 1209//1199 1210//1199 345//1199
f 350//1200 356//1200 348//1200
f 347//1201 357//1201 346//1201
f 351//1202 358//1202 356//1202
f 345//1203 358//1203 351//1203
f 347//1204 1229//1204 357//1204
f 1217//1205 1229//1205 347//1205
f 346//1206 359//1206 349//1206
f 345//1207 1210//1207 358//1207
f 346//1208 357//1208 359//1208
f 1199//1209 358//1209 1210//1209
f 362//1210 350//1210 361//1210
f 361//1211 354//1211 360//1211
f 354//1212 363//1212 353//1212
f 356//1213 347//1213 348//1213
f 357//1214 364//1214 359//1214
f 354//1215 348//1215 363//1215
f 361//1216 350//1216 354//1216
f 357//1217 1229//1217 364//1217
f 356//1218 1217//1218 347//1218
f 358//1219 1217//1219 356//1219
f 1201//1220 364//1220 1229//1220
f 1203//1221 364//1221 1201//1221
f 1235//1222 345//1222 362//1222
f 1199//1223 1217//1223 358//1223
f 353//1224 355//1224 352//1224
f 360//1225 353//1225 352//1225
f 348//1226 346//1226 363//1226
f 362//1227 351//1227 350//1227
f 363//1228 355//1228 353//1228
f 1209//1229 345//1229 1235//1229
f 363//1230 349//1230 355//1230
f 347//1231 346//1231 348//1231
f 362//1232 345//1232 351//1232
f 360//1233 354//1233 353//1233
f 350//1234 348//1234 354//1234
f 365//1235 367//1235 366//1235
f 360//1236 1158//1236 367//1236
f 360//1237 367//1237 365//1237
f 1160//1238 1158//1238 360//1238
f 1163//1239 368//1239 1164//1239
f 1043//1240 366//1240 369//1240
f 352//1241 1160//1241 360//1241
f 1043//1242 369//1242 368//1242
f 370//1243 1160//1243 352//1243
f 365//1244 366//1244 1043//1244
f 371//1245 1244//1245 2078//1245
f 372//1246 1244//1246 371//1246
f 379//1247 377//1247 375//1247
f 382//1248 383//1248 378//1248
f 382//1249 378//1249 376//1249
f 380//1250 1059//1250 390//1250
f 1059//1251 379//1251 390//1251
f 390//1252 379//1252 375//1252
f 390//1253 375//1253 384//1253
f 383//1254 393//1254 394//1254
f 383//1255 382//1255 393//1255
f 394//1256 393//1256 396//1256
f 393//1257 397//1257 396//1257
f 397//1258 398//1258 396//1258
f 396//1259 398//1259 399//1259
f 1258//1260 401//1260 406//1260
f 405//1261 401//1261 402//1261
f 406//1262 401//1262 405//1262
f 404//1263 403//1263 400//1263
f 1253//1264 401//1264 1258//1264
f 1253//1265 407//1265 401//1265
f 1293//1266 403//1266 1294//1266
f 1294//1267 403//1267 404//1267
f 1293//1268 408//1268 403//1268
f 408//1269 409//1269 403//1269
f 407//1270 410//1270 401//1270
f 409//1271 411//1271 403//1271
f 401//1272 403//1272 402//1272
f 402//1273 403//1273 411//1273
f 1205//1274 1207//1274 413//1274
f 344//1275 413//1275 414//1275
f 344//1276 414//1276 415//1276
f 344//1277 415//1277 964//1277
f 344//1274 1205//1274 413//1274
f 416//1278 417//1278 344//1278
f 416//1279 344//1279 964//1279
f 421//1280 1310//1280 1317//1280
f 419//1281 422//1281 421//1281
f 419//1282 1317//1282 420//1282
f 419//1283 421//1283 1317//1283
f 424//1284 423//1284 422//1284
f 418//1285 424//1285 422//1285
f 418//1286 422//1286 419//1286
f 811//1287 423//1287 424//1287
f 1255//1288 426//1288 430//1288
f 1257//1289 431//1289 425//1289
f 1259//1290 431//1290 1257//1290
f 1255//1291 429//1291 1254//1291
f 1256//1292 426//1292 1255//1292
f 1256//1293 1023//1293 426//1293
f 1244//1294 427//1294 1259//1294
f 432//1295 428//1295 373//1295
f 1259//1296 427//1296 431//1296
f 1244//1297 372//1297 427//1297
f 433//1298 428//1298 432//1298
f 1256//1299 425//1299 1023//1299
f 726//1300 428//1300 433//1300
f 1257//1301 425//1301 1256//1301
f 372//1302 373//1302 427//1302
f 1255//1303 430//1303 429//1303
f 373//1304 428//1304 427//1304
f 447//1305 441//1305 492//1305
f 434//1306 439//1306 438//1306
f 434//1307 435//1307 445//1307
f 437//1308 439//1308 445//1308
f 445//1309 439//1309 434//1309
f 437//1310 446//1310 439//1310
f 435//1311 443//1311 445//1311
f 440//1312 445//1312 443//1312
f 448//1313 446//1313 437//1313
f 445//1314 440//1314 437//1314
f 449//1315 440//1315 443//1315
f 446//1316 448//1316 444//1316
f 444//1317 450//1317 442//1317
f 454//1318 451//1318 619//1318
f 453//1319 457//1319 451//1319
f 451//1320 457//1320 619//1320
f 455//1321 457//1321 453//1321
f 448//1322 450//1322 444//1322
f 455//1323 460//1323 457//1323
f 459//1324 460//1324 455//1324
f 457//1325 460//1325 619//1325
f 619//1326 460//1326 466//1326
f 462//1327 463//1327 459//1327
f 459//1328 463//1328 460//1328
f 442//1329 450//1329 471//1329
f 447//1330 461//1330 441//1330
f 436//1331 456//1331 458//1331
f 460//1332 463//1332 466//1332
f 464//1333 463//1333 462//1333
f 441//1334 456//1334 436//1334
f 440//1335 448//1335 437//1335
f 450//1336 467//1336 471//1336
f 464//1337 466//1337 463//1337
f 448//1338 468//1338 450//1338
f 464//1339 469//1339 466//1339
f 441//1340 470//1340 456//1340
f 466//1341 469//1341 472//1341
f 440//1342 473//1342 448//1342
f 449//1343 473//1343 440//1343
f 456//1344 465//1344 458//1344
f 469//1345 477//1345 472//1345
f 441//1346 461//1346 470//1346
f 456//1347 474//1347 465//1347
f 479//1348 477//1348 478//1348
f 472//1349 479//1349 480//1349
f 477//1350 479//1350 472//1350
f 456//1351 470//1351 474//1351
f 482//1352 477//1352 469//1352
f 478//1353 477//1353 482//1353
f 479//1354 485//1354 480//1354
f 468//1355 467//1355 450//1355
f 465//1356 474//1356 483//1356
f 470//1357 484//1357 474//1357
f 449//1358 451//1358 473//1358
f 448//1359 487//1359 468//1359
f 473//1360 487//1360 448//1360
f 452//1361 451//1361 449//1361
f 484//1362 486//1362 474//1362
f 474//1363 486//1363 483//1363
f 471//1364 467//1364 946//1364
f 468//1365 491//1365 467//1365
f 1249//1366 490//1366 1248//1366
f 1252//1367 489//1367 1250//1367
f 1250//1368 490//1368 1249//1368
f 484//1369 438//1369 486//1369
f 483//1370 486//1370 493//1370
f 438//1371 439//1371 486//1371
f 489//1372 492//1372 1250//1372
f 1248//1373 494//1373 1251//1373
f 451//1374 487//1374 473//1374
f 1250//1375 492//1375 490//1375
f 490//1376 494//1376 1248//1376
f 487//1377 491//1377 468//1377
f 439//1378 446//1378 493//1378
f 453//1379 451//1379 452//1379
f 493//1380 446//1380 495//1380
f 451//1381 454//1381 487//1381
f 490//1382 458//1382 494//1382
f 490//1383 492//1383 436//1383
f 491//1384 475//1384 467//1384
f 946//1385 475//1385 476//1385
f 447//1386 492//1386 489//1386
f 467//1387 475//1387 946//1387
f 446//1388 444//1388 495//1388
f 470//1389 461//1389 484//1389
f 492//1390 441//1390 436//1390
f 495//1391 444//1391 442//1391
f 461//1392 481//1392 484//1392
f 490//1393 436//1393 458//1393
f 481//1394 488//1394 484//1394
f 488//1395 438//1395 484//1395
f 488//1396 434//1396 438//1396
f 486//1397 439//1397 493//1397
f 488//1398 435//1398 434//1398
f 496//1399 499//1399 502//1399
f 501//1400 522//1400 498//1400
f 499//1401 504//1401 502//1401
f 499//1402 505//1402 504//1402
f 501//1403 498//1403 505//1403
f 509//1404 513//1404 510//1404
f 511//1405 513//1405 512//1405
f 508//1406 502//1406 507//1406
f 502//1407 508//1407 509//1407
f 496//1408 517//1408 516//1408
f 508//1409 507//1409 504//1409
f 513//1410 491//1410 487//1410
f 514//1411 496//1411 516//1411
f 518//1412 509//1412 510//1412
f 496//1413 514//1413 515//1413
f 497//1414 521//1414 529//1414
f 515//1415 499//1415 496//1415
f 523//1416 497//1416 529//1416
f 510//1417 513//1417 511//1417
f 502//1418 504//1418 507//1418
f 496//1419 524//1419 517//1419
f 520//1420 525//1420 509//1420
f 521//1421 497//1421 498//1421
f 521//1422 498//1422 522//1422
f 503//1423 498//1423 500//1423
f 496//1424 502//1424 509//1424
f 512//1425 513//1425 528//1425
f 527//1426 497//1426 523//1426
f 527//1427 523//1427 526//1427
f 499//1428 501//1428 505//1428
f 520//1429 509//1429 518//1429
f 506//1430 498//1430 503//1430
f 500//1431 497//1431 527//1431
f 513//1432 509//1432 475//1432
f 506//1433 505//1433 498//1433
f 491//1434 513//1434 475//1434
f 522//1435 519//1435 521//1435
f 519//1436 529//1436 521//1436
f 499//1437 515//1437 522//1437
f 525//1438 524//1438 496//1438
f 475//1439 509//1439 508//1439
f 496//1440 509//1440 525//1440
f 522//1441 501//1441 499//1441
f 497//1442 500//1442 498//1442
f 515//1443 519//1443 522//1443
f 530//1444 480//1444 531//1444
f 480//1445 485//1445 531//1445
f 537//1446 536//1446 538//1446
f 535//1447 552//1447 536//1447
f 538//1448 515//1448 514//1448
f 540//1449 548//1449 523//1449
f 550//1450 545//1450 532//1450
f 546//1451 549//1451 552//1451
f 540//1452 545//1452 548//1452
f 549//1453 551//1453 552//1453
f 513//1454 559//1454 528//1454
f 554//1455 549//1455 546//1455
f 549//1456 561//1456 551//1456
f 551//1457 561//1457 532//1457
f 559//1458 513//1458 487//1458
f 532//1459 540//1459 551//1459
f 566//1460 568//1460 563//1460
f 568//1461 539//1461 554//1461
f 569//1462 536//1462 537//1462
f 532//1463 545//1463 540//1463
f 565//1464 472//1464 480//1464
f 571//1465 570//1465 565//1465
f 533//1466 574//1466 575//1466
f 575//1467 577//1467 627//1467
f 579//1468 576//1468 577//1468
f 582//1469 575//1469 581//1469
f 575//1470 582//1470 577//1470
f 576//1471 579//1471 583//1471
f 581//1472 586//1472 587//1472
f 577//1473 582//1473 588//1473
f 560//1474 559//1474 589//1474
f 584//1475 582//1475 581//1475
f 579//1476 590//1476 583//1476
f 588//1477 592//1477 577//1477
f 577//1478 592//1478 579//1478
f 590//1479 579//1479 595//1479
f 592//1480 595//1480 579//1480
f 584//1481 594//1481 593//1481
f 585//1482 591//1482 594//1482
f 584//1483 593//1483 582//1483
f 597//1484 588//1484 593//1484
f 593//1485 588//1485 582//1485
f 587//1486 586//1486 544//1486
f 544//1487 586//1487 598//1487
f 595//1488 592//1488 596//1488
f 596//1489 592//1489 600//1489
f 594//1490 558//1490 593//1490
f 593//1491 558//1491 602//1491
f 602//1492 601//1492 593//1492
f 602//1493 604//1493 605//1493
f 595//1494 606//1494 590//1494
f 609//1495 610//1495 562//1495
f 611//1496 601//1496 602//1496
f 602//1497 605//1497 611//1497
f 601//1498 611//1498 603//1498
f 528//1499 559//1499 578//1499
f 576//1500 583//1500 569//1500
f 595//1501 596//1501 606//1501
f 612//1502 613//1502 630//1502
f 611//1503 614//1503 603//1503
f 607//1504 603//1504 614//1504
f 616//1505 615//1505 611//1505
f 590//1506 606//1506 599//1506
f 454//1507 559//1507 487//1507
f 621//1508 565//1508 623//1508
f 583//1509 599//1509 535//1509
f 546//1510 563//1510 554//1510
f 543//1511 566//1511 563//1511
f 556//1512 551//1512 567//1512
f 556//1513 567//1513 519//1513
f 566//1514 542//1514 624//1514
f 559//1515 618//1515 589//1515
f 565//1516 618//1516 559//1516
f 567//1517 540//1517 523//1517
f 554//1518 539//1518 534//1518
f 619//1519 559//1519 454//1519
f 618//1520 565//1520 621//1520
f 573//1521 572//1521 571//1521
f 594//1522 584//1522 585//1522
f 583//1523 590//1523 599//1523
f 601//1524 597//1524 593//1524
f 466//1525 472//1525 565//1525
f 611//1526 617//1526 616//1526
f 532//1527 534//1527 550//1527
f 548//1528 526//1528 523//1528
f 530//1529 571//1529 565//1529
f 625//1530 607//1530 614//1530
f 614//1531 626//1531 625//1531
f 530//1532 565//1532 480//1532
f 570//1533 571//1533 572//1533
f 572//1534 533//1534 580//1534
f 576//1535 580//1535 627//1535
f 533//1536 575//1536 627//1536
f 627//1537 577//1537 576//1537
f 628//1538 581//1538 574//1538
f 581//1539 575//1539 574//1539
f 628//1540 586//1540 581//1540
f 587//1541 585//1541 581//1541
f 581//1542 585//1542 584//1542
f 598//1543 586//1543 628//1543
f 629//1544 569//1544 537//1544
f 587//1545 591//1545 585//1545
f 541//1546 546//1546 535//1546
f 573//1547 533//1547 572//1547
f 547//1548 587//1548 544//1548
f 574//1549 533//1549 573//1549
f 627//1550 580//1550 533//1550
f 594//1551 553//1551 555//1551
f 547//1552 591//1552 587//1552
f 557//1553 591//1553 547//1553
f 588//1554 597//1554 592//1554
f 592//1555 597//1555 600//1555
f 557//1556 553//1556 591//1556
f 596//1557 600//1557 608//1557
f 562//1558 553//1558 557//1558
f 562//1559 555//1559 553//1559
f 597//1560 601//1560 600//1560
f 591//1561 553//1561 594//1561
f 562//1562 557//1562 609//1562
f 604//1563 602//1563 558//1563
f 600//1564 607//1564 608//1564
f 578//1565 559//1565 560//1565
f 601//1566 603//1566 600//1566
f 594//1567 555//1567 558//1567
f 603//1568 607//1568 600//1568
f 630//1569 605//1569 564//1569
f 612//1570 630//1570 564//1570
f 620//1571 608//1571 625//1571
f 562//1572 564//1572 555//1572
f 605//1573 630//1573 613//1573
f 555//1574 604//1574 558//1574
f 564//1575 604//1575 555//1575
f 580//1576 569//1576 629//1576
f 576//1577 569//1577 580//1577
f 620//1578 596//1578 608//1578
f 605//1579 604//1579 564//1579
f 615//1580 614//1580 611//1580
f 622//1581 606//1581 543//1581
f 543//1582 606//1582 596//1582
f 569//1583 583//1583 535//1583
f 606//1584 622//1584 541//1584
f 562//1585 612//1585 564//1585
f 542//1586 543//1586 620//1586
f 625//1587 608//1587 607//1587
f 606//1588 541//1588 599//1588
f 610//1589 612//1589 562//1589
f 619//1590 466//1590 559//1590
f 559//1591 466//1591 565//1591
f 538//1592 536//1592 515//1592
f 535//1593 546//1593 552//1593
f 613//1594 617//1594 605//1594
f 622//1595 563//1595 541//1595
f 552//1596 556//1596 536//1596
f 556//1597 552//1597 551//1597
f 541//1598 563//1598 546//1598
f 536//1599 556//1599 515//1599
f 543//1600 563//1600 622//1600
f 617//1601 611//1601 605//1601
f 556//1602 519//1602 515//1602
f 623//1603 565//1603 570//1603
f 554//1604 561//1604 549//1604
f 542//1605 566//1605 543//1605
f 596//1606 620//1606 543//1606
f 554//1607 563//1607 568//1607
f 519//1608 567//1608 529//1608
f 540//1609 567//1609 551//1609
f 626//1610 620//1610 625//1610
f 561//1611 534//1611 532//1611
f 624//1612 620//1612 626//1612
f 624//1613 542//1613 620//1613
f 523//1614 529//1614 567//1614
f 554//1615 534//1615 561//1615
f 535//1616 599//1616 541//1616
f 569//1617 535//1617 536//1617
f 614//1618 636//1618 626//1618
f 638//1619 609//1619 631//1619
f 634//1620 615//1620 635//1620
f 636//1621 614//1621 633//1621
f 557//1622 547//1622 632//1622
f 609//1623 557//1623 631//1623
f 614//1624 634//1624 633//1624
f 610//1625 609//1625 641//1625
f 641//1626 609//1626 638//1626
f 615//1627 634//1627 614//1627
f 631//1628 557//1628 632//1628
f 642//1629 617//1629 643//1629
f 616//1630 637//1630 615//1630
f 615//1631 637//1631 635//1631
f 617//1632 637//1632 616//1632
f 637//1633 617//1633 642//1633
f 613//1634 643//1634 617//1634
f 632//1635 547//1635 639//1635
f 613//1636 644//1636 643//1636
f 612//1637 644//1637 613//1637
f 640//1638 639//1638 544//1638
f 547//1639 544//1639 639//1639
f 612//1640 610//1640 644//1640
f 644//1641 610//1641 641//1641
f 640//1642 544//1642 598//1642
f 645//1643 626//1643 636//1643
f 527//1644 648//1644 500//1644
f 649//1645 648//1645 650//1645
f 527//1646 651//1646 648//1646
f 526//1647 651//1647 527//1647
f 648//1648 651//1648 650//1648
f 548//1649 651//1649 526//1649
f 650//1650 651//1650 652//1650
f 548//1651 653//1651 651//1651
f 545//1652 653//1652 548//1652
f 550//1653 653//1653 545//1653
f 652//1654 651//1654 653//1654
f 534//1655 653//1655 550//1655
f 654//1656 653//1656 534//1656
f 655//1657 656//1657 657//1657
f 504//1658 656//1658 655//1658
f 657//1659 661//1659 658//1659
f 659//1660 1306//1660 1303//1660
f 656//1661 661//1661 657//1661
f 658//1662 660//1662 662//1662
f 658//1663 661//1663 660//1663
f 662//1664 663//1664 665//1664
f 663//1665 664//1665 665//1665
f 665//1666 664//1666 666//1666
f 664//1667 646//1667 666//1667
f 898//1668 667//1668 659//1668
f 666//1669 668//1669 669//1669
f 646//1670 668//1670 666//1670
f 898//1671 668//1671 667//1671
f 669//1672 668//1672 898//1672
f 671//1673 1307//1673 659//1673
f 671//1674 659//1674 667//1674
f 667//1675 668//1675 647//1675
f 647//1676 668//1676 646//1676
f 656//1677 504//1677 670//1677
f 664//1678 672//1678 646//1678
f 672//1679 664//1679 673//1679
f 1307//1680 671//1680 1308//1680
f 1308//1681 671//1681 676//1681
f 647//1682 677//1682 675//1682
f 671//1683 675//1683 676//1683
f 676//1684 675//1684 677//1684
f 646//1685 681//1685 647//1685
f 566//1686 679//1686 568//1686
f 672//1687 681//1687 646//1687
f 679//1688 682//1688 568//1688
f 568//1689 682//1689 539//1689
f 682//1690 684//1690 539//1690
f 677//1691 647//1691 685//1691
f 539//1692 684//1692 534//1692
f 647//1693 681//1693 685//1693
f 684//1694 654//1694 534//1694
f 681//1695 672//1695 683//1695
f 659//1696 1307//1696 1306//1696
f 690//1697 689//1697 680//1697
f 506//1698 678//1698 505//1698
f 691//1699 678//1699 694//1699
f 692//1700 689//1700 693//1700
f 689//1701 690//1701 693//1701
f 694//1702 678//1702 506//1702
f 680//1703 691//1703 690//1703
f 690//1704 691//1704 695//1704
f 503//1705 694//1705 506//1705
f 695//1706 691//1706 696//1706
f 694//1707 696//1707 691//1707
f 697//1708 648//1708 649//1708
f 667//1709 675//1709 671//1709
f 667//1710 647//1710 675//1710
f 656//1711 670//1711 661//1711
f 661//1712 670//1712 674//1712
f 663//1713 673//1713 664//1713
f 673//1714 663//1714 686//1714
f 661//1715 674//1715 686//1715
f 680//1716 670//1716 678//1716
f 680//1717 674//1717 670//1717
f 1309//1718 1308//1718 676//1718
f 504//1719 505//1719 670//1719
f 670//1720 505//1720 678//1720
f 689//1721 692//1721 686//1721
f 686//1722 692//1722 687//1722
f 678//1723 691//1723 680//1723
f 673//1724 687//1724 683//1724
f 688//1725 508//1725 655//1725
f 655//1726 508//1726 504//1726
f 686//1727 660//1727 661//1727
f 662//1728 660//1728 686//1728
f 686//1729 663//1729 662//1729
f 673//1730 686//1730 687//1730
f 686//1731 674//1731 689//1731
f 689//1732 674//1732 680//1732
f 672//1733 673//1733 683//1733
f 500//1734 694//1734 503//1734
f 694//1735 648//1735 696//1735
f 696//1736 648//1736 697//1736
f 500//1737 648//1737 694//1737
f 701//1738 1317//1738 1319//1738
f 1305//1739 1304//1739 705//1739
f 1317//1740 701//1740 420//1740
f 1301//1741 704//1741 702//1741
f 1323//1742 698//1742 1300//1742
f 705//1743 1304//1743 708//1743
f 1323//1744 699//1744 698//1744
f 706//1745 1300//1745 698//1745
f 1304//1746 706//1746 708//1746
f 707//1747 1302//1747 1305//1747
f 1299//1748 702//1748 703//1748
f 1305//1749 705//1749 707//1749
f 1321//1750 699//1750 1323//1750
f 706//1751 1304//1751 1300//1751
f 1302//1752 707//1752 704//1752
f 1322//1753 1299//1753 703//1753
f 1299//1754 1301//1754 702//1754
f 704//1755 1301//1755 1302//1755
f 1320//1756 1318//1756 700//1756
f 699//1757 1321//1757 709//1757
f 1321//1758 1320//1758 709//1758
f 709//1759 1320//1759 700//1759
f 703//1760 1319//1760 1322//1760
f 701//1761 1319//1761 703//1761
f 711//1762 1312//1762 715//1762
f 712//1763 1315//1763 710//1763
f 1316//1764 1315//1764 714//1764
f 714//1765 1315//1765 712//1765
f 710//1766 1314//1766 713//1766
f 716//1767 1318//1767 1316//1767
f 1315//1768 1314//1768 710//1768
f 716//1769 700//1769 1318//1769
f 713//1770 1313//1770 711//1770
f 711//1771 1313//1771 1312//1771
f 713//1772 1314//1772 1313//1772
f 716//1773 1316//1773 714//1773
f 717//1774 508//1774 688//1774
f 476//1775 475//1775 717//1775
f 475//1776 508//1776 717//1776
f 566//1777 624//1777 679//1777
f 624//1778 645//1778 679//1778
f 624//1779 626//1779 645//1779
f 720//1780 721//1780 722//1780
f 720//1781 722//1781 736//1781
f 725//1782 719//1782 718//1782
f 725//1783 726//1783 719//1783
f 727//1784 728//1784 721//1784
f 991//1785 724//1785 723//1785
f 727//1786 721//1786 720//1786
f 428//1787 726//1787 725//1787
f 991//1788 729//1788 724//1788
f 730//1789 728//1789 727//1789
f 731//1790 729//1790 991//1790
f 730//1791 732//1791 728//1791
f 733//1792 734//1792 417//1792
f 733//1793 417//1793 416//1793
f 735//1794 732//1794 730//1794
f 736//1795 729//1795 731//1795
f 735//1796 737//1796 732//1796
f 736//1797 722//1797 729//1797
f 738//1798 737//1798 735//1798
f 723//1799 734//1799 733//1799
f 723//1800 724//1800 734//1800
f 718//1801 737//1801 738//1801
f 718//1802 719//1802 737//1802
f 417//1803 342//1803 344//1803
f 742//1804 737//1804 719//1804
f 741//1805 737//1805 742//1805
f 740//1806 342//1806 417//1806
f 740//1807 417//1807 734//1807
f 741//1805 732//1805 737//1805
f 742//1808 726//1808 743//1808
f 741//1809 728//1809 732//1809
f 743//1810 726//1810 433//1810
f 742//1811 719//1811 726//1811
f 740//1812 734//1812 724//1812
f 740//1813 724//1813 729//1813
f 740//1813 729//1813 722//1813
f 740//1814 722//1814 721//1814
f 740//1814 721//1814 728//1814
f 740//1815 728//1815 741//1815
f 739//1816 740//1816 741//1816
f 628//1817 574//1817 598//1817
f 598//1818 574//1818 640//1818
f 574//1819 744//1819 640//1819
f 640//1820 744//1820 745//1820
f 745//1821 744//1821 746//1821
f 744//1822 747//1822 746//1822
f 381//1823 395//1823 746//1823
f 747//1824 381//1824 746//1824
f 747//1825 748//1825 381//1825
f 395//1826 2153//1826 746//1826
f 573//1827 744//1827 574//1827
f 571//1828 754//1828 573//1828
f 336//1829 757//1829 1197//1829
f 393//1830 382//1830 755//1830
f 382//1831 756//1831 758//1831
f 758//1832 756//1832 759//1832
f 759//1833 760//1833 531//1833
f 336//1834 761//1834 757//1834
f 756//1835 760//1835 759//1835
f 336//1836 337//1836 761//1836
f 337//1837 340//1837 761//1837
f 760//1838 571//1838 531//1838
f 340//1839 762//1839 761//1839
f 531//1840 571//1840 530//1840
f 382//1841 758//1841 755//1841
f 340//1842 763//1842 762//1842
f 340//1843 339//1843 763//1843
f 339//1844 764//1844 763//1844
f 339//1845 398//1845 764//1845
f 377//1846 765//1846 376//1846
f 397//1847 755//1847 398//1847
f 398//1848 755//1848 764//1848
f 397//1849 393//1849 755//1849
f 376//1850 756//1850 382//1850
f 765//1851 756//1851 376//1851
f 766//1852 813//1852 770//1852
f 772//1853 418//1853 767//1853
f 773//1854 766//1854 770//1854
f 773//1855 767//1855 766//1855
f 773//1856 770//1856 775//1856
f 776//1857 774//1857 769//1857
f 777//1858 774//1858 776//1858
f 775//1859 774//1859 777//1859
f 636//1860 779//1860 645//1860
f 777//1861 776//1861 746//1861
f 745//1862 746//1862 776//1862
f 777//1863 746//1863 781//1863
f 635//1864 642//1864 783//1864
f 635//1865 637//1865 642//1865
f 782//1866 812//1866 779//1866
f 784//1867 634//1867 635//1867
f 784//1868 635//1868 783//1868
f 786//1869 636//1869 633//1869
f 642//1870 787//1870 783//1870
f 784//1871 783//1871 788//1871
f 783//1872 787//1872 788//1872
f 634//1873 786//1873 633//1873
f 785//1874 787//1874 642//1874
f 784//1875 789//1875 790//1875
f 790//1876 782//1876 779//1876
f 788//1877 789//1877 784//1877
f 793//1878 782//1878 790//1878
f 792//1879 788//1879 787//1879
f 798//1880 782//1880 793//1880
f 797//1881 792//1881 796//1881
f 798//1882 791//1882 782//1882
f 798//1883 793//1883 790//1883
f 794//1884 644//1884 641//1884
f 801//1885 791//1885 798//1885
f 800//1886 802//1886 803//1886
f 789//1887 798//1887 790//1887
f 796//1888 794//1888 806//1888
f 800//1889 798//1889 789//1889
f 795//1890 791//1890 801//1890
f 800//1891 801//1891 798//1891
f 804//1892 803//1892 802//1892
f 805//1893 804//1893 797//1893
f 801//1894 800//1894 803//1894
f 806//1895 794//1895 641//1895
f 803//1896 804//1896 807//1896
f 803//1897 795//1897 801//1897
f 419//1898 795//1898 803//1898
f 807//1899 419//1899 803//1899
f 779//1900 636//1900 786//1900
f 779//1901 786//1901 790//1901
f 810//1902 808//1902 806//1902
f 807//1903 805//1903 767//1903
f 784//1904 786//1904 634//1904
f 419//1905 807//1905 418//1905
f 784//1906 790//1906 786//1906
f 794//1907 785//1907 643//1907
f 774//1908 768//1908 769//1908
f 771//1909 768//1909 774//1909
f 632//1910 639//1910 769//1910
f 424//1911 772//1911 778//1911
f 776//1912 769//1912 639//1912
f 778//1913 811//1913 424//1913
f 778//1914 781//1914 811//1914
f 778//1915 780//1915 781//1915
f 640//1916 745//1916 639//1916
f 776//1917 639//1917 745//1917
f 787//1918 785//1918 792//1918
f 802//1919 789//1919 788//1919
f 799//1920 802//1920 788//1920
f 802//1921 800//1921 789//1921
f 797//1922 799//1922 792//1922
f 785//1923 642//1923 643//1923
f 799//1924 804//1924 802//1924
f 796//1925 808//1925 797//1925
f 644//1926 794//1926 643//1926
f 796//1927 806//1927 808//1927
f 807//1928 804//1928 805//1928
f 641//1929 810//1929 806//1929
f 792//1930 785//1930 794//1930
f 771//1931 808//1931 810//1931
f 768//1932 638//1932 631//1932
f 810//1933 768//1933 771//1933
f 796//1934 792//1934 794//1934
f 769//1935 631//1935 632//1935
f 769//1936 768//1936 631//1936
f 774//1937 770//1937 771//1937
f 418//1938 772//1938 424//1938
f 772//1939 767//1939 773//1939
f 774//1940 775//1940 770//1940
f 773//1941 777//1941 780//1941
f 773//1942 775//1942 777//1942
f 772//1943 780//1943 778//1943
f 772//1944 773//1944 780//1944
f 777//1945 781//1945 780//1945
f 788//1946 792//1946 799//1946
f 808//1947 809//1947 797//1947
f 804//1948 799//1948 797//1948
f 805//1949 797//1949 809//1949
f 810//1950 641//1950 638//1950
f 809//1951 767//1951 805//1951
f 813//1952 809//1952 808//1952
f 768//1953 810//1953 638//1953
f 771//1954 813//1954 808//1954
f 766//1955 809//1955 813//1955
f 418//1956 807//1956 767//1956
f 766//1957 767//1957 809//1957
f 770//1958 813//1958 771//1958
f 679//1959 645//1959 779//1959
f 814//1960 679//1960 779//1960
f 814//1961 779//1961 812//1961
f 815//1962 814//1962 812//1962
f 815//1963 812//1963 782//1963
f 816//1964 782//1964 791//1964
f 816//1965 815//1965 782//1965
f 817//1966 816//1966 791//1966
f 817//1967 791//1967 795//1967
f 818//1968 817//1968 795//1968
f 818//1969 795//1969 419//1969
f 420//1970 818//1970 419//1970
f 819//1971 682//1971 679//1971
f 701//1972 703//1972 862//1972
f 814//1973 819//1973 679//1973
f 815//1974 819//1974 814//1974
f 815//1975 820//1975 819//1975
f 823//1976 866//1976 821//1976
f 822//1977 650//1977 652//1977
f 828//1978 866//1978 823//1978
f 829//1979 826//1979 830//1979
f 836//1980 833//1980 834//1980
f 837//1981 822//1981 652//1981
f 835//1982 838//1982 828//1982
f 840//1983 836//1983 839//1983
f 700//1984 838//1984 835//1984
f 842//1985 823//1985 821//1985
f 837//1986 821//1986 822//1986
f 843//1987 840//1987 841//1987
f 843//1988 841//1988 844//1988
f 848//1989 828//1989 823//1989
f 848//1990 823//1990 842//1990
f 842//1991 821//1991 837//1991
f 816//1992 849//1992 815//1992
f 835//1993 828//1993 848//1993
f 824//1994 850//1994 826//1994
f 824//1995 826//1995 825//1995
f 825//1996 851//1996 824//1996
f 826//1997 850//1997 852//1997
f 824//1998 842//1998 837//1998
f 824//1999 837//1999 850//1999
f 831//2000 827//2000 825//2000
f 709//2001 700//2001 835//2001
f 698//2002 827//2002 831//2002
f 829//2003 832//2003 831//2003
f 854//2004 835//2004 848//2004
f 706//2005 831//2005 832//2005
f 853//2006 837//2006 652//2006
f 851//2007 842//2007 824//2007
f 851//2008 848//2008 842//2008
f 853//2009 652//2009 653//2009
f 850//2010 837//2010 853//2010
f 709//2011 835//2011 854//2011
f 836//2012 855//2012 833//2012
f 834//2013 839//2013 836//2013
f 854//2014 848//2014 851//2014
f 699//2015 709//2015 854//2015
f 840//2016 859//2016 836//2016
f 839//2017 841//2017 840//2017
f 827//2018 854//2018 851//2018
f 852//2019 850//2019 853//2019
f 845//2020 846//2020 844//2020
f 699//2021 854//2021 827//2021
f 847//2022 844//2022 846//2022
f 846//2023 845//2023 820//2023
f 849//2024 846//2024 820//2024
f 849//2025 820//2025 815//2025
f 856//2026 846//2026 849//2026
f 816//2027 856//2027 849//2027
f 857//2028 852//2028 853//2028
f 858//2029 853//2029 653//2029
f 827//2030 851//2030 825//2030
f 829//2031 825//2031 826//2031
f 829//2032 831//2032 825//2032
f 857//2033 853//2033 858//2033
f 859//2034 855//2034 836//2034
f 843//2035 860//2035 840//2035
f 858//2036 653//2036 654//2036
f 857//2037 826//2037 852//2037
f 706//2038 698//2038 831//2038
f 856//2039 847//2039 846//2039
f 856//2040 862//2040 847//2040
f 830//2041 826//2041 857//2041
f 863//2042 857//2042 858//2042
f 817//2043 856//2043 816//2043
f 817//2044 818//2044 856//2044
f 864//2045 829//2045 830//2045
f 834//2046 857//2046 863//2046
f 864//2047 832//2047 829//2047
f 863//2048 858//2048 654//2048
f 830//2049 857//2049 834//2049
f 859//2050 865//2050 855//2050
f 860//2051 859//2051 840//2051
f 861//2052 860//2052 843//2052
f 708//2053 832//2053 864//2053
f 833//2054 864//2054 830//2054
f 833//2055 830//2055 834//2055
f 818//2056 862//2056 856//2056
f 867//2057 708//2057 864//2057
f 827//2058 698//2058 699//2058
f 855//2059 864//2059 833//2059
f 832//2060 708//2060 706//2060
f 867//2061 855//2061 707//2061
f 839//2062 834//2062 863//2062
f 865//2063 707//2063 855//2063
f 860//2064 865//2064 859//2064
f 867//2065 864//2065 855//2065
f 861//2066 702//2066 860//2066
f 861//2067 703//2067 702//2067
f 705//2068 708//2068 867//2068
f 862//2069 703//2069 847//2069
f 818//2070 701//2070 862//2070
f 839//2071 863//2071 868//2071
f 868//2072 863//2072 654//2072
f 828//2073 881//2073 866//2073
f 707//2074 705//2074 867//2074
f 868//2075 654//2075 684//2075
f 420//2076 701//2076 818//2076
f 841//2077 839//2077 868//2077
f 704//2078 707//2078 865//2078
f 704//2079 865//2079 860//2079
f 869//2080 868//2080 684//2080
f 845//2081 868//2081 869//2081
f 845//2082 841//2082 868//2082
f 869//2083 684//2083 682//2083
f 702//2084 704//2084 860//2084
f 844//2085 841//2085 845//2085
f 847//2086 843//2086 844//2086
f 819//2087 869//2087 682//2087
f 847//2088 861//2088 843//2088
f 703//2089 861//2089 847//2089
f 820//2090 845//2090 869//2090
f 820//2091 869//2091 819//2091
f 871//2092 872//2092 873//2092
f 649//2093 871//2093 697//2093
f 872//2094 870//2094 874//2094
f 874//2095 870//2095 714//2095
f 712//2096 877//2096 874//2096
f 875//2097 887//2097 713//2097
f 876//2098 873//2098 874//2098
f 876//2099 871//2099 873//2099
f 875//2100 713//2100 711//2100
f 879//2101 711//2101 715//2101
f 877//2102 712//2102 710//2102
f 876//2103 880//2103 871//2103
f 716//2104 838//2104 700//2104
f 877//2105 882//2105 876//2105
f 877//2106 710//2106 882//2106
f 696//2107 697//2107 878//2107
f 884//2108 876//2108 882//2108
f 880//2109 876//2109 885//2109
f 696//2110 878//2110 886//2110
f 886//2111 880//2111 885//2111
f 884//2112 885//2112 876//2112
f 685//2113 681//2113 890//2113
f 685//2114 890//2114 879//2114
f 677//2115 685//2115 879//2115
f 884//2116 887//2116 891//2116
f 891//2117 885//2117 884//2117
f 892//2118 676//2118 879//2118
f 886//2119 885//2119 893//2119
f 696//2120 886//2120 695//2120
f 887//2121 875//2121 891//2121
f 893//2122 695//2122 886//2122
f 883//2123 821//2123 866//2123
f 893//2124 894//2124 693//2124
f 693//2125 690//2125 893//2125
f 683//2126 687//2126 895//2126
f 838//2127 881//2127 828//2127
f 650//2128 822//2128 883//2128
f 881//2129 838//2129 870//2129
f 872//2130 866//2130 881//2130
f 714//2131 870//2131 716//2131
f 712//2132 874//2132 714//2132
f 872//2133 874//2133 873//2133
f 871//2134 878//2134 697//2134
f 876//2135 874//2135 877//2135
f 878//2136 871//2136 880//2136
f 882//2137 710//2137 713//2137
f 880//2138 886//2138 878//2138
f 887//2139 882//2139 713//2139
f 887//2140 884//2140 882//2140
f 894//2141 885//2141 891//2141
f 894//2142 893//2142 885//2142
f 893//2143 690//2143 695//2143
f 875//2144 888//2144 891//2144
f 888//2145 894//2145 891//2145
f 875//2146 889//2146 888//2146
f 895//2147 693//2147 894//2147
f 895//2148 894//2148 888//2148
f 889//2149 875//2149 711//2149
f 895//2150 692//2150 693//2150
f 711//2151 890//2151 889//2151
f 683//2152 895//2152 888//2152
f 889//2153 683//2153 888//2153
f 895//2154 687//2154 692//2154
f 681//2155 889//2155 890//2155
f 711//2156 879//2156 890//2156
f 681//2157 683//2157 889//2157
f 676//2158 677//2158 879//2158
f 892//2159 879//2159 715//2159
f 892//2160 715//2160 1312//2160
f 676//2161 892//2161 1309//2161
f 1309//2162 892//2162 1312//2162
f 821//2163 883//2163 822//2163
f 870//2164 838//2164 716//2164
f 872//2165 881//2165 870//2165
f 649//2166 650//2166 883//2166
f 883//2167 866//2167 872//2167
f 649//2168 883//2168 871//2168
f 872//2169 871//2169 883//2169
f 901//2170 899//2170 898//2170
f 659//2171 900//2171 898//2171
f 900//2172 901//2172 898//2172
f 900//2173 404//2173 901//2173
f 404//2174 400//2174 901//2174
f 906//2175 658//2175 662//2175
f 904//2176 909//2176 905//2176
f 400//2177 896//2177 910//2177
f 897//2178 910//2178 908//2178
f 400//2179 910//2179 897//2179
f 911//2180 903//2180 907//2180
f 657//2181 688//2181 655//2181
f 662//2182 665//2182 912//2182
f 912//2183 897//2183 908//2183
f 665//2184 666//2184 913//2184
f 665//2185 897//2185 912//2185
f 913//2186 897//2186 665//2186
f 899//2187 913//2187 669//2187
f 899//2188 897//2188 913//2188
f 899//2189 669//2189 898//2189
f 657//2190 658//2190 914//2190
f 896//2191 400//2191 403//2191
f 400//2192 897//2192 899//2192
f 899//2193 901//2193 400//2193
f 914//2194 658//2194 906//2194
f 909//2195 910//2195 896//2195
f 906//2196 908//2196 914//2196
f 404//2197 900//2197 1294//2197
f 906//2198 912//2198 908//2198
f 1303//2199 900//2199 659//2199
f 912//2200 906//2200 662//2200
f 913//2201 666//2201 669//2201
f 900//2202 1303//2202 1294//2202
f 911//2203 914//2203 908//2203
f 902//2204 688//2204 657//2204
f 657//2205 907//2205 902//2205
f 902//2206 907//2206 903//2206
f 904//2207 903//2207 911//2207
f 911//2208 909//2208 904//2208
f 657//2209 914//2209 907//2209
f 403//2210 905//2210 896//2210
f 911//2211 907//2211 914//2211
f 909//2212 896//2212 905//2212
f 909//2213 911//2213 908//2213
f 910//2214 909//2214 908//2214
f 919//2215 476//2215 717//2215
f 918//2216 476//2216 919//2216
f 923//2217 902//2217 925//2217
f 921//2218 905//2218 920//2218
f 927//2219 918//2219 915//2219
f 717//2220 688//2220 923//2220
f 921//2221 920//2221 930//2221
f 928//2222 921//2222 930//2222
f 922//2223 924//2223 931//2223
f 928//2224 926//2224 904//2224
f 928//2225 930//2225 933//2225
f 927//2226 937//2226 929//2226
f 935//2227 717//2227 925//2227
f 925//2228 926//2228 934//2228
f 925//2229 902//2229 903//2229
f 936//2230 401//2230 944//2230
f 934//2231 926//2231 941//2231
f 933//2232 920//2232 403//2232
f 933//2233 930//2233 920//2233
f 943//2234 942//2234 917//2234
f 935//2235 919//2235 717//2235
f 916//2236 917//2236 942//2236
f 933//2237 403//2237 401//2237
f 941//2238 940//2238 943//2238
f 922//2239 927//2239 915//2239
f 918//2240 934//2240 941//2240
f 918//2241 919//2241 935//2241
f 927//2242 922//2242 931//2242
f 942//2243 933//2243 916//2243
f 937//2244 939//2244 929//2244
f 929//2245 939//2245 932//2245
f 936//2246 931//2246 924//2246
f 916//2247 933//2247 401//2247
f 924//2248 401//2248 936//2248
f 918//2249 941//2249 915//2249
f 917//2250 915//2250 943//2250
f 917//2251 922//2251 915//2251
f 905//2252 403//2252 920//2252
f 905//2253 921//2253 904//2253
f 923//2254 688//2254 902//2254
f 926//2255 925//2255 903//2255
f 926//2256 903//2256 904//2256
f 904//2257 921//2257 928//2257
f 929//2258 918//2258 927//2258
f 927//2259 931//2259 937//2259
f 932//2260 918//2260 929//2260
f 932//2261 476//2261 918//2261
f 938//2262 931//2262 936//2262
f 938//2263 937//2263 931//2263
f 934//2264 918//2264 935//2264
f 925//2265 717//2265 923//2265
f 925//2266 934//2266 935//2266
f 941//2267 943//2267 915//2267
f 928//2268 933//2268 940//2268
f 940//2269 926//2269 928//2269
f 926//2270 940//2270 941//2270
f 940//2271 933//2271 942//2271
f 943//2272 940//2272 942//2272
f 924//2273 917//2273 916//2273
f 924//2274 922//2274 917//2274
f 924//2275 916//2275 401//2275
f 932//2276 939//2276 946//2276
f 938//2277 939//2277 937//2277
f 945//2278 946//2278 939//2278
f 945//2279 939//2279 938//2279
f 476//2280 932//2280 946//2280
f 938//2281 936//2281 947//2281
f 938//2282 947//2282 948//2282
f 946//2283 949//2283 471//2283
f 945//2284 938//2284 948//2284
f 948//2285 949//2285 945//2285
f 410//2286 407//2286 951//2286
f 953//2287 951//2287 407//2287
f 956//2288 955//2288 952//2288
f 953//2289 954//2289 951//2289
f 442//2290 471//2290 949//2290
f 493//2291 495//2291 955//2291
f 954//2292 953//2292 465//2292
f 483//2293 956//2293 954//2293
f 957//2294 1251//2294 494//2294
f 1253//2295 957//2295 407//2295
f 494//2296 953//2296 957//2296
f 1251//2297 957//2297 1253//2297
f 947//2298 936//2298 944//2298
f 410//2299 944//2299 401//2299
f 951//2300 952//2300 410//2300
f 954//2301 952//2301 951//2301
f 955//2302 950//2302 952//2302
f 956//2303 952//2303 954//2303
f 956//2304 493//2304 955//2304
f 493//2305 956//2305 483//2305
f 945//2306 949//2306 946//2306
f 950//2307 947//2307 944//2307
f 948//2308 947//2308 950//2308
f 944//2309 952//2309 950//2309
f 958//2310 949//2310 948//2310
f 410//2311 952//2311 944//2311
f 958//2312 442//2312 949//2312
f 958//2313 948//2313 950//2313
f 958//2314 495//2314 442//2314
f 955//2315 958//2315 950//2315
f 955//2316 495//2316 958//2316
f 465//2317 483//2317 954//2317
f 953//2318 407//2318 957//2318
f 458//2319 465//2319 953//2319
f 458//2320 953//2320 494//2320
f 759//2321 485//2321 959//2321
f 759//2322 531//2322 485//2322
f 758//2323 759//2323 959//2323
f 960//2324 959//2324 961//2324
f 960//2325 758//2325 959//2325
f 962//2326 960//2326 961//2326
f 962//2327 961//2327 963//2327
f 962//2328 963//2328 416//2328
f 964//2329 962//2329 416//2329
f 965//2330 966//2330 996//2330
f 965//2331 996//2331 733//2331
f 968//2332 967//2332 969//2332
f 970//2333 966//2333 965//2333
f 479//2334 478//2334 967//2334
f 479//2335 967//2335 968//2335
f 970//2336 969//2336 966//2336
f 971//2337 969//2337 970//2337
f 968//2338 969//2338 971//2338
f 963//2339 733//2339 416//2339
f 963//2340 965//2340 733//2340
f 961//2341 965//2341 963//2341
f 961//2342 970//2342 965//2342
f 959//2343 968//2343 971//2343
f 959//2344 970//2344 961//2344
f 959//2345 971//2345 970//2345
f 485//2346 968//2346 959//2346
f 485//2347 479//2347 968//2347
f 972//2348 428//2348 725//2348
f 972//2349 973//2349 428//2349
f 974//2350 973//2350 972//2350
f 975//2351 973//2351 974//2351
f 977//2352 975//2352 974//2352
f 976//2353 459//2353 975//2353
f 976//2354 975//2354 977//2354
f 462//2355 459//2355 976//2355
f 981//2356 730//2356 727//2356
f 981//2357 727//2357 720//2357
f 983//2358 982//2358 981//2358
f 984//2359 725//2359 718//2359
f 984//2360 972//2360 725//2360
f 987//2361 972//2361 984//2361
f 985//2362 986//2362 983//2362
f 736//2363 731//2363 988//2363
f 985//2364 736//2364 988//2364
f 987//2365 977//2365 972//2365
f 988//2366 986//2366 985//2366
f 986//2367 989//2367 983//2367
f 989//2368 992//2368 990//2368
f 989//2369 986//2369 992//2369
f 988//2370 731//2370 991//2370
f 988//2371 992//2371 986//2371
f 993//2372 977//2372 987//2372
f 994//2373 478//2373 482//2373
f 988//2374 991//2374 995//2374
f 993//2375 976//2375 977//2375
f 978//2376 984//2376 718//2376
f 997//2377 976//2377 993//2377
f 978//2378 718//2378 738//2378
f 998//2379 984//2379 978//2379
f 998//2380 987//2380 984//2380
f 462//2381 976//2381 997//2381
f 993//2382 987//2382 998//2382
f 978//2383 738//2383 735//2383
f 979//2384 978//2384 735//2384
f 979//2385 735//2385 980//2385
f 464//2386 462//2386 997//2386
f 735//2387 730//2387 980//2387
f 1000//2388 998//2388 979//2388
f 981//2389 980//2389 730//2389
f 1000//2390 993//2390 998//2390
f 1001//2391 993//2391 1000//2391
f 988//2392 995//2392 992//2392
f 997//2393 993//2393 1001//2393
f 1000//2394 979//2394 980//2394
f 428//2395 973//2395 999//2395
f 1003//2396 997//2396 1001//2396
f 469//2397 997//2397 1003//2397
f 469//2398 464//2398 997//2398
f 1004//2399 1000//2399 980//2399
f 1005//2400 1000//2400 1004//2400
f 1005//2401 1001//2401 1000//2401
f 1004//2402 980//2402 981//2402
f 1004//2403 981//2403 982//2403
f 1003//2404 1001//2404 1005//2404
f 978//2405 979//2405 998//2405
f 983//2406 981//2406 720//2406
f 1006//2407 1003//2407 1005//2407
f 1007//2408 1004//2408 982//2408
f 1007//2409 1005//2409 1004//2409
f 482//2410 469//2410 1003//2410
f 482//2411 1003//2411 1006//2411
f 985//2412 720//2412 736//2412
f 985//2413 983//2413 720//2413
f 1006//2414 1005//2414 1007//2414
f 989//2415 1007//2415 982//2415
f 989//2416 982//2416 983//2416
f 990//2417 1007//2417 989//2417
f 977//2418 974//2418 972//2418
f 990//2419 1006//2419 1007//2419
f 994//2420 1006//2420 990//2420
f 482//2421 1006//2421 994//2421
f 996//2422 991//2422 723//2422
f 1002//2423 990//2423 992//2423
f 967//2424 994//2424 990//2424
f 996//2425 995//2425 991//2425
f 478//2426 994//2426 967//2426
f 967//2427 990//2427 1002//2427
f 966//2428 995//2428 996//2428
f 969//2429 992//2429 995//2429
f 969//2430 995//2430 966//2430
f 969//2431 1002//2431 992//2431
f 967//2432 1002//2432 969//2432
f 733//2433 996//2433 723//2433
f 1013//2434 427//2434 999//2434
f 1010//2435 1013//2435 999//2435
f 1011//2436 1008//2436 1014//2436
f 1010//2437 1011//2437 1014//2437
f 1014//2438 1008//2438 1012//2438
f 431//2439 427//2439 1013//2439
f 1010//2440 1015//2440 1013//2440
f 449//2441 1024//2441 452//2441
f 1016//2442 1024//2442 449//2442
f 1010//2443 1019//2443 1015//2443
f 1010//2444 1014//2444 1019//2444
f 1019//2445 1014//2445 1017//2445
f 1017//2446 1012//2446 1020//2446
f 1017//2447 1021//2447 1019//2447
f 1019//2448 1021//2448 1023//2448
f 1021//2449 1017//2449 1022//2449
f 1020//2450 1022//2450 1017//2450
f 1016//2451 449//2451 443//2451
f 1024//2452 1022//2452 1020//2452
f 435//2453 1027//2453 443//2453
f 1021//2454 1029//2454 1023//2454
f 1021//2455 1022//2455 1029//2455
f 1024//2456 1020//2456 453//2456
f 426//2457 1030//2457 1018//2457
f 430//2458 426//2458 1018//2458
f 1029//2459 1030//2459 1023//2459
f 429//2460 1032//2460 447//2460
f 429//2461 1033//2461 1032//2461
f 429//2462 447//2462 1034//2462
f 1025//2463 1029//2463 1031//2463
f 1030//2464 1029//2464 1026//2464
f 1026//2465 1029//2465 1025//2465
f 481//2466 1036//2466 488//2466
f 1036//2467 1035//2467 488//2467
f 1035//2468 1036//2468 1033//2468
f 1035//2469 1033//2469 430//2469
f 1009//2470 459//2470 455//2470
f 427//2471 428//2471 999//2471
f 1008//2472 1009//2472 1012//2472
f 1012//2473 1009//2473 455//2473
f 1017//2474 1014//2474 1012//2474
f 455//2475 453//2475 1020//2475
f 1015//2476 431//2476 1013//2476
f 1024//2477 1031//2477 1022//2477
f 1029//2478 1022//2478 1031//2478
f 1008//2479 975//2479 459//2479
f 425//2480 431//2480 1015//2480
f 1020//2481 1012//2481 455//2481
f 425//2482 1015//2482 1019//2482
f 425//2483 1019//2483 1023//2483
f 453//2484 452//2484 1024//2484
f 1030//2485 426//2485 1023//2485
f 1031//2486 1024//2486 1016//2486
f 1016//2487 1025//2487 1031//2487
f 1030//2488 1026//2488 1018//2488
f 1027//2489 1025//2489 1016//2489
f 1027//2490 1016//2490 443//2490
f 488//2491 1028//2491 435//2491
f 1028//2492 1027//2492 435//2492
f 1028//2493 1025//2493 1027//2493
f 1026//2494 1028//2494 1035//2494
f 1026//2495 1025//2495 1028//2495
f 1035//2496 1018//2496 1026//2496
f 1035//2497 1028//2497 488//2497
f 1032//2498 1036//2498 481//2498
f 1032//2499 481//2499 461//2499
f 1035//2500 430//2500 1018//2500
f 1033//2501 1036//2501 1032//2501
f 447//2502 1032//2502 461//2502
f 429//2503 430//2503 1033//2503
f 489//2504 1034//2504 447//2504
f 1252//2505 1034//2505 489//2505
f 429//2506 1034//2506 1254//2506
f 1254//2507 1034//2507 1252//2507
f 1008//2508 459//2508 1009//2508
f 975//2509 1011//2509 973//2509
f 1011//2510 975//2510 1008//2510
f 1011//2511 999//2511 973//2511
f 1011//2512 1010//2512 999//2512
f 1079//2513 1038//2513 385//2513
f 385//2514 1038//2514 386//2514
f 1163//2515 1162//2515 368//2515
f 365//2516 1043//2516 1042//2516
f 1041//2517 1044//2517 1200//2517
f 1041//2518 1040//2518 1044//2518
f 1200//2519 1044//2519 1198//2519
f 1042//2520 1045//2520 1039//2520
f 1039//2521 1046//2521 1040//2521
f 1042//2522 1043//2522 1045//2522
f 1039//2523 1045//2523 1046//2523
f 1040//2524 1046//2524 1044//2524
f 1044//2525 1962//2525 1198//2525
f 1047//2526 1050//2526 1959//2526
f 1959//2527 1050//2527 1963//2527
f 1046//2528 1051//2528 1044//2528
f 1044//2529 1051//2529 1962//2529
f 1047//2530 1048//2530 1050//2530
f 1046//2531 1052//2531 1051//2531
f 1045//2532 1052//2532 1046//2532
f 1963//2533 1053//2533 1202//2533
f 1045//2534 1054//2534 1052//2534
f 1045//2535 368//2535 1054//2535
f 1963//2536 1055//2536 1053//2536
f 1050//2537 1055//2537 1963//2537
f 1043//2538 368//2538 1045//2538
f 1048//2539 1056//2539 1050//2539
f 1050//2540 1056//2540 1055//2540
f 1202//2541 1053//2541 1200//2541
f 1048//2542 1042//2542 1056//2542
f 1049//2543 1042//2543 1048//2543
f 1049//2544 365//2544 1042//2544
f 1056//2545 1039//2545 1055//2545
f 1055//2546 1040//2546 1053//2546
f 1055//2547 1039//2547 1040//2547
f 1053//2548 1041//2548 1200//2548
f 1053//2549 1040//2549 1041//2549
f 1042//2550 1039//2550 1056//2550
f 360//2551 1049//2551 361//2551
f 365//2552 1049//2552 360//2552
f 1049//2553 1048//2553 361//2553
f 361//2554 1048//2554 362//2554
f 1048//2555 1047//2555 362//2555
f 1047//2556 1959//2556 362//2556
f 362//2557 1959//2557 1235//2557
f 747//2558 744//2558 1060//2558
f 1058//2559 748//2559 747//2559
f 749//2560 748//2560 1058//2560
f 1062//2561 1060//2561 754//2561
f 1059//2562 380//2562 749//2562
f 1060//2563 1063//2563 1057//2563
f 379//2564 1059//2564 1061//2564
f 379//2565 1061//2565 1064//2565
f 1066//2566 1061//2566 1063//2566
f 1067//2567 754//2567 571//2567
f 1062//2568 1063//2568 1060//2568
f 1068//2569 1066//2569 1065//2569
f 1060//2570 744//2570 754//2570
f 1061//2571 1066//2571 1064//2571
f 754//2572 744//2572 573//2572
f 1066//2573 756//2573 765//2573
f 1066//2574 1068//2574 756//2574
f 1067//2575 1068//2575 1065//2575
f 1062//2576 754//2576 1067//2576
f 1058//2577 1061//2577 749//2577
f 1065//2578 1062//2578 1067//2578
f 1064//2579 377//2579 379//2579
f 1065//2580 1066//2580 1063//2580
f 1065//2581 1063//2581 1062//2581
f 1069//2582 1067//2582 571//2582
f 1067//2583 1069//2583 1068//2583
f 1064//2584 1066//2584 765//2584
f 1057//2585 1063//2585 1061//2585
f 760//2586 1069//2586 571//2586
f 765//2587 377//2587 1064//2587
f 756//2588 1068//2588 1069//2588
f 756//2589 1069//2589 760//2589
f 1061//2590 1059//2590 749//2590
f 1057//2591 1058//2591 1060//2591
f 1061//2592 1058//2592 1057//2592
f 1058//2593 747//2593 1060//2593
f 422//2594 752//2594 1070//2594
f 1310//2595 753//2595 1311//2595
f 422//2596 1070//2596 421//2596
f 423//2597 752//2597 422//2597
f 423//2598 751//2598 752//2598
f 746//2599 750//2599 811//2599
f 421//2600 753//2600 1310//2600
f 781//2601 746//2601 811//2601
f 421//2602 1070//2602 753//2602
f 423//2603 750//2603 751//2603
f 811//2604 750//2604 423//2604
f 755//2605 758//2605 960//2605
f 962//2606 755//2606 960//2606
f 962//2607 764//2607 755//2607
f 964//2608 764//2608 962//2608
f 415//2609 764//2609 964//2609
f 415//2610 763//2610 764//2610
f 415//2611 762//2611 763//2611
f 414//2612 762//2612 415//2612
f 414//2613 761//2613 762//2613
f 413//2614 757//2614 761//2614
f 413//2615 761//2615 414//2615
f 413//2616 1197//2616 757//2616
f 413//2617 1207//2617 1197//2617
f 1071//2618 1072//2618 389//2618
f 1072//2619 391//2619 389//2619
f 1072//2620 1073//2620 391//2620
f 391//2621 1073//2621 392//2621
f 1073//2622 1074//2622 392//2622
f 1074//2623 375//2623 392//2623
f 1075//2624 375//2624 1074//2624
f 386//2625 1038//2625 1037//2625
f 1038//2626 1076//2626 1037//2626
f 1037//2627 1076//2627 389//2627
f 1076//2628 1071//2628 389//2628
f 1077//2629 1078//2629 334//2629
f 334//2630 1078//2630 385//2630
f 1078//2631 1079//2631 385//2631
f 323//2632 1080//2632 324//2632
f 1080//2633 1081//2633 324//2633
f 1081//2634 1082//2634 324//2634
f 324//2635 1082//2635 333//2635
f 1082//2636 1083//2636 333//2636
f 333//2637 1083//2637 334//2637
f 1083//2638 1077//2638 334//2638
f 1100//2639 1080//2639 325//2639
f 1080//2640 323//2640 325//2640
f 332//2641 1084//2641 335//2641
f 1084//2642 1085//2642 335//2642
f 335//2643 1085//2643 325//2643
f 1085//2644 1100//2644 325//2644
f 1086//2645 1087//2645 328//2645
f 328//2646 1088//2646 329//2646
f 1087//2647 1088//2647 328//2647
f 329//2648 1089//2648 330//2648
f 1088//2649 1089//2649 329//2649
f 330//2650 1090//2650 331//2650
f 1089//2651 1090//2651 330//2651
f 1090//2652 1084//2652 331//2652
f 331//2653 1084//2653 332//2653
f 326//2654 1092//2654 327//2654
f 1091//2655 1092//2655 326//2655
f 1092//2656 1086//2656 327//2656
f 327//2657 1086//2657 328//2657
f 1093//2658 1094//2658 384//2658
f 384//2659 1094//2659 387//2659
f 1094//2660 1095//2660 387//2660
f 387//2661 1096//2661 388//2661
f 1095//2662 1096//2662 387//2662
f 388//2663 1091//2663 326//2663
f 1096//2664 1091//2664 388//2664
f 384//2665 1097//2665 1093//2665
f 375//2666 1075//2666 1098//2666
f 384//2667 375//2667 1098//2667
f 384//2668 1098//2668 1097//2668
f 1099//2669 518//2669 510//2669
f 1099//2670 1080//2670 1100//2670
f 518//2671 1099//2671 1100//2671
f 1099//2672 510//2672 1080//2672
f 1101//2673 1080//2673 510//2673
f 1080//2674 1101//2674 1081//2674
f 1100//2675 1085//2675 518//2675
f 1101//2676 510//2676 511//2676
f 1085//2677 1084//2677 520//2677
f 1085//2678 520//2678 518//2678
f 1082//2679 1081//2679 1101//2679
f 1102//2680 520//2680 1084//2680
f 512//2681 1101//2681 511//2681
f 512//2682 1082//2682 1101//2682
f 1102//2683 525//2683 520//2683
f 1090//2684 1102//2684 1084//2684
f 1082//2685 512//2685 1103//2685
f 1083//2686 1082//2686 1103//2686
f 524//2687 525//2687 1102//2687
f 1090//2688 1089//2688 524//2688
f 1090//2689 524//2689 1102//2689
f 1103//2690 512//2690 528//2690
f 1083//2691 1103//2691 1077//2691
f 524//2692 1088//2692 517//2692
f 1089//2693 1088//2693 524//2693
f 1088//2694 516//2694 517//2694
f 1087//2695 516//2695 1088//2695
f 1086//2696 516//2696 1087//2696
f 1104//2697 578//2697 560//2697
f 578//2698 1103//2698 528//2698
f 1078//2699 1103//2699 578//2699
f 1079//2700 1078//2700 1104//2700
f 1078//2701 1077//2701 1103//2701
f 1038//2702 1079//2702 1104//2702
f 1078//2703 578//2703 1104//2703
f 1086//2704 1092//2704 516//2704
f 516//2705 1092//2705 514//2705
f 514//2706 1092//2706 1091//2706
f 1076//2707 1105//2707 1071//2707
f 589//2708 1105//2708 1076//2708
f 1105//2709 589//2709 618//2709
f 1104//2710 560//2710 589//2710
f 1076//2711 1104//2711 589//2711
f 1076//2712 1038//2712 1104//2712
f 621//2713 1105//2713 618//2713
f 1072//2714 1105//2714 621//2714
f 1072//2715 1071//2715 1105//2715
f 1074//2716 1106//2716 623//2716
f 1074//2717 1073//2717 1106//2717
f 623//2718 1106//2718 621//2718
f 1106//2719 1073//2719 1072//2719
f 621//2720 1106//2720 1072//2720
f 537//2721 1095//2721 1094//2721
f 537//2722 1096//2722 1095//2722
f 537//2723 538//2723 1096//2723
f 538//2724 1091//2724 1096//2724
f 538//2725 514//2725 1091//2725
f 570//2726 1074//2726 623//2726
f 1075//2727 1074//2727 570//2727
f 537//2728 1093//2728 629//2728
f 1094//2729 1093//2729 537//2729
f 1107//2730 1098//2730 1075//2730
f 1093//2731 1097//2731 629//2731
f 1107//2732 1075//2732 570//2732
f 1098//2733 1107//2733 572//2733
f 1097//2734 580//2734 629//2734
f 572//2735 1107//2735 570//2735
f 580//2736 1098//2736 572//2736
f 580//2737 1097//2737 1098//2737
f 383//2738 320//2738 378//2738
f 321//2738 320//2738 383//2738
f 394//2739 399//2739 321//2739
f 394//2738 321//2738 383//2738
f 396//2740 399//2740 394//2740
f 1109//2741 1108//2741 343//2741
f 1109//2742 343//2742 342//2742
f 1110//2743 1109//2743 342//2743
f 740//2744 1110//2744 342//2744
f 1114//2745 1111//2745 1115//2745
f 1112//2746 1114//2746 1115//2746
f 1116//2747 1114//2747 1112//2747
f 1113//2748 1114//2748 1116//2748
f 1113//2749 739//2749 1114//2749
f 1109//2750 1112//2750 1117//2750
f 1109//2751 1116//2751 1112//2751
f 739//2752 1113//2752 1110//2752
f 1110//2753 1113//2753 1116//2753
f 1110//2754 1116//2754 1109//2754
f 740//2755 739//2755 1110//2755
f 1108//2756 1109//2756 1117//2756
f 739//2757 741//2757 1118//2757
f 1123//2758 1119//2758 1125//2758
f 1125//2759 1119//2759 1124//2759
f 1123//2760 1121//2760 1122//2760
f 741//2761 1121//2761 1123//2761
f 1118//2762 1123//2762 1125//2762
f 1125//2763 1124//2763 1111//2763
f 1119//2764 1122//2764 1120//2764
f 1123//2765 1122//2765 1119//2765
f 1118//2766 741//2766 1123//2766
f 1125//2767 1111//2767 1114//2767
f 1118//2768 1114//2768 739//2768
f 1118//2769 1125//2769 1114//2769
f 1127//2770 1120//2770 1122//2770
f 1127//2771 1126//2771 1120//2771
f 1142//2772 1122//2772 1121//2772
f 1142//2773 1127//2773 1122//2773
f 742//2774 1121//2774 741//2774
f 742//2775 1142//2775 1121//2775
f 1129//2776 1133//2776 1130//2776
f 1132//2777 373//2777 374//2777
f 743//2778 1131//2778 1133//2778
f 743//2779 1133//2779 1129//2779
f 1135//2780 1128//2780 1134//2780
f 1132//2781 432//2781 373//2781
f 1135//2782 1129//2782 1128//2782
f 1136//2783 432//2783 1132//2783
f 1137//2784 743//2784 1129//2784
f 1137//2785 1129//2785 1135//2785
f 1136//2786 433//2786 432//2786
f 1135//2787 1134//2787 1138//2787
f 742//2788 743//2788 1137//2788
f 1141//2789 433//2789 1136//2789
f 1137//2790 1135//2790 1140//2790
f 1140//2791 1135//2791 1138//2791
f 1142//2792 1137//2792 1140//2792
f 1140//2793 1138//2793 1126//2793
f 742//2794 1137//2794 1142//2794
f 1127//2795 1140//2795 1126//2795
f 1136//2796 1132//2796 1139//2796
f 1133//2797 1136//2797 1139//2797
f 1142//2798 1140//2798 1127//2798
f 1141//2799 743//2799 433//2799
f 1129//2800 1130//2800 1128//2800
f 1131//2801 1136//2801 1133//2801
f 1133//2802 1139//2802 1130//2802
f 1131//2803 1141//2803 1136//2803
f 743//2804 1141//2804 1131//2804
f 1108//2805 1143//2805 343//2805
f 1143//2806 364//2806 343//2806
f 1108//2807 1144//2807 1143//2807
f 343//2808 1203//2808 1206//2808
f 364//2809 1203//2809 343//2809
f 1132//2810 374//2810 1145//2810
f 1146//2811 1132//2811 1145//2811
f 1139//2812 1132//2812 1146//2812
f 1147//2813 1139//2813 1146//2813
f 1130//2814 1139//2814 1147//2814
f 1128//2815 1130//2815 1147//2815
f 1148//2816 1128//2816 1147//2816
f 1134//2817 1128//2817 1148//2817
f 1149//2818 1134//2818 1148//2818
f 1138//2819 1134//2819 1149//2819
f 1150//2820 1138//2820 1149//2820
f 1126//2821 1138//2821 1150//2821
f 1151//2822 1126//2822 1150//2822
f 1151//2823 1120//2823 1126//2823
f 1152//2824 1120//2824 1151//2824
f 1120//2825 1152//2825 1153//2825
f 1119//2826 1120//2826 1153//2826
f 1119//2827 1153//2827 1154//2827
f 1124//2828 1119//2828 1154//2828
f 1111//2829 1154//2829 1155//2829
f 1111//2830 1124//2830 1154//2830
f 1115//2831 1111//2831 1155//2831
f 1115//2832 1155//2832 1156//2832
f 1112//2833 1115//2833 1156//2833
f 1112//2834 1156//2834 1157//2834
f 1117//2835 1112//2835 1157//2835
f 1117//2836 1157//2836 1144//2836
f 1108//2837 1117//2837 1144//2837
f 364//2838 1143//2838 359//2838
f 1144//2839 349//2839 359//2839
f 1143//2840 1144//2840 359//2840
f 1157//2841 349//2841 1144//2841
f 355//2842 349//2842 1157//2842
f 355//2843 1157//2843 352//2843
f 370//2844 352//2844 1156//2844
f 1155//2845 370//2845 1156//2845
f 352//2846 1157//2846 1156//2846
f 1158//2847 1160//2847 1159//2847
f 1152//2848 1158//2848 1153//2848
f 1159//2849 1160//2849 1154//2849
f 1159//2850 1154//2850 1153//2850
f 1160//2851 370//2851 1155//2851
f 1160//2852 1155//2852 1154//2852
f 1158//2853 1159//2853 1153//2853
f 1158//2854 1152//2854 1151//2854
f 1158//2855 1151//2855 367//2855
f 1149//2856 366//2856 367//2856
f 1145//2857 369//2857 1146//2857
f 367//2858 1151//2858 1150//2858
f 1166//2859 1145//2859 1161//2859
f 1165//2860 369//2860 1166//2860
f 1149//2861 1148//2861 366//2861
f 1147//2862 366//2862 1148//2862
f 1150//2863 1149//2863 367//2863
f 369//2864 366//2864 1147//2864
f 369//2865 1147//2865 1146//2865
f 412//2866 2172//2866 2177//2866
f 336//2867 341//2867 338//2867
f 1197//2868 341//2868 336//2868
f 1054//2869 1173//2869 1052//2869
f 1054//2870 1172//2870 1171//2870
f 1052//2871 1170//2871 1051//2871
f 1052//2872 1173//2872 1169//2872
f 1051//2873 1170//2873 1168//2873
f 1051//2874 1167//2874 1962//2874
f 1962//2875 1167//2875 2086//2875
f 368//2876 1165//2876 1164//2876
f 368//2877 1172//2877 1054//2877
f 1145//2878 374//2878 1161//2878
f 1176//2879 1175//2879 1174//2879
f 1176//2879 1174//2879 1177//2879
f 1195//2880 1194//2880 1176//2880
f 1194//2881 1283//2881 1284//2881
f 1176//2882 1194//2882 1284//2882
f 1195//2880 1176//2880 1177//2880
f 1211//2883 1206//2883 1212//2883
f 1211//2884 1205//2884 1206//2884
f 1211//2884 1213//2884 1205//2884
f 1234//2885 1219//2885 1215//2885
f 1221//2886 1220//2886 1226//2886
f 1209//2887 1214//2887 1210//2887
f 1220//2888 1218//2888 1226//2888
f 1216//2889 1215//2889 1227//2889
f 1201//2879 1199//2879 1217//2879
f 1221//2890 1226//2890 1228//2890
f 1214//2891 1221//2891 1228//2891
f 1216//2892 1227//2892 1229//2892
f 1217//2893 1216//2893 1229//2893
f 1215//2894 1219//2894 1230//2894
f 1214//2895 1228//2895 1210//2895
f 1201//2879 1217//2879 1229//2879
f 1215//2896 1230//2896 1227//2896
f 1199//2897 1210//2897 1228//2897
f 1233//2898 1232//2898 1220//2898
f 1232//2899 1231//2899 1224//2899
f 1224//2900 1223//2900 1234//2900
f 1226//2901 1218//2901 1216//2901
f 1227//2902 1230//2902 1236//2902
f 1224//2903 1234//2903 1218//2903
f 1232//2904 1224//2904 1220//2904
f 1227//2905 1236//2905 1229//2905
f 1226//2906 1216//2906 1217//2906
f 1228//2907 1226//2907 1217//2907
f 1201//2908 1229//2908 1236//2908
f 1203//2909 1201//2909 1236//2909
f 1235//2910 1233//2910 1214//2910
f 1199//2911 1228//2911 1217//2911
f 1223//2912 1222//2912 1225//2912
f 1231//2913 1222//2913 1223//2913
f 1218//2914 1234//2914 1215//2914
f 1233//2915 1220//2915 1221//2915
f 1234//2916 1223//2916 1225//2916
f 1209//2917 1235//2917 1214//2917
f 1234//2918 1225//2918 1219//2918
f 1216//2919 1218//2919 1215//2919
f 1233//2920 1221//2920 1214//2920
f 1231//2921 1223//2921 1224//2921
f 1220//2922 1224//2922 1218//2922
f 1237//2923 1238//2923 1239//2923
f 1231//2924 1239//2924 2073//2924
f 1231//2925 1237//2925 1239//2925
f 2075//2926 1231//2926 2073//2926
f 2080//2927 2081//2927 1240//2927
f 1955//2928 1241//2928 1238//2928
f 1222//2929 1231//2929 2075//2929
f 1955//2930 1240//2930 1241//2930
f 1242//2931 1222//2931 2075//2931
f 1237//2932 1955//2932 1238//2932
f 1243//2933 2078//2933 1244//2933
f 1245//2934 1243//2934 1244//2934
f 2078//2879 2085//2879 1244//2879
f 2084//2879 1244//2879 2085//2879
f 1264//2935 1260//2935 1262//2935
f 1267//2936 1263//2936 1268//2936
f 1267//2937 1261//2937 1263//2937
f 1265//2938 1275//2938 1974//2938
f 1974//2939 1275//2939 1264//2939
f 1275//2940 1260//2940 1264//2940
f 1275//2941 1269//2941 1260//2941
f 1268//2942 1279//2942 1278//2942
f 1268//2943 1278//2943 1267//2943
f 1279//2944 1281//2944 1278//2944
f 1278//2945 1281//2945 1282//2945
f 1282//2946 1281//2946 1283//2946
f 1281//2947 1284//2947 1283//2947
f 1258//2948 1291//2948 1286//2948
f 1290//2949 1287//2949 1286//2949
f 1291//2950 1290//2950 1286//2950
f 1289//2951 1285//2951 1288//2951
f 1253//2952 1258//2952 1286//2952
f 1253//2953 1286//2953 1292//2953
f 1293//2954 1294//2954 1288//2954
f 1294//2955 1289//2955 1288//2955
f 1293//2956 1288//2956 1295//2956
f 1295//2957 1288//2957 1296//2957
f 1292//2958 1286//2958 1297//2958
f 1296//2959 1288//2959 1298//2959
f 1286//2960 1287//2960 1288//2960
f 1287//2961 1298//2961 1288//2961
f 1205//2962 1325//2962 1207//2962
f 1213//2963 1326//2963 1325//2963
f 1213//2964 1327//2964 1326//2964
f 1213//2965 1876//2965 1327//2965
f 1213//2962 1325//2962 1205//2962
f 1328//2966 1213//2966 1329//2966
f 1328//2967 1876//2967 1213//2967
f 1333//2968 1317//2968 1310//2968
f 1331//2969 1333//2969 1334//2969
f 1331//2970 1332//2970 1317//2970
f 1331//2971 1317//2971 1333//2971
f 1336//2972 1334//2972 1335//2972
f 1330//2973 1334//2973 1336//2973
f 1330//2974 1331//2974 1334//2974
f 1723//2975 1336//2975 1335//2975
f 1255//2976 1342//2976 1338//2976
f 1257//2977 1337//2977 1343//2977
f 1259//2978 1257//2978 1343//2978
f 1255//2979 1254//2979 1341//2979
f 1256//2980 1255//2980 1338//2980
f 1256//2981 1338//2981 1935//2981
f 1244//2982 1259//2982 1339//2982
f 1344//2983 1246//2983 1340//2983
f 1259//2984 1343//2984 1339//2984
f 1244//2985 1339//2985 1245//2985
f 1345//2986 1344//2986 1340//2986
f 1256//2987 1935//2987 1337//2987
f 1638//2988 1345//2988 1340//2988
f 1257//2989 1256//2989 1337//2989
f 1245//2990 1339//2990 1246//2990
f 1255//2991 1341//2991 1342//2991
f 1246//2992 1339//2992 1340//2992
f 1359//2993 1404//2993 1353//2993
f 1346//2994 1350//2994 1351//2994
f 1346//2995 1357//2995 1347//2995
f 1349//2996 1357//2996 1351//2996
f 1357//2997 1346//2997 1351//2997
f 1349//2998 1351//2998 1358//2998
f 1347//2999 1357//2999 1355//2999
f 1352//3000 1355//3000 1357//3000
f 1360//3001 1349//3001 1358//3001
f 1357//3002 1349//3002 1352//3002
f 1361//3003 1355//3003 1352//3003
f 1358//3004 1356//3004 1360//3004
f 1356//3005 1354//3005 1362//3005
f 1366//3006 1531//3006 1363//3006
f 1365//3007 1363//3007 1369//3007
f 1363//3008 1531//3008 1369//3008
f 1367//3009 1365//3009 1369//3009
f 1360//3010 1356//3010 1362//3010
f 1367//3011 1369//3011 1372//3011
f 1371//3012 1367//3012 1372//3012
f 1369//3013 1531//3013 1372//3013
f 1531//3014 1378//3014 1372//3014
f 1374//3015 1371//3015 1375//3015
f 1371//3016 1372//3016 1375//3016
f 1354//3017 1383//3017 1362//3017
f 1359//3018 1353//3018 1373//3018
f 1348//3019 1370//3019 1368//3019
f 1372//3020 1378//3020 1375//3020
f 1376//3021 1374//3021 1375//3021
f 1353//3022 1348//3022 1368//3022
f 1352//3023 1349//3023 1360//3023
f 1362//3024 1383//3024 1379//3024
f 1376//3025 1375//3025 1378//3025
f 1360//3026 1362//3026 1380//3026
f 1376//3027 1378//3027 1381//3027
f 1353//3028 1368//3028 1382//3028
f 1378//3029 1384//3029 1381//3029
f 1352//3030 1360//3030 1385//3030
f 1361//3031 1352//3031 1385//3031
f 1368//3032 1370//3032 1377//3032
f 1381//3033 1384//3033 1389//3033
f 1353//3034 1382//3034 1373//3034
f 1368//3035 1377//3035 1386//3035
f 1391//3036 1390//3036 1389//3036
f 1384//3037 1392//3037 1391//3037
f 1389//3038 1384//3038 1391//3038
f 1368//3039 1386//3039 1382//3039
f 1394//3040 1381//3040 1389//3040
f 1390//3041 1394//3041 1389//3041
f 1391//3042 1392//3042 1397//3042
f 1380//3043 1362//3043 1379//3043
f 1377//3044 1395//3044 1386//3044
f 1382//3045 1386//3045 1396//3045
f 1361//3046 1385//3046 1363//3046
f 1360//3047 1380//3047 1399//3047
f 1385//3048 1360//3048 1399//3048
f 1364//3049 1361//3049 1363//3049
f 1396//3050 1386//3050 1398//3050
f 1386//3051 1395//3051 1398//3051
f 1383//3052 1858//3052 1379//3052
f 1380//3053 1379//3053 1403//3053
f 1249//3054 1248//3054 1402//3054
f 1252//3055 1250//3055 1401//3055
f 1250//3056 1249//3056 1402//3056
f 1396//3057 1398//3057 1350//3057
f 1395//3058 1405//3058 1398//3058
f 1350//3059 1398//3059 1351//3059
f 1401//3060 1250//3060 1404//3060
f 1248//3061 1251//3061 1406//3061
f 1363//3062 1385//3062 1399//3062
f 1250//3063 1402//3063 1404//3063
f 1402//3064 1248//3064 1406//3064
f 1399//3065 1380//3065 1403//3065
f 1351//3066 1405//3066 1358//3066
f 1365//3067 1364//3067 1363//3067
f 1405//3068 1407//3068 1358//3068
f 1363//3069 1399//3069 1366//3069
f 1402//3070 1406//3070 1370//3070
f 1402//3071 1348//3071 1404//3071
f 1403//3072 1379//3072 1387//3072
f 1858//3073 1388//3073 1387//3073
f 1359//3074 1401//3074 1404//3074
f 1379//3075 1858//3075 1387//3075
f 1358//3076 1407//3076 1356//3076
f 1382//3077 1396//3077 1373//3077
f 1404//3078 1348//3078 1353//3078
f 1407//3079 1354//3079 1356//3079
f 1373//3080 1396//3080 1393//3080
f 1402//3081 1370//3081 1348//3081
f 1393//3082 1396//3082 1400//3082
f 1400//3083 1396//3083 1350//3083
f 1400//3084 1350//3084 1346//3084
f 1398//3085 1405//3085 1351//3085
f 1400//3086 1346//3086 1347//3086
f 1408//3087 1414//3087 1411//3087
f 1413//3088 1410//3088 1434//3088
f 1411//3089 1414//3089 1416//3089
f 1411//3090 1416//3090 1417//3090
f 1413//3091 1417//3091 1410//3091
f 1421//3092 1422//3092 1425//3092
f 1423//3093 1424//3093 1425//3093
f 1420//3094 1419//3094 1414//3094
f 1414//3095 1421//3095 1420//3095
f 1408//3096 1428//3096 1429//3096
f 1420//3097 1416//3097 1419//3097
f 1425//3098 1399//3098 1403//3098
f 1426//3099 1428//3099 1408//3099
f 1430//3100 1422//3100 1421//3100
f 1408//3101 1427//3101 1426//3101
f 1409//3102 1441//3102 1433//3102
f 1427//3103 1408//3103 1411//3103
f 1435//3104 1441//3104 1409//3104
f 1422//3105 1423//3105 1425//3105
f 1414//3106 1419//3106 1416//3106
f 1408//3107 1429//3107 1436//3107
f 1432//3108 1421//3108 1437//3108
f 1433//3109 1410//3109 1409//3109
f 1433//3110 1434//3110 1410//3110
f 1415//3111 1412//3111 1410//3111
f 1408//3112 1421//3112 1414//3112
f 1424//3113 1440//3113 1425//3113
f 1439//3114 1435//3114 1409//3114
f 1439//3115 1438//3115 1435//3115
f 1411//3116 1417//3116 1413//3116
f 1432//3117 1430//3117 1421//3117
f 1418//3118 1415//3118 1410//3118
f 1412//3119 1439//3119 1409//3119
f 1425//3120 1387//3120 1421//3120
f 1418//3121 1410//3121 1417//3121
f 1403//3122 1387//3122 1425//3122
f 1434//3123 1433//3123 1431//3123
f 1431//3124 1433//3124 1441//3124
f 1411//3125 1434//3125 1427//3125
f 1437//3126 1408//3126 1436//3126
f 1387//3127 1420//3127 1421//3127
f 1408//3128 1437//3128 1421//3128
f 1434//3129 1411//3129 1413//3129
f 1409//3130 1410//3130 1412//3130
f 1427//3131 1434//3131 1431//3131
f 1442//3132 1443//3132 1392//3132
f 1392//3133 1443//3133 1397//3133
f 1449//3134 1450//3134 1448//3134
f 1447//3135 1448//3135 1464//3135
f 1450//3136 1426//3136 1427//3136
f 1452//3137 1435//3137 1460//3137
f 1462//3138 1444//3138 1457//3138
f 1458//3139 1464//3139 1461//3139
f 1452//3140 1460//3140 1457//3140
f 1461//3141 1464//3141 1463//3141
f 1425//3142 1440//3142 1471//3142
f 1466//3143 1458//3143 1461//3143
f 1461//3144 1463//3144 1473//3144
f 1463//3145 1444//3145 1473//3145
f 1471//3146 1399//3146 1425//3146
f 1444//3147 1463//3147 1452//3147
f 1478//3148 1475//3148 1480//3148
f 1480//3149 1466//3149 1451//3149
f 1481//3150 1449//3150 1448//3150
f 1444//3151 1452//3151 1457//3151
f 1477//3152 1392//3152 1384//3152
f 1483//3153 1477//3153 1482//3153
f 1445//3154 1487//3154 1486//3154
f 1487//3155 1539//3155 1489//3155
f 1491//3156 1489//3156 1488//3156
f 1494//3157 1493//3157 1487//3157
f 1487//3158 1489//3158 1494//3158
f 1488//3159 1495//3159 1491//3159
f 1493//3160 1499//3160 1498//3160
f 1489//3161 1500//3161 1494//3161
f 1472//3162 1501//3162 1471//3162
f 1496//3163 1493//3163 1494//3163
f 1491//3164 1495//3164 1502//3164
f 1500//3165 1489//3165 1504//3165
f 1489//3166 1491//3166 1504//3166
f 1502//3167 1507//3167 1491//3167
f 1504//3168 1491//3168 1507//3168
f 1496//3169 1505//3169 1506//3169
f 1497//3170 1506//3170 1503//3170
f 1496//3171 1494//3171 1505//3171
f 1509//3172 1505//3172 1500//3172
f 1505//3173 1494//3173 1500//3173
f 1499//3174 1456//3174 1498//3174
f 1456//3175 1510//3175 1498//3175
f 1507//3176 1508//3176 1504//3176
f 1508//3177 1512//3177 1504//3177
f 1506//3178 1505//3178 1470//3178
f 1505//3179 1514//3179 1470//3179
f 1514//3180 1505//3180 1513//3180
f 1514//3181 1517//3181 1516//3181
f 1507//3182 1502//3182 1518//3182
f 1521//3183 1474//3183 1522//3183
f 1523//3184 1514//3184 1513//3184
f 1514//3185 1523//3185 1517//3185
f 1513//3186 1515//3186 1523//3186
f 1440//3187 1490//3187 1471//3187
f 1488//3188 1481//3188 1495//3188
f 1507//3189 1518//3189 1508//3189
f 1524//3190 1542//3190 1525//3190
f 1523//3191 1515//3191 1526//3191
f 1519//3192 1526//3192 1515//3192
f 1528//3193 1523//3193 1527//3193
f 1502//3194 1511//3194 1518//3194
f 1366//3195 1399//3195 1471//3195
f 1533//3196 1535//3196 1477//3196
f 1495//3197 1447//3197 1511//3197
f 1458//3198 1466//3198 1475//3198
f 1455//3199 1475//3199 1478//3199
f 1468//3200 1479//3200 1463//3200
f 1468//3201 1431//3201 1479//3201
f 1478//3202 1536//3202 1454//3202
f 1471//3203 1501//3203 1530//3203
f 1477//3204 1471//3204 1530//3204
f 1479//3205 1435//3205 1452//3205
f 1466//3206 1446//3206 1451//3206
f 1531//3207 1366//3207 1471//3207
f 1530//3208 1533//3208 1477//3208
f 1485//3209 1483//3209 1484//3209
f 1506//3210 1497//3210 1496//3210
f 1495//3211 1511//3211 1502//3211
f 1513//3212 1505//3212 1509//3212
f 1378//3213 1477//3213 1384//3213
f 1523//3214 1528//3214 1529//3214
f 1444//3215 1462//3215 1446//3215
f 1460//3216 1435//3216 1438//3216
f 1442//3217 1477//3217 1483//3217
f 1537//3218 1526//3218 1519//3218
f 1526//3219 1537//3219 1538//3219
f 1442//3220 1392//3220 1477//3220
f 1482//3221 1484//3221 1483//3221
f 1484//3222 1492//3222 1445//3222
f 1488//3223 1539//3223 1492//3223
f 1445//3224 1539//3224 1487//3224
f 1539//3225 1488//3225 1489//3225
f 1540//3226 1486//3226 1493//3226
f 1493//3227 1486//3227 1487//3227
f 1540//3228 1493//3228 1498//3228
f 1499//3229 1493//3229 1497//3229
f 1493//3230 1496//3230 1497//3230
f 1510//3231 1540//3231 1498//3231
f 1541//3232 1449//3232 1481//3232
f 1499//3233 1497//3233 1503//3233
f 1453//3234 1447//3234 1458//3234
f 1485//3235 1484//3235 1445//3235
f 1459//3236 1456//3236 1499//3236
f 1486//3237 1485//3237 1445//3237
f 1539//3238 1445//3238 1492//3238
f 1506//3239 1467//3239 1465//3239
f 1459//3240 1499//3240 1503//3240
f 1469//3241 1459//3241 1503//3241
f 1500//3242 1504//3242 1509//3242
f 1504//3243 1512//3243 1509//3243
f 1469//3244 1503//3244 1465//3244
f 1508//3245 1520//3245 1512//3245
f 1474//3246 1469//3246 1465//3246
f 1474//3247 1465//3247 1467//3247
f 1509//3248 1512//3248 1513//3248
f 1503//3249 1506//3249 1465//3249
f 1474//3250 1521//3250 1469//3250
f 1516//3251 1470//3251 1514//3251
f 1512//3252 1520//3252 1519//3252
f 1490//3253 1472//3253 1471//3253
f 1513//3254 1512//3254 1515//3254
f 1506//3255 1470//3255 1467//3255
f 1515//3256 1512//3256 1519//3256
f 1542//3257 1476//3257 1517//3257
f 1524//3258 1476//3258 1542//3258
f 1532//3259 1537//3259 1520//3259
f 1474//3260 1467//3260 1476//3260
f 1517//3261 1525//3261 1542//3261
f 1467//3262 1470//3262 1516//3262
f 1476//3263 1467//3263 1516//3263
f 1492//3264 1541//3264 1481//3264
f 1488//3265 1492//3265 1481//3265
f 1532//3266 1520//3266 1508//3266
f 1517//3267 1476//3267 1516//3267
f 1527//3268 1523//3268 1526//3268
f 1534//3269 1455//3269 1518//3269
f 1455//3270 1508//3270 1518//3270
f 1481//3271 1447//3271 1495//3271
f 1518//3272 1453//3272 1534//3272
f 1474//3273 1476//3273 1524//3273
f 1454//3274 1532//3274 1455//3274
f 1537//3275 1519//3275 1520//3275
f 1518//3276 1511//3276 1453//3276
f 1522//3277 1474//3277 1524//3277
f 1531//3278 1471//3278 1378//3278
f 1471//3279 1477//3279 1378//3279
f 1450//3280 1427//3280 1448//3280
f 1447//3281 1464//3281 1458//3281
f 1525//3282 1517//3282 1529//3282
f 1534//3283 1453//3283 1475//3283
f 1464//3284 1448//3284 1468//3284
f 1468//3285 1463//3285 1464//3285
f 1453//3286 1458//3286 1475//3286
f 1448//3287 1427//3287 1468//3287
f 1455//3288 1534//3288 1475//3288
f 1529//3289 1517//3289 1523//3289
f 1468//3290 1427//3290 1431//3290
f 1535//3291 1482//3291 1477//3291
f 1466//3292 1461//3292 1473//3292
f 1454//3293 1455//3293 1478//3293
f 1508//3294 1455//3294 1532//3294
f 1466//3295 1480//3295 1475//3295
f 1431//3296 1441//3296 1479//3296
f 1452//3297 1463//3297 1479//3297
f 1538//3298 1537//3298 1532//3298
f 1473//3299 1444//3299 1446//3299
f 1536//3300 1538//3300 1532//3300
f 1536//3301 1532//3301 1454//3301
f 1435//3302 1479//3302 1441//3302
f 1466//3303 1473//3303 1446//3303
f 1447//3304 1453//3304 1511//3304
f 1481//3305 1448//3305 1447//3305
f 1526//3306 1538//3306 1548//3306
f 1550//3307 1543//3307 1521//3307
f 1546//3308 1547//3308 1527//3308
f 1548//3309 1545//3309 1526//3309
f 1469//3310 1544//3310 1459//3310
f 1521//3311 1543//3311 1469//3311
f 1526//3312 1545//3312 1546//3312
f 1522//3313 1553//3313 1521//3313
f 1553//3314 1550//3314 1521//3314
f 1527//3315 1526//3315 1546//3315
f 1543//3316 1544//3316 1469//3316
f 1554//3317 1555//3317 1529//3317
f 1528//3318 1527//3318 1549//3318
f 1527//3319 1547//3319 1549//3319
f 1529//3320 1528//3320 1549//3320
f 1549//3321 1554//3321 1529//3321
f 1525//3322 1529//3322 1555//3322
f 1544//3323 1551//3323 1459//3323
f 1525//3324 1555//3324 1556//3324
f 1524//3325 1525//3325 1556//3325
f 1552//3326 1456//3326 1551//3326
f 1459//3327 1551//3327 1456//3327
f 1524//3328 1556//3328 1522//3328
f 1556//3329 1553//3329 1522//3329
f 1552//3330 1510//3330 1456//3330
f 1557//3331 1548//3331 1538//3331
f 1439//3332 1412//3332 1560//3332
f 1561//3333 1562//3333 1560//3333
f 1439//3334 1560//3334 1563//3334
f 1438//3335 1439//3335 1563//3335
f 1560//3336 1562//3336 1563//3336
f 1460//3337 1438//3337 1563//3337
f 1562//3338 1564//3338 1563//3338
f 1460//3339 1563//3339 1565//3339
f 1457//3340 1460//3340 1565//3340
f 1462//3341 1457//3341 1565//3341
f 1564//3342 1565//3342 1563//3342
f 1446//3343 1462//3343 1565//3343
f 1566//3344 1446//3344 1565//3344
f 1567//3345 1569//3345 1568//3345
f 1416//3346 1567//3346 1568//3346
f 1569//3347 1570//3347 1573//3347
f 1571//3348 1303//3348 1306//3348
f 1568//3349 1569//3349 1573//3349
f 1570//3350 1574//3350 1572//3350
f 1570//3351 1572//3351 1573//3351
f 1574//3352 1577//3352 1575//3352
f 1575//3353 1577//3353 1576//3353
f 1577//3354 1578//3354 1576//3354
f 1576//3355 1578//3355 1558//3355
f 1810//3356 1571//3356 1579//3356
f 1578//3357 1581//3357 1580//3357
f 1558//3358 1578//3358 1580//3358
f 1810//3359 1579//3359 1580//3359
f 1581//3360 1810//3360 1580//3360
f 1583//3361 1571//3361 1307//3361
f 1583//3362 1579//3362 1571//3362
f 1579//3363 1559//3363 1580//3363
f 1559//3364 1558//3364 1580//3364
f 1568//3365 1582//3365 1416//3365
f 1576//3366 1558//3366 1584//3366
f 1584//3367 1585//3367 1576//3367
f 1307//3368 1308//3368 1583//3368
f 1308//3369 1588//3369 1583//3369
f 1559//3370 1587//3370 1589//3370
f 1583//3371 1588//3371 1587//3371
f 1588//3372 1589//3372 1587//3372
f 1558//3373 1559//3373 1593//3373
f 1478//3374 1480//3374 1591//3374
f 1584//3375 1558//3375 1593//3375
f 1591//3376 1480//3376 1594//3376
f 1480//3377 1451//3377 1594//3377
f 1594//3378 1451//3378 1596//3378
f 1589//3379 1597//3379 1559//3379
f 1451//3380 1446//3380 1596//3380
f 1559//3381 1597//3381 1593//3381
f 1596//3382 1446//3382 1566//3382
f 1593//3383 1595//3383 1584//3383
f 1571//3384 1306//3384 1307//3384
f 1602//3385 1592//3385 1601//3385
f 1418//3386 1417//3386 1590//3386
f 1603//3387 1606//3387 1590//3387
f 1604//3388 1605//3388 1601//3388
f 1601//3389 1605//3389 1602//3389
f 1606//3390 1418//3390 1590//3390
f 1592//3391 1602//3391 1603//3391
f 1602//3392 1607//3392 1603//3392
f 1415//3393 1418//3393 1606//3393
f 1607//3394 1608//3394 1603//3394
f 1606//3395 1603//3395 1608//3395
f 1609//3396 1561//3396 1560//3396
f 1579//3397 1583//3397 1587//3397
f 1579//3398 1587//3398 1559//3398
f 1568//3399 1573//3399 1582//3399
f 1573//3400 1586//3400 1582//3400
f 1575//3401 1576//3401 1585//3401
f 1585//3402 1598//3402 1575//3402
f 1573//3403 1598//3403 1586//3403
f 1592//3404 1590//3404 1582//3404
f 1592//3405 1582//3405 1586//3405
f 1309//3406 1588//3406 1308//3406
f 1416//3407 1582//3407 1417//3407
f 1582//3408 1590//3408 1417//3408
f 1601//3409 1598//3409 1604//3409
f 1598//3410 1599//3410 1604//3410
f 1590//3411 1592//3411 1603//3411
f 1585//3412 1595//3412 1599//3412
f 1600//3413 1567//3413 1420//3413
f 1567//3414 1416//3414 1420//3414
f 1598//3415 1573//3415 1572//3415
f 1574//3416 1598//3416 1572//3416
f 1598//3417 1574//3417 1575//3417
f 1585//3418 1599//3418 1598//3418
f 1598//3419 1601//3419 1586//3419
f 1601//3420 1592//3420 1586//3420
f 1584//3421 1595//3421 1585//3421
f 1412//3422 1415//3422 1606//3422
f 1606//3423 1608//3423 1560//3423
f 1608//3424 1609//3424 1560//3424
f 1412//3425 1606//3425 1560//3425
f 1613//3426 1319//3426 1317//3426
f 1305//3427 1617//3427 1304//3427
f 1317//3428 1332//3428 1613//3428
f 1301//3429 1614//3429 1616//3429
f 1323//3430 1300//3430 1610//3430
f 1617//3431 1620//3431 1304//3431
f 1323//3432 1610//3432 1611//3432
f 1618//3433 1610//3433 1300//3433
f 1304//3434 1620//3434 1618//3434
f 1619//3435 1305//3435 1302//3435
f 1299//3436 1615//3436 1614//3436
f 1305//3437 1619//3437 1617//3437
f 1321//3438 1323//3438 1611//3438
f 1618//3439 1300//3439 1304//3439
f 1302//3440 1616//3440 1619//3440
f 1322//3441 1615//3441 1299//3441
f 1299//3442 1614//3442 1301//3442
f 1616//3443 1302//3443 1301//3443
f 1320//3444 1612//3444 1318//3444
f 1611//3445 1621//3445 1321//3445
f 1321//3446 1621//3446 1320//3446
f 1621//3447 1612//3447 1320//3447
f 1615//3448 1322//3448 1319//3448
f 1613//3449 1615//3449 1319//3449
f 1623//3450 1627//3450 1312//3450
f 1624//3451 1622//3451 1315//3451
f 1316//3452 1626//3452 1315//3452
f 1626//3453 1624//3453 1315//3453
f 1622//3454 1625//3454 1314//3454
f 1628//3455 1316//3455 1318//3455
f 1315//3456 1622//3456 1314//3456
f 1628//3457 1318//3457 1612//3457
f 1625//3458 1623//3458 1313//3458
f 1623//3459 1312//3459 1313//3459
f 1625//3460 1313//3460 1314//3460
f 1628//3461 1626//3461 1316//3461
f 1629//3462 1600//3462 1420//3462
f 1388//3463 1629//3463 1387//3463
f 1387//3464 1629//3464 1420//3464
f 1478//3465 1591//3465 1536//3465
f 1536//3466 1591//3466 1557//3466
f 1536//3467 1557//3467 1538//3467
f 1632//3468 1634//3468 1633//3468
f 1632//3469 1648//3469 1634//3469
f 1637//3470 1630//3470 1631//3470
f 1637//3471 1631//3471 1638//3471
f 1639//3472 1633//3472 1640//3472
f 1903//3473 1635//3473 1636//3473
f 1639//3474 1632//3474 1633//3474
f 1340//3475 1637//3475 1638//3475
f 1903//3476 1636//3476 1641//3476
f 1642//3477 1639//3477 1640//3477
f 1643//3478 1903//3478 1641//3478
f 1642//3479 1640//3479 1644//3479
f 1645//3480 1329//3480 1646//3480
f 1645//3481 1328//3481 1329//3481
f 1647//3482 1642//3482 1644//3482
f 1648//3483 1643//3483 1641//3483
f 1647//3484 1644//3484 1649//3484
f 1648//3485 1641//3485 1634//3485
f 1650//3486 1647//3486 1649//3486
f 1635//3487 1645//3487 1646//3487
f 1635//3488 1646//3488 1636//3488
f 1630//3489 1650//3489 1649//3489
f 1630//3490 1649//3490 1631//3490
f 1329//3491 1213//3491 1211//3491
f 1654//3492 1631//3492 1649//3492
f 1653//3493 1654//3493 1649//3493
f 1652//3494 1329//3494 1211//3494
f 1652//3495 1646//3495 1329//3495
f 1653//3493 1649//3493 1644//3493
f 1654//3496 1655//3496 1638//3496
f 1653//3497 1644//3497 1640//3497
f 1655//3498 1345//3498 1638//3498
f 1654//3499 1638//3499 1631//3499
f 1652//3500 1636//3500 1646//3500
f 1652//3501 1641//3501 1636//3501
f 1652//3501 1634//3501 1641//3501
f 1652//3502 1633//3502 1634//3502
f 1652//3502 1640//3502 1633//3502
f 1652//3503 1653//3503 1640//3503
f 1651//3504 1653//3504 1652//3504
f 1540//3505 1510//3505 1486//3505
f 1510//3506 1552//3506 1486//3506
f 1486//3507 1552//3507 1656//3507
f 1552//3508 1657//3508 1656//3508
f 1657//3509 1658//3509 1656//3509
f 1656//3510 1658//3510 1659//3510
f 1266//3511 1658//3511 1280//3511
f 1659//3512 1658//3512 1266//3512
f 1659//3513 1266//3513 1660//3513
f 1658//3514 2156//3514 1280//3514
f 1485//3515 1486//3515 1656//3515
f 1483//3516 1485//3516 1666//3516
f 1191//3517 1197//3517 1669//3517
f 1278//3518 1667//3518 1267//3518
f 1267//3519 1670//3519 1668//3519
f 1670//3520 1671//3520 1668//3520
f 1671//3521 1443//3521 1672//3521
f 1191//3522 1669//3522 1673//3522
f 1668//3523 1671//3523 1672//3523
f 1191//3524 1673//3524 1192//3524
f 1192//3525 1673//3525 1195//3525
f 1672//3526 1443//3526 1483//3526
f 1195//3527 1673//3527 1674//3527
f 1443//3528 1442//3528 1483//3528
f 1267//3529 1667//3529 1670//3529
f 1195//3530 1674//3530 1675//3530
f 1195//3531 1675//3531 1194//3531
f 1194//3532 1675//3532 1676//3532
f 1194//3533 1676//3533 1283//3533
f 1262//3534 1261//3534 1677//3534
f 1282//3535 1283//3535 1667//3535
f 1283//3536 1676//3536 1667//3536
f 1282//3537 1667//3537 1278//3537
f 1261//3538 1267//3538 1668//3538
f 1677//3539 1261//3539 1668//3539
f 1678//3540 1682//3540 1725//3540
f 1684//3541 1679//3541 1330//3541
f 1685//3542 1682//3542 1678//3542
f 1685//3543 1678//3543 1679//3543
f 1685//3544 1687//3544 1682//3544
f 1688//3545 1681//3545 1686//3545
f 1689//3546 1688//3546 1686//3546
f 1687//3547 1689//3547 1686//3547
f 1548//3548 1557//3548 1691//3548
f 1689//3549 1658//3549 1688//3549
f 1657//3550 1688//3550 1658//3550
f 1689//3551 1693//3551 1658//3551
f 1547//3552 1695//3552 1554//3552
f 1547//3553 1554//3553 1549//3553
f 1694//3554 1691//3554 1724//3554
f 1696//3555 1547//3555 1546//3555
f 1696//3556 1695//3556 1547//3556
f 1698//3557 1545//3557 1548//3557
f 1554//3558 1695//3558 1699//3558
f 1696//3559 1700//3559 1695//3559
f 1695//3560 1700//3560 1699//3560
f 1546//3561 1545//3561 1698//3561
f 1697//3562 1554//3562 1699//3562
f 1696//3563 1702//3563 1701//3563
f 1702//3564 1691//3564 1694//3564
f 1700//3565 1696//3565 1701//3565
f 1705//3566 1702//3566 1694//3566
f 1704//3567 1699//3567 1700//3567
f 1710//3568 1705//3568 1694//3568
f 1709//3569 1708//3569 1704//3569
f 1710//3570 1694//3570 1703//3570
f 1710//3571 1702//3571 1705//3571
f 1706//3572 1553//3572 1556//3572
f 1713//3573 1710//3573 1703//3573
f 1712//3574 1715//3574 1714//3574
f 1701//3575 1702//3575 1710//3575
f 1708//3576 1718//3576 1706//3576
f 1712//3577 1701//3577 1710//3577
f 1707//3578 1713//3578 1703//3578
f 1712//3579 1710//3579 1713//3579
f 1716//3580 1714//3580 1715//3580
f 1717//3581 1709//3581 1716//3581
f 1713//3582 1715//3582 1712//3582
f 1718//3583 1553//3583 1706//3583
f 1715//3584 1719//3584 1716//3584
f 1715//3585 1713//3585 1707//3585
f 1331//3586 1715//3586 1707//3586
f 1719//3587 1715//3587 1331//3587
f 1691//3588 1698//3588 1548//3588
f 1691//3589 1702//3589 1698//3589
f 1722//3590 1718//3590 1720//3590
f 1719//3591 1679//3591 1717//3591
f 1696//3592 1546//3592 1698//3592
f 1331//3593 1330//3593 1719//3593
f 1696//3594 1698//3594 1702//3594
f 1706//3595 1555//3595 1697//3595
f 1686//3596 1681//3596 1680//3596
f 1683//3597 1686//3597 1680//3597
f 1544//3598 1681//3598 1551//3598
f 1336//3599 1690//3599 1684//3599
f 1688//3600 1551//3600 1681//3600
f 1690//3601 1336//3601 1723//3601
f 1690//3602 1723//3602 1693//3602
f 1690//3603 1693//3603 1692//3603
f 1552//3604 1551//3604 1657//3604
f 1688//3605 1657//3605 1551//3605
f 1699//3606 1704//3606 1697//3606
f 1714//3607 1700//3607 1701//3607
f 1711//3608 1700//3608 1714//3608
f 1714//3609 1701//3609 1712//3609
f 1709//3610 1704//3610 1711//3610
f 1697//3611 1555//3611 1554//3611
f 1711//3612 1714//3612 1716//3612
f 1708//3613 1709//3613 1720//3613
f 1556//3614 1555//3614 1706//3614
f 1708//3615 1720//3615 1718//3615
f 1719//3616 1717//3616 1716//3616
f 1553//3617 1718//3617 1722//3617
f 1704//3618 1706//3618 1697//3618
f 1683//3619 1722//3619 1720//3619
f 1680//3620 1543//3620 1550//3620
f 1722//3621 1683//3621 1680//3621
f 1708//3622 1706//3622 1704//3622
f 1681//3623 1544//3623 1543//3623
f 1681//3624 1543//3624 1680//3624
f 1686//3625 1683//3625 1682//3625
f 1330//3626 1336//3626 1684//3626
f 1684//3627 1685//3627 1679//3627
f 1686//3628 1682//3628 1687//3628
f 1685//3629 1692//3629 1689//3629
f 1685//3630 1689//3630 1687//3630
f 1684//3631 1690//3631 1692//3631
f 1684//3632 1692//3632 1685//3632
f 1689//3633 1692//3633 1693//3633
f 1700//3634 1711//3634 1704//3634
f 1720//3635 1709//3635 1721//3635
f 1716//3636 1709//3636 1711//3636
f 1717//3637 1721//3637 1709//3637
f 1722//3638 1550//3638 1553//3638
f 1721//3639 1717//3639 1679//3639
f 1725//3640 1720//3640 1721//3640
f 1680//3641 1550//3641 1722//3641
f 1683//3642 1720//3642 1725//3642
f 1678//3643 1725//3643 1721//3643
f 1330//3644 1679//3644 1719//3644
f 1678//3645 1721//3645 1679//3645
f 1682//3646 1683//3646 1725//3646
f 1591//3647 1691//3647 1557//3647
f 1726//3648 1691//3648 1591//3648
f 1726//3649 1724//3649 1691//3649
f 1727//3650 1724//3650 1726//3650
f 1727//3651 1694//3651 1724//3651
f 1728//3652 1703//3652 1694//3652
f 1728//3653 1694//3653 1727//3653
f 1729//3654 1703//3654 1728//3654
f 1729//3655 1707//3655 1703//3655
f 1730//3656 1707//3656 1729//3656
f 1730//3657 1331//3657 1707//3657
f 1332//3658 1331//3658 1730//3658
f 1731//3659 1591//3659 1594//3659
f 1613//3660 1774//3660 1615//3660
f 1726//3661 1591//3661 1731//3661
f 1727//3662 1726//3662 1731//3662
f 1727//3663 1731//3663 1732//3663
f 1735//3664 1733//3664 1778//3664
f 1734//3665 1564//3665 1562//3665
f 1740//3666 1735//3666 1778//3666
f 1741//3667 1742//3667 1738//3667
f 1748//3668 1746//3668 1745//3668
f 1749//3669 1564//3669 1734//3669
f 1747//3670 1740//3670 1750//3670
f 1752//3671 1751//3671 1748//3671
f 1612//3672 1747//3672 1750//3672
f 1754//3673 1733//3673 1735//3673
f 1749//3674 1734//3674 1733//3674
f 1755//3675 1753//3675 1752//3675
f 1755//3676 1756//3676 1753//3676
f 1760//3677 1735//3677 1740//3677
f 1760//3678 1754//3678 1735//3678
f 1754//3679 1749//3679 1733//3679
f 1728//3680 1727//3680 1761//3680
f 1747//3681 1760//3681 1740//3681
f 1736//3682 1738//3682 1762//3682
f 1736//3683 1737//3683 1738//3683
f 1737//3684 1736//3684 1763//3684
f 1738//3685 1764//3685 1762//3685
f 1736//3686 1749//3686 1754//3686
f 1736//3687 1762//3687 1749//3687
f 1743//3688 1737//3688 1739//3688
f 1621//3689 1747//3689 1612//3689
f 1610//3690 1743//3690 1739//3690
f 1741//3691 1743//3691 1744//3691
f 1766//3692 1760//3692 1747//3692
f 1618//3693 1744//3693 1743//3693
f 1765//3694 1564//3694 1749//3694
f 1763//3695 1736//3695 1754//3695
f 1763//3696 1754//3696 1760//3696
f 1765//3697 1565//3697 1564//3697
f 1762//3698 1765//3698 1749//3698
f 1621//3699 1766//3699 1747//3699
f 1748//3700 1745//3700 1767//3700
f 1746//3701 1748//3701 1751//3701
f 1766//3702 1763//3702 1760//3702
f 1611//3703 1766//3703 1621//3703
f 1752//3704 1748//3704 1771//3704
f 1751//3705 1752//3705 1753//3705
f 1739//3706 1763//3706 1766//3706
f 1764//3707 1765//3707 1762//3707
f 1757//3708 1756//3708 1758//3708
f 1611//3709 1739//3709 1766//3709
f 1759//3710 1758//3710 1756//3710
f 1758//3711 1732//3711 1757//3711
f 1761//3712 1732//3712 1758//3712
f 1761//3713 1727//3713 1732//3713
f 1768//3714 1761//3714 1758//3714
f 1728//3715 1761//3715 1768//3715
f 1769//3716 1765//3716 1764//3716
f 1770//3717 1565//3717 1765//3717
f 1739//3718 1737//3718 1763//3718
f 1741//3719 1738//3719 1737//3719
f 1741//3720 1737//3720 1743//3720
f 1769//3721 1770//3721 1765//3721
f 1771//3722 1748//3722 1767//3722
f 1755//3723 1752//3723 1772//3723
f 1770//3724 1566//3724 1565//3724
f 1769//3725 1764//3725 1738//3725
f 1618//3726 1743//3726 1610//3726
f 1768//3727 1758//3727 1759//3727
f 1768//3728 1759//3728 1774//3728
f 1742//3729 1769//3729 1738//3729
f 1775//3730 1770//3730 1769//3730
f 1729//3731 1728//3731 1768//3731
f 1729//3732 1768//3732 1730//3732
f 1776//3733 1742//3733 1741//3733
f 1746//3734 1775//3734 1769//3734
f 1776//3735 1741//3735 1744//3735
f 1775//3736 1566//3736 1770//3736
f 1742//3737 1746//3737 1769//3737
f 1771//3738 1767//3738 1777//3738
f 1772//3739 1752//3739 1771//3739
f 1773//3740 1755//3740 1772//3740
f 1620//3741 1776//3741 1744//3741
f 1745//3742 1742//3742 1776//3742
f 1745//3743 1746//3743 1742//3743
f 1730//3744 1768//3744 1774//3744
f 1779//3745 1776//3745 1620//3745
f 1739//3746 1611//3746 1610//3746
f 1767//3747 1745//3747 1776//3747
f 1744//3748 1618//3748 1620//3748
f 1779//3749 1619//3749 1767//3749
f 1751//3750 1775//3750 1746//3750
f 1777//3751 1767//3751 1619//3751
f 1772//3752 1771//3752 1777//3752
f 1779//3753 1767//3753 1776//3753
f 1773//3754 1772//3754 1614//3754
f 1773//3755 1614//3755 1615//3755
f 1617//3756 1779//3756 1620//3756
f 1774//3757 1759//3757 1615//3757
f 1730//3758 1774//3758 1613//3758
f 1751//3759 1780//3759 1775//3759
f 1780//3760 1566//3760 1775//3760
f 1740//3761 1778//3761 1793//3761
f 1619//3762 1779//3762 1617//3762
f 1780//3763 1596//3763 1566//3763
f 1332//3764 1730//3764 1613//3764
f 1753//3765 1780//3765 1751//3765
f 1616//3766 1777//3766 1619//3766
f 1616//3767 1772//3767 1777//3767
f 1781//3768 1596//3768 1780//3768
f 1757//3769 1781//3769 1780//3769
f 1757//3770 1780//3770 1753//3770
f 1781//3771 1594//3771 1596//3771
f 1614//3772 1772//3772 1616//3772
f 1756//3773 1757//3773 1753//3773
f 1759//3774 1756//3774 1755//3774
f 1731//3775 1594//3775 1781//3775
f 1759//3776 1755//3776 1773//3776
f 1615//3777 1759//3777 1773//3777
f 1732//3778 1781//3778 1757//3778
f 1732//3779 1731//3779 1781//3779
f 1783//3780 1785//3780 1784//3780
f 1561//3781 1609//3781 1783//3781
f 1784//3782 1786//3782 1782//3782
f 1786//3783 1626//3783 1782//3783
f 1624//3784 1786//3784 1789//3784
f 1787//3785 1625//3785 1799//3785
f 1788//3786 1786//3786 1785//3786
f 1788//3787 1785//3787 1783//3787
f 1787//3788 1623//3788 1625//3788
f 1791//3789 1627//3789 1623//3789
f 1789//3790 1622//3790 1624//3790
f 1788//3791 1783//3791 1792//3791
f 1628//3792 1612//3792 1750//3792
f 1789//3793 1788//3793 1794//3793
f 1789//3794 1794//3794 1622//3794
f 1608//3795 1790//3795 1609//3795
f 1796//3796 1794//3796 1788//3796
f 1792//3797 1797//3797 1788//3797
f 1608//3798 1798//3798 1790//3798
f 1798//3799 1797//3799 1792//3799
f 1796//3800 1788//3800 1797//3800
f 1597//3801 1802//3801 1593//3801
f 1597//3802 1791//3802 1802//3802
f 1589//3803 1791//3803 1597//3803
f 1796//3804 1803//3804 1799//3804
f 1803//3805 1796//3805 1797//3805
f 1804//3806 1791//3806 1588//3806
f 1798//3807 1805//3807 1797//3807
f 1608//3808 1607//3808 1798//3808
f 1799//3809 1803//3809 1787//3809
f 1805//3810 1798//3810 1607//3810
f 1795//3811 1778//3811 1733//3811
f 1805//3812 1605//3812 1806//3812
f 1605//3813 1805//3813 1602//3813
f 1595//3814 1807//3814 1599//3814
f 1750//3815 1740//3815 1793//3815
f 1562//3816 1795//3816 1734//3816
f 1793//3817 1782//3817 1750//3817
f 1784//3818 1793//3818 1778//3818
f 1626//3819 1628//3819 1782//3819
f 1624//3820 1626//3820 1786//3820
f 1784//3821 1785//3821 1786//3821
f 1783//3822 1609//3822 1790//3822
f 1788//3823 1789//3823 1786//3823
f 1790//3824 1792//3824 1783//3824
f 1794//3825 1625//3825 1622//3825
f 1792//3826 1790//3826 1798//3826
f 1799//3827 1625//3827 1794//3827
f 1799//3828 1794//3828 1796//3828
f 1806//3829 1803//3829 1797//3829
f 1806//3830 1797//3830 1805//3830
f 1805//3831 1607//3831 1602//3831
f 1787//3832 1803//3832 1800//3832
f 1800//3833 1803//3833 1806//3833
f 1787//3834 1800//3834 1801//3834
f 1807//3835 1806//3835 1605//3835
f 1807//3836 1800//3836 1806//3836
f 1801//3837 1623//3837 1787//3837
f 1807//3838 1605//3838 1604//3838
f 1623//3839 1801//3839 1802//3839
f 1595//3840 1800//3840 1807//3840
f 1801//3841 1800//3841 1595//3841
f 1807//3842 1604//3842 1599//3842
f 1593//3843 1802//3843 1801//3843
f 1623//3844 1802//3844 1791//3844
f 1593//3845 1801//3845 1595//3845
f 1588//3846 1791//3846 1589//3846
f 1804//3847 1627//3847 1791//3847
f 1804//3848 1312//3848 1627//3848
f 1588//3849 1309//3849 1804//3849
f 1309//3850 1312//3850 1804//3850
f 1733//3851 1734//3851 1795//3851
f 1782//3852 1628//3852 1750//3852
f 1784//3853 1782//3853 1793//3853
f 1561//3854 1795//3854 1562//3854
f 1795//3855 1784//3855 1778//3855
f 1561//3856 1783//3856 1795//3856
f 1784//3857 1795//3857 1783//3857
f 1813//3858 1810//3858 1811//3858
f 1571//3859 1810//3859 1812//3859
f 1812//3860 1810//3860 1813//3860
f 1812//3861 1813//3861 1289//3861
f 1289//3862 1813//3862 1285//3862
f 1818//3863 1574//3863 1570//3863
f 1816//3864 1817//3864 1821//3864
f 1285//3865 1822//3865 1808//3865
f 1809//3866 1820//3866 1822//3866
f 1285//3867 1809//3867 1822//3867
f 1823//3868 1819//3868 1815//3868
f 1569//3869 1567//3869 1600//3869
f 1574//3870 1824//3870 1577//3870
f 1824//3871 1820//3871 1809//3871
f 1577//3872 1825//3872 1578//3872
f 1577//3873 1824//3873 1809//3873
f 1825//3874 1577//3874 1809//3874
f 1811//3875 1581//3875 1825//3875
f 1811//3876 1825//3876 1809//3876
f 1811//3877 1810//3877 1581//3877
f 1569//3878 1826//3878 1570//3878
f 1808//3879 1288//3879 1285//3879
f 1285//3880 1811//3880 1809//3880
f 1811//3881 1285//3881 1813//3881
f 1826//3882 1818//3882 1570//3882
f 1821//3883 1808//3883 1822//3883
f 1818//3884 1826//3884 1820//3884
f 1289//3885 1294//3885 1812//3885
f 1818//3886 1820//3886 1824//3886
f 1303//3887 1571//3887 1812//3887
f 1824//3888 1574//3888 1818//3888
f 1825//3889 1581//3889 1578//3889
f 1812//3890 1294//3890 1303//3890
f 1823//3891 1820//3891 1826//3891
f 1814//3892 1569//3892 1600//3892
f 1569//3893 1814//3893 1819//3893
f 1814//3894 1815//3894 1819//3894
f 1816//3895 1823//3895 1815//3895
f 1823//3896 1816//3896 1821//3896
f 1569//3897 1819//3897 1826//3897
f 1288//3898 1808//3898 1817//3898
f 1823//3899 1826//3899 1819//3899
f 1821//3900 1817//3900 1808//3900
f 1821//3901 1820//3901 1823//3901
f 1822//3902 1820//3902 1821//3902
f 1831//3903 1629//3903 1388//3903
f 1830//3904 1831//3904 1388//3904
f 1835//3905 1837//3905 1814//3905
f 1833//3906 1832//3906 1817//3906
f 1839//3907 1827//3907 1830//3907
f 1629//3908 1835//3908 1600//3908
f 1833//3909 1842//3909 1832//3909
f 1840//3910 1842//3910 1833//3910
f 1834//3911 1843//3911 1836//3911
f 1840//3912 1816//3912 1838//3912
f 1840//3913 1845//3913 1842//3913
f 1839//3914 1841//3914 1849//3914
f 1847//3915 1837//3915 1629//3915
f 1837//3916 1846//3916 1838//3916
f 1837//3917 1815//3917 1814//3917
f 1848//3918 1856//3918 1286//3918
f 1846//3919 1853//3919 1838//3919
f 1845//3920 1288//3920 1832//3920
f 1845//3921 1832//3921 1842//3921
f 1855//3922 1829//3922 1854//3922
f 1847//3923 1629//3923 1831//3923
f 1828//3924 1854//3924 1829//3924
f 1845//3925 1286//3925 1288//3925
f 1853//3926 1855//3926 1852//3926
f 1834//3927 1827//3927 1839//3927
f 1830//3928 1853//3928 1846//3928
f 1830//3929 1847//3929 1831//3929
f 1839//3930 1843//3930 1834//3930
f 1854//3931 1828//3931 1845//3931
f 1849//3932 1841//3932 1851//3932
f 1841//3933 1844//3933 1851//3933
f 1848//3934 1836//3934 1843//3934
f 1828//3935 1286//3935 1845//3935
f 1836//3936 1848//3936 1286//3936
f 1830//3937 1827//3937 1853//3937
f 1829//3938 1855//3938 1827//3938
f 1829//3939 1827//3939 1834//3939
f 1817//3940 1832//3940 1288//3940
f 1817//3941 1816//3941 1833//3941
f 1835//3942 1814//3942 1600//3942
f 1838//3943 1815//3943 1837//3943
f 1838//3944 1816//3944 1815//3944
f 1816//3945 1840//3945 1833//3945
f 1841//3946 1839//3946 1830//3946
f 1839//3947 1849//3947 1843//3947
f 1844//3948 1841//3948 1830//3948
f 1844//3949 1830//3949 1388//3949
f 1850//3950 1848//3950 1843//3950
f 1850//3951 1843//3951 1849//3951
f 1846//3952 1847//3952 1830//3952
f 1837//3953 1835//3953 1629//3953
f 1837//3954 1847//3954 1846//3954
f 1853//3955 1827//3955 1855//3955
f 1840//3956 1852//3956 1845//3956
f 1852//3957 1840//3957 1838//3957
f 1838//3958 1853//3958 1852//3958
f 1852//3959 1854//3959 1845//3959
f 1855//3960 1854//3960 1852//3960
f 1836//3961 1828//3961 1829//3961
f 1836//3962 1829//3962 1834//3962
f 1836//3963 1286//3963 1828//3963
f 1844//3964 1858//3964 1851//3964
f 1850//3965 1849//3965 1851//3965
f 1857//3966 1851//3966 1858//3966
f 1857//3967 1850//3967 1851//3967
f 1388//3968 1858//3968 1844//3968
f 1850//3969 1859//3969 1848//3969
f 1850//3970 1860//3970 1859//3970
f 1858//3971 1383//3971 1861//3971
f 1857//3972 1860//3972 1850//3972
f 1860//3973 1857//3973 1861//3973
f 1297//3974 1863//3974 1292//3974
f 1865//3975 1292//3975 1863//3975
f 1868//3976 1864//3976 1867//3976
f 1865//3977 1863//3977 1866//3977
f 1354//3978 1861//3978 1383//3978
f 1405//3979 1867//3979 1407//3979
f 1866//3980 1377//3980 1865//3980
f 1395//3981 1866//3981 1868//3981
f 1869//3982 1406//3982 1251//3982
f 1253//3983 1292//3983 1869//3983
f 1406//3984 1869//3984 1865//3984
f 1251//3985 1253//3985 1869//3985
f 1859//3986 1856//3986 1848//3986
f 1297//3987 1286//3987 1856//3987
f 1863//3988 1297//3988 1864//3988
f 1866//3989 1863//3989 1864//3989
f 1867//3990 1864//3990 1862//3990
f 1868//3991 1866//3991 1864//3991
f 1868//3992 1867//3992 1405//3992
f 1405//3993 1395//3993 1868//3993
f 1857//3994 1858//3994 1861//3994
f 1862//3995 1856//3995 1859//3995
f 1860//3996 1862//3996 1859//3996
f 1856//3997 1862//3997 1864//3997
f 1870//3998 1860//3998 1861//3998
f 1297//3999 1856//3999 1864//3999
f 1870//4000 1861//4000 1354//4000
f 1870//4001 1862//4001 1860//4001
f 1870//4002 1354//4002 1407//4002
f 1867//4003 1862//4003 1870//4003
f 1867//4004 1870//4004 1407//4004
f 1377//4005 1866//4005 1395//4005
f 1865//4006 1869//4006 1292//4006
f 1370//4007 1865//4007 1377//4007
f 1370//4008 1406//4008 1865//4008
f 1671//4009 1871//4009 1397//4009
f 1671//4010 1397//4010 1443//4010
f 1670//4011 1871//4011 1671//4011
f 1872//4012 1873//4012 1871//4012
f 1872//4013 1871//4013 1670//4013
f 1874//4014 1873//4014 1872//4014
f 1874//4015 1875//4015 1873//4015
f 1874//4016 1328//4016 1875//4016
f 1876//4017 1328//4017 1874//4017
f 1877//4018 1908//4018 1878//4018
f 1877//4019 1645//4019 1908//4019
f 1880//4020 1881//4020 1879//4020
f 1882//4021 1877//4021 1878//4021
f 1391//4022 1879//4022 1390//4022
f 1391//4023 1880//4023 1879//4023
f 1882//4024 1878//4024 1881//4024
f 1883//4025 1882//4025 1881//4025
f 1880//4026 1883//4026 1881//4026
f 1875//4027 1328//4027 1645//4027
f 1875//4028 1645//4028 1877//4028
f 1873//4029 1875//4029 1877//4029
f 1873//4030 1877//4030 1882//4030
f 1871//4031 1883//4031 1880//4031
f 1871//4032 1873//4032 1882//4032
f 1871//4033 1882//4033 1883//4033
f 1397//4034 1871//4034 1880//4034
f 1397//4035 1880//4035 1391//4035
f 1884//4036 1637//4036 1340//4036
f 1884//4037 1340//4037 1885//4037
f 1886//4038 1884//4038 1885//4038
f 1887//4039 1886//4039 1885//4039
f 1889//4040 1886//4040 1887//4040
f 1888//4041 1887//4041 1371//4041
f 1888//4042 1889//4042 1887//4042
f 1374//4043 1888//4043 1371//4043
f 1893//4044 1639//4044 1642//4044
f 1893//4045 1632//4045 1639//4045
f 1895//4046 1893//4046 1894//4046
f 1896//4047 1630//4047 1637//4047
f 1896//4048 1637//4048 1884//4048
f 1899//4049 1896//4049 1884//4049
f 1897//4050 1895//4050 1898//4050
f 1648//4051 1900//4051 1643//4051
f 1897//4052 1900//4052 1648//4052
f 1899//4053 1884//4053 1889//4053
f 1900//4054 1897//4054 1898//4054
f 1898//4055 1895//4055 1901//4055
f 1901//4056 1902//4056 1904//4056
f 1901//4057 1904//4057 1898//4057
f 1900//4058 1903//4058 1643//4058
f 1900//4059 1898//4059 1904//4059
f 1905//4060 1899//4060 1889//4060
f 1906//4061 1394//4061 1390//4061
f 1900//4062 1907//4062 1903//4062
f 1905//4063 1889//4063 1888//4063
f 1890//4064 1630//4064 1896//4064
f 1909//4065 1905//4065 1888//4065
f 1890//4066 1650//4066 1630//4066
f 1910//4067 1890//4067 1896//4067
f 1910//4068 1896//4068 1899//4068
f 1374//4069 1909//4069 1888//4069
f 1905//4070 1910//4070 1899//4070
f 1890//4071 1647//4071 1650//4071
f 1891//4072 1647//4072 1890//4072
f 1891//4073 1892//4073 1647//4073
f 1376//4074 1909//4074 1374//4074
f 1647//4075 1892//4075 1642//4075
f 1912//4076 1891//4076 1910//4076
f 1893//4077 1642//4077 1892//4077
f 1912//4078 1910//4078 1905//4078
f 1913//4079 1912//4079 1905//4079
f 1900//4080 1904//4080 1907//4080
f 1909//4081 1913//4081 1905//4081
f 1912//4082 1892//4082 1891//4082
f 1340//4083 1911//4083 1885//4083
f 1915//4084 1913//4084 1909//4084
f 1381//4085 1915//4085 1909//4085
f 1381//4086 1909//4086 1376//4086
f 1916//4087 1892//4087 1912//4087
f 1917//4088 1916//4088 1912//4088
f 1917//4089 1912//4089 1913//4089
f 1916//4090 1893//4090 1892//4090
f 1916//4091 1894//4091 1893//4091
f 1915//4092 1917//4092 1913//4092
f 1890//4093 1910//4093 1891//4093
f 1895//4094 1632//4094 1893//4094
f 1918//4095 1917//4095 1915//4095
f 1919//4096 1894//4096 1916//4096
f 1919//4097 1916//4097 1917//4097
f 1394//4098 1915//4098 1381//4098
f 1394//4099 1918//4099 1915//4099
f 1897//4100 1648//4100 1632//4100
f 1897//4101 1632//4101 1895//4101
f 1918//4102 1919//4102 1917//4102
f 1901//4103 1894//4103 1919//4103
f 1901//4104 1895//4104 1894//4104
f 1902//4105 1901//4105 1919//4105
f 1889//4106 1884//4106 1886//4106
f 1902//4107 1919//4107 1918//4107
f 1906//4108 1902//4108 1918//4108
f 1394//4109 1906//4109 1918//4109
f 1908//4110 1635//4110 1903//4110
f 1914//4111 1904//4111 1902//4111
f 1879//4112 1902//4112 1906//4112
f 1908//4113 1903//4113 1907//4113
f 1390//4114 1879//4114 1906//4114
f 1879//4115 1914//4115 1902//4115
f 1878//4116 1908//4116 1907//4116
f 1881//4117 1907//4117 1904//4117
f 1881//4118 1878//4118 1907//4118
f 1881//4119 1904//4119 1914//4119
f 1879//4120 1881//4120 1914//4120
f 1645//4121 1635//4121 1908//4121
f 1925//4122 1911//4122 1339//4122
f 1922//4123 1911//4123 1925//4123
f 1923//4124 1926//4124 1920//4124
f 1922//4125 1926//4125 1923//4125
f 1926//4126 1924//4126 1920//4126
f 1343//4127 1925//4127 1339//4127
f 1922//4128 1925//4128 1927//4128
f 1361//4129 1364//4129 1936//4129
f 1928//4130 1361//4130 1936//4130
f 1922//4131 1927//4131 1931//4131
f 1922//4132 1931//4132 1926//4132
f 1931//4133 1929//4133 1926//4133
f 1929//4134 1932//4134 1924//4134
f 1929//4135 1931//4135 1933//4135
f 1931//4136 1935//4136 1933//4136
f 1933//4137 1934//4137 1929//4137
f 1932//4138 1929//4138 1934//4138
f 1928//4139 1355//4139 1361//4139
f 1936//4140 1932//4140 1934//4140
f 1347//4141 1355//4141 1939//4141
f 1933//4142 1935//4142 1941//4142
f 1933//4143 1941//4143 1934//4143
f 1936//4144 1365//4144 1932//4144
f 1338//4145 1930//4145 1942//4145
f 1342//4146 1930//4146 1338//4146
f 1941//4147 1935//4147 1942//4147
f 1341//4148 1359//4148 1944//4148
f 1341//4149 1944//4149 1945//4149
f 1341//4150 1946//4150 1359//4150
f 1937//4151 1943//4151 1941//4151
f 1942//4152 1938//4152 1941//4152
f 1938//4153 1937//4153 1941//4153
f 1393//4154 1400//4154 1948//4154
f 1948//4155 1400//4155 1947//4155
f 1947//4156 1945//4156 1948//4156
f 1947//4157 1342//4157 1945//4157
f 1921//4158 1367//4158 1371//4158
f 1339//4159 1911//4159 1340//4159
f 1920//4160 1924//4160 1921//4160
f 1924//4161 1367//4161 1921//4161
f 1929//4162 1924//4162 1926//4162
f 1367//4163 1932//4163 1365//4163
f 1927//4164 1925//4164 1343//4164
f 1936//4165 1934//4165 1943//4165
f 1941//4166 1943//4166 1934//4166
f 1920//4167 1371//4167 1887//4167
f 1337//4168 1927//4168 1343//4168
f 1932//4169 1367//4169 1924//4169
f 1337//4170 1931//4170 1927//4170
f 1337//4171 1935//4171 1931//4171
f 1365//4172 1936//4172 1364//4172
f 1942//4173 1935//4173 1338//4173
f 1943//4174 1928//4174 1936//4174
f 1928//4175 1943//4175 1937//4175
f 1942//4176 1930//4176 1938//4176
f 1939//4177 1928//4177 1937//4177
f 1939//4178 1355//4178 1928//4178
f 1400//4179 1347//4179 1940//4179
f 1940//4180 1347//4180 1939//4180
f 1940//4181 1939//4181 1937//4181
f 1938//4182 1947//4182 1940//4182
f 1938//4183 1940//4183 1937//4183
f 1947//4184 1938//4184 1930//4184
f 1947//4185 1400//4185 1940//4185
f 1944//4186 1393//4186 1948//4186
f 1944//4187 1373//4187 1393//4187
f 1947//4188 1930//4188 1342//4188
f 1945//4189 1944//4189 1948//4189
f 1359//4190 1373//4190 1944//4190
f 1341//4191 1945//4191 1342//4191
f 1401//4192 1359//4192 1946//4192
f 1252//4193 1401//4193 1946//4193
f 1341//4194 1254//4194 1946//4194
f 1254//4195 1252//4195 1946//4195
f 1920//4196 1921//4196 1371//4196
f 1887//4197 1885//4197 1923//4197
f 1923//4198 1920//4198 1887//4198
f 1923//4199 1885//4199 1911//4199
f 1923//4200 1911//4200 1922//4200
f 1994//4201 1270//4201 1950//4201
f 1270//4202 1271//4202 1950//4202
f 2080//4203 1240//4203 2079//4203
f 1237//4204 1954//4204 1955//4204
f 1953//4205 1200//4205 1956//4205
f 1953//4206 1956//4206 1952//4206
f 1200//4207 1198//4207 1956//4207
f 1954//4208 1951//4208 1957//4208
f 1951//4209 1952//4209 1958//4209
f 1954//4210 1957//4210 1955//4210
f 1951//4211 1958//4211 1957//4211
f 1952//4212 1956//4212 1958//4212
f 1956//4213 1198//4213 1962//4213
f 1204//2879 1202//2879 1963//2879
f 1959//2879 1204//2879 1963//2879
f 1960//4214 1959//4214 1965//4214
f 1959//4215 1963//4215 1965//4215
f 1958//4216 1956//4216 1966//4216
f 1956//4217 1962//4217 1966//4217
f 1198//2879 1208//2879 1962//2879
f 1960//4218 1965//4218 1961//4218
f 1958//4219 1966//4219 1967//4219
f 1957//4220 1958//4220 1967//4220
f 1963//4221 1202//4221 1968//4221
f 1957//4222 1967//4222 1969//4222
f 1957//4223 1969//4223 1240//4223
f 1963//4224 1968//4224 1970//4224
f 1965//4225 1963//4225 1970//4225
f 1955//4226 1957//4226 1240//4226
f 1961//4227 1965//4227 1971//4227
f 1965//4228 1970//4228 1971//4228
f 1202//4229 1200//4229 1968//4229
f 1961//4230 1971//4230 1954//4230
f 1964//4231 1961//4231 1954//4231
f 1964//4232 1954//4232 1237//4232
f 1971//4233 1970//4233 1951//4233
f 1970//4234 1968//4234 1952//4234
f 1970//4235 1952//4235 1951//4235
f 1968//4236 1200//4236 1953//4236
f 1968//4237 1953//4237 1952//4237
f 1954//4238 1971//4238 1951//4238
f 1231//4239 1232//4239 1964//4239
f 1237//4240 1231//4240 1964//4240
f 1964//4241 1232//4241 1961//4241
f 1232//4242 1233//4242 1961//4242
f 1961//4243 1233//4243 1960//4243
f 1960//4244 1233//4244 1959//4244
f 1233//4245 1235//4245 1959//4245
f 1235//2879 1209//2879 1204//2879
f 1959//2879 1235//2879 1204//2879
f 1659//4246 1975//4246 1656//4246
f 1973//4247 1659//4247 1660//4247
f 1661//4248 1973//4248 1660//4248
f 1977//4249 1666//4249 1975//4249
f 1974//4250 1661//4250 1265//4250
f 1975//4251 1972//4251 1978//4251
f 1264//4252 1976//4252 1974//4252
f 1264//4253 1979//4253 1976//4253
f 1981//4254 1978//4254 1976//4254
f 1982//4255 1483//4255 1666//4255
f 1977//4256 1975//4256 1978//4256
f 1983//4257 1980//4257 1981//4257
f 1975//4258 1666//4258 1656//4258
f 1976//4259 1979//4259 1981//4259
f 1666//4260 1485//4260 1656//4260
f 1981//4261 1677//4261 1668//4261
f 1981//4262 1668//4262 1983//4262
f 1982//4263 1980//4263 1983//4263
f 1977//4264 1982//4264 1666//4264
f 1973//4265 1661//4265 1976//4265
f 1980//4266 1982//4266 1977//4266
f 1979//4267 1264//4267 1262//4267
f 1980//4268 1978//4268 1981//4268
f 1980//4269 1977//4269 1978//4269
f 1984//4270 1483//4270 1982//4270
f 1982//4271 1983//4271 1984//4271
f 1979//4272 1677//4272 1981//4272
f 1972//4273 1976//4273 1978//4273
f 1672//4274 1483//4274 1984//4274
f 1677//4275 1979//4275 1262//4275
f 1668//4276 1984//4276 1983//4276
f 1668//4277 1672//4277 1984//4277
f 1976//4278 1661//4278 1974//4278
f 1972//4279 1975//4279 1973//4279
f 1976//4280 1972//4280 1973//4280
f 1973//4281 1975//4281 1659//4281
f 1334//4282 1985//4282 1664//4282
f 1310//4283 1311//4283 1665//4283
f 1334//4284 1333//4284 1985//4284
f 1335//4285 1334//4285 1664//4285
f 1335//4286 1664//4286 1663//4286
f 1658//4287 1723//4287 1662//4287
f 1333//4288 1310//4288 1665//4288
f 1693//4289 1723//4289 1658//4289
f 1333//4290 1665//4290 1985//4290
f 1335//4291 1663//4291 1662//4291
f 1723//4292 1335//4292 1662//4292
f 1667//4293 1872//4293 1670//4293
f 1874//4294 1872//4294 1667//4294
f 1874//4295 1667//4295 1676//4295
f 1876//4296 1874//4296 1676//4296
f 1327//4297 1876//4297 1676//4297
f 1327//4298 1676//4298 1675//4298
f 1327//4299 1675//4299 1674//4299
f 1326//4300 1327//4300 1674//4300
f 1326//4301 1674//4301 1673//4301
f 1325//4302 1673//4302 1669//4302
f 1325//4303 1326//4303 1673//4303
f 1325//4304 1669//4304 1197//4304
f 1325//4305 1197//4305 1207//4305
f 1986//4306 1274//4306 1987//4306
f 1987//4307 1274//4307 1276//4307
f 1987//4308 1276//4308 1988//4308
f 1276//4309 1277//4309 1988//4309
f 1988//4310 1277//4310 1989//4310
f 1989//4311 1277//4311 1260//4311
f 1990//4312 1989//4312 1260//4312
f 1271//4313 1949//4313 1950//4313
f 1950//4314 1949//4314 1991//4314
f 1949//4315 1274//4315 1991//4315
f 1991//4316 1274//4316 1986//4316
f 1992//4317 1189//4317 1993//4317
f 1189//4318 1270//4318 1993//4318
f 1993//4319 1270//4319 1994//4319
f 1178//4320 1179//4320 1995//4320
f 1995//4321 1179//4321 1996//4321
f 1996//4322 1179//4322 1997//4322
f 1179//4323 1188//4323 1997//4323
f 1997//4324 1188//4324 1998//4324
f 1188//4325 1189//4325 1998//4325
f 1998//4326 1189//4326 1992//4326
f 2015//4327 1180//4327 1995//4327
f 1995//4328 1180//4328 1178//4328
f 1187//4329 1190//4329 1999//4329
f 1999//4330 1190//4330 2000//4330
f 1190//4331 1180//4331 2000//4331
f 2000//4332 1180//4332 2015//4332
f 2001//4333 1183//4333 2002//4333
f 1183//4334 1184//4334 2003//4334
f 2002//4335 1183//4335 2003//4335
f 1184//4336 1185//4336 2004//4336
f 2003//4337 1184//4337 2004//4337
f 1185//4338 1186//4338 2005//4338
f 2004//4339 1185//4339 2005//4339
f 2005//4340 1186//4340 1999//4340
f 1186//4341 1187//4341 1999//4341
f 1181//4342 1182//4342 2007//4342
f 2006//4343 1181//4343 2007//4343
f 2007//4344 1182//4344 2001//4344
f 1182//4345 1183//4345 2001//4345
f 2008//4346 1269//4346 2009//4346
f 1269//4347 1272//4347 2009//4347
f 2009//4348 1272//4348 2010//4348
f 1272//4349 1273//4349 2011//4349
f 2010//4350 1272//4350 2011//4350
f 1273//4351 1181//4351 2006//4351
f 2011//4352 1273//4352 2006//4352
f 1269//4353 2008//4353 2012//4353
f 1260//4354 2013//4354 1990//4354
f 1269//4355 2013//4355 1260//4355
f 1269//4356 2012//4356 2013//4356
f 2014//4357 1422//4357 1430//4357
f 2014//4358 2015//4358 1995//4358
f 1430//4359 2015//4359 2014//4359
f 2014//4360 1995//4360 1422//4360
f 2016//4361 1422//4361 1995//4361
f 1995//4362 1996//4362 2016//4362
f 2015//4363 1430//4363 2000//4363
f 2016//4364 1423//4364 1422//4364
f 2000//4365 1432//4365 1999//4365
f 2000//4366 1430//4366 1432//4366
f 1997//4367 2016//4367 1996//4367
f 2017//4368 1999//4368 1432//4368
f 1424//4369 1423//4369 2016//4369
f 1424//4370 2016//4370 1997//4370
f 2017//4371 1432//4371 1437//4371
f 2005//4372 1999//4372 2017//4372
f 1997//4373 2018//4373 1424//4373
f 1998//4374 2018//4374 1997//4374
f 1436//4375 2017//4375 1437//4375
f 2005//4376 1436//4376 2004//4376
f 2005//4377 2017//4377 1436//4377
f 2018//4378 1440//4378 1424//4378
f 1998//4379 1992//4379 2018//4379
f 1436//4380 1429//4380 2003//4380
f 2004//4381 1436//4381 2003//4381
f 2003//4382 1429//4382 1428//4382
f 2002//4383 2003//4383 1428//4383
f 2001//4384 2002//4384 1428//4384
f 2019//4385 1472//4385 1490//4385
f 1490//4386 1440//4386 2018//4386
f 1993//4387 1490//4387 2018//4387
f 1994//4388 2019//4388 1993//4388
f 1993//4389 2018//4389 1992//4389
f 1950//4390 2019//4390 1994//4390
f 1993//4391 2019//4391 1490//4391
f 2001//4392 1428//4392 2007//4392
f 1428//4393 1426//4393 2007//4393
f 1426//4394 2006//4394 2007//4394
f 1991//4395 1986//4395 2020//4395
f 1501//4396 1991//4396 2020//4396
f 2020//4397 1530//4397 1501//4397
f 2019//4398 1501//4398 1472//4398
f 1991//4399 1501//4399 2019//4399
f 1991//4400 2019//4400 1950//4400
f 1533//4401 1530//4401 2020//4401
f 1987//4402 1533//4402 2020//4402
f 1987//4403 2020//4403 1986//4403
f 1989//4404 1535//4404 2021//4404
f 1989//4405 2021//4405 1988//4405
f 1535//4406 1533//4406 2021//4406
f 2021//4407 1987//4407 1988//4407
f 1533//4408 1987//4408 2021//4408
f 1449//4409 2009//4409 2010//4409
f 1449//4410 2010//4410 2011//4410
f 1449//4411 2011//4411 1450//4411
f 1450//4412 2011//4412 2006//4412
f 1450//4413 2006//4413 1426//4413
f 1482//4414 1535//4414 1989//4414
f 1990//4415 1482//4415 1989//4415
f 1449//4416 1541//4416 2008//4416
f 2009//4417 1449//4417 2008//4417
f 2022//4418 1990//4418 2013//4418
f 2008//4419 1541//4419 2012//4419
f 2022//4420 1482//4420 1990//4420
f 2013//4421 1484//4421 2022//4421
f 2012//4422 1541//4422 1492//4422
f 1484//4423 1482//4423 2022//4423
f 1492//4424 1484//4424 2013//4424
f 1492//4425 2013//4425 2012//4425
f 1268//4426 1263//4426 1175//4426
f 1176//4426 1268//4426 1175//4426
f 1279//4427 1176//4427 1284//4427
f 1279//4426 1268//4426 1176//4426
f 1281//4428 1279//4428 1284//4428
f 2024//4429 1212//4429 2023//4429
f 2024//4430 1211//4430 1212//4430
f 2025//4431 1211//4431 2024//4431
f 1652//4432 1211//4432 2025//4432
f 2029//4433 2030//4433 2026//4433
f 2027//4434 2030//4434 2029//4434
f 2031//4435 2027//4435 2029//4435
f 2028//4436 2031//4436 2029//4436
f 2028//4437 2029//4437 1651//4437
f 2024//4438 2032//4438 2027//4438
f 2024//4439 2027//4439 2031//4439
f 1651//4440 2025//4440 2028//4440
f 2025//4441 2031//4441 2028//4441
f 2025//4442 2024//4442 2031//4442
f 1652//4443 2025//4443 1651//4443
f 2023//4444 2032//4444 2024//4444
f 1651//4445 2033//4445 1653//4445
f 2038//4446 2040//4446 2034//4446
f 2040//4447 2039//4447 2034//4447
f 2038//4448 2037//4448 2036//4448
f 1653//4449 2038//4449 2036//4449
f 2033//4450 2040//4450 2038//4450
f 2040//4451 2026//4451 2039//4451
f 2034//4452 2035//4452 2037//4452
f 2038//4453 2034//4453 2037//4453
f 2033//4454 2038//4454 1653//4454
f 2040//4455 2029//4455 2026//4455
f 2033//4456 1651//4456 2029//4456
f 2033//4457 2029//4457 2040//4457
f 2042//4458 2037//4458 2035//4458
f 2042//4459 2035//4459 2041//4459
f 2057//4460 2036//4460 2037//4460
f 2057//4461 2037//4461 2042//4461
f 1654//4462 1653//4462 2036//4462
f 1654//4463 2036//4463 2057//4463
f 2044//4464 2045//4464 2048//4464
f 2047//4465 1247//4465 1246//4465
f 1655//4466 2048//4466 2046//4466
f 1655//4467 2044//4467 2048//4467
f 2050//4468 2049//4468 2043//4468
f 2047//4469 1246//4469 1344//4469
f 2050//4470 2043//4470 2044//4470
f 2051//4471 2047//4471 1344//4471
f 2052//4472 2044//4472 1655//4472
f 2052//4473 2050//4473 2044//4473
f 2051//4474 1344//4474 1345//4474
f 2050//4475 2053//4475 2049//4475
f 1654//4476 2052//4476 1655//4476
f 2056//4477 2051//4477 1345//4477
f 2052//4478 2055//4478 2050//4478
f 2055//4479 2053//4479 2050//4479
f 2057//4480 2055//4480 2052//4480
f 2055//4481 2041//4481 2053//4481
f 1654//4482 2057//4482 2052//4482
f 2042//4483 2041//4483 2055//4483
f 2051//4484 2054//4484 2047//4484
f 2048//4485 2054//4485 2051//4485
f 2057//4486 2042//4486 2055//4486
f 2056//4487 1345//4487 1655//4487
f 2044//4488 2043//4488 2045//4488
f 2046//4489 2048//4489 2051//4489
f 2048//4490 2045//4490 2054//4490
f 2046//4491 2051//4491 2056//4491
f 1655//4492 2046//4492 2056//4492
f 2023//4493 1212//4493 2058//4493
f 2058//4494 1212//4494 1236//4494
f 2023//4495 2058//4495 2059//4495
f 1212//4496 1206//4496 1203//4496
f 1236//4497 1212//4497 1203//4497
f 2047//4498 2060//4498 1247//4498
f 2061//4499 2060//4499 2047//4499
f 2054//4500 2061//4500 2047//4500
f 2062//4501 2061//4501 2054//4501
f 2045//4502 2062//4502 2054//4502
f 2043//4503 2062//4503 2045//4503
f 2063//4504 2062//4504 2043//4504
f 2049//4505 2063//4505 2043//4505
f 2064//4506 2063//4506 2049//4506
f 2053//4507 2064//4507 2049//4507
f 2065//4508 2064//4508 2053//4508
f 2041//4509 2065//4509 2053//4509
f 2066//4510 2065//4510 2041//4510
f 2066//4511 2041//4511 2035//4511
f 2067//4512 2066//4512 2035//4512
f 2035//4513 2068//4513 2067//4513
f 2034//4514 2068//4514 2035//4514
f 2034//4515 2069//4515 2068//4515
f 2039//4516 2069//4516 2034//4516
f 2026//4517 2070//4517 2069//4517
f 2026//4518 2069//4518 2039//4518
f 2030//4519 2070//4519 2026//4519
f 2030//4520 2071//4520 2070//4520
f 2027//4521 2071//4521 2030//4521
f 2027//4522 2072//4522 2071//4522
f 2032//4523 2072//4523 2027//4523
f 2032//4524 2059//4524 2072//4524
f 2023//4525 2059//4525 2032//4525
f 1236//4526 1230//4526 2058//4526
f 2059//4527 1230//4527 1219//4527
f 2058//4528 1230//4528 2059//4528
f 2072//4529 2059//4529 1219//4529
f 1225//4530 2072//4530 1219//4530
f 1225//4531 1222//4531 2072//4531
f 1242//4532 2071//4532 1222//4532
f 2070//4533 2071//4533 1242//4533
f 1222//4534 2071//4534 2072//4534
f 2073//4535 2074//4535 2075//4535
f 2067//4536 2068//4536 2073//4536
f 2074//4537 2069//4537 2075//4537
f 2074//4538 2068//4538 2069//4538
f 2075//4539 2070//4539 1242//4539
f 2075//4540 2069//4540 2070//4540
f 2073//4541 2068//4541 2074//4541
f 2073//4542 2066//4542 2067//4542
f 2073//4543 1239//4543 2066//4543
f 2064//4544 1239//4544 1238//4544
f 2060//4545 2061//4545 1241//4545
f 1239//4546 2065//4546 2066//4546
f 2083//4547 2060//4547 1241//4547
f 2082//4548 2083//4548 1241//4548
f 2064//4549 1238//4549 2063//4549
f 2062//4550 2063//4550 1238//4550
f 2065//4551 1239//4551 2064//4551
f 1241//4552 2062//4552 1238//4552
f 1241//4553 2061//4553 2062//4553
f 1324//4554 2174//4554 1311//4554
f 1191//4555 1193//4555 1196//4555
f 1197//4556 1191//4556 1196//4556
f 1969//4557 2094//4557 2092//4557
f 1969//4558 2092//4558 2093//4558
f 2091//4559 1967//4559 1966//4559
f 1967//4560 2090//4560 2094//4560
f 1966//4561 2089//4561 2091//4561
f 1966//4562 2087//4562 2089//4562
f 1962//4563 2086//4563 2087//4563
f 1240//4564 2082//4564 1241//4564
f 1240//4565 2093//4565 2079//4565
f 1208//2879 2088//2879 2076//2879
f 1208//2879 2086//2879 1962//2879
f 2060//4566 2077//4566 1247//4566
f 1166//4567 369//4567 1145//4567
f 1054//4568 1171//4568 1173//4568
f 1052//4569 1169//4569 1170//4569
f 1051//4570 1168//4570 1167//4570
f 368//4571 369//4571 1165//4571
f 368//4572 1162//4572 1172//4572
f 2083//4573 2077//4573 2060//4573
f 1969//4574 1967//4574 2094//4574
f 2091//4575 2090//4575 1967//4575
f 1966//4576 1962//4576 2087//4576
f 1240//4577 2081//4577 2082//4577
f 1240//4578 1969//4578 2093//4578
f 1208//2879 2076//2879 2086//2879
f 1287//4579 2106//4579 2107//4579
f 2105//96 2108//96 2101//96
f 411//4580 2100//4580 2101//4580
f 1295//4581 2096//4581 1293//4581
f 1290//4582 2099//4582 2106//4582
f 405//4583 2097//4583 406//4583
f 1291//4584 2098//4584 2099//4584
f 1298//4585 2107//4585 2105//4585
f 408//4586 2096//4586 2095//4586
f 1296//4587 2103//4587 1295//4587
f 1298//4588 2104//4588 1296//4588
f 409//4589 2095//4589 2100//4589
f 406//4590 2098//4590 1258//4590
f 402//4591 2102//4591 405//4591
f 411//4592 2108//4592 402//4592
f 1287//4579 1290//4579 2106//4579
f 2095//4593 2096//4593 2101//4593
f 2103//4594 2104//4594 2105//4594
f 2105//96 2107//96 2108//96
f 2106//4595 2099//4595 2107//4595
f 2098//4596 2097//4596 2108//4596
f 2102//4597 2108//4597 2097//4597
f 2101//4598 2100//4598 2095//4598
f 2096//4599 2103//4599 2105//4599
f 2107//4600 2099//4600 2098//4600
f 2098//4601 2108//4601 2107//4601
f 2101//4602 2096//4602 2105//4602
f 411//4580 409//4580 2100//4580
f 1295//4581 2103//4581 2096//4581
f 1290//4582 1291//4582 2099//4582
f 405//4583 2102//4583 2097//4583
f 1291//4584 1258//4584 2098//4584
f 1298//4585 1287//4585 2107//4585
f 408//4586 1293//4586 2096//4586
f 1296//4587 2104//4587 2103//4587
f 1298//4588 2105//4588 2104//4588
f 409//4589 408//4589 2095//4589
f 406//4590 2097//4590 2098//4590
f 402//4591 2108//4591 2102//4591
f 411//4592 2101//4592 2108//4592
f 337//4603 2110//4603 2113//4603
f 1177//4604 2118//4604 1195//4604
f 1174//4605 2120//4605 2121//4605
f 1195//4606 2117//4606 1192//4606
f 1192//4607 2116//4607 1191//4607
f 322//4608 2111//4608 2127//4608
f 319//4609 2128//4609 2129//4609
f 1191//4610 2115//4610 336//4610
f 2157//4611 1662//4611 2158//4611
f 2113//4612 340//4612 337//4612
f 2137//4613 1985//4613 2136//4613
f 2171//4614 753//4614 2170//4614
f 2140//4615 1664//4615 2139//4615
f 2152//4616 751//4616 750//4616
f 2138//4617 1664//4617 1985//4617
f 2150//4618 2149//4618 1070//4618
f 2153//4619 750//4619 746//4619
f 2145//4620 2144//4620 751//4620
f 2143//4621 2146//4621 1662//4621
f 2178//4622 1070//4622 2149//4622
f 2161//4623 2165//4623 1266//4623
f 2163//4624 395//4624 381//4624
f 2121//4625 2122//4625 1174//4625
f 2159//4626 2158//4626 1662//4626
f 2134//4627 1665//4627 2176//4627
f 2173//4628 1665//4628 1311//4628
f 2135//4629 1985//4629 1665//4629
f 2171//4630 2172//4630 1311//4630
f 2154//4631 2155//4631 750//4631
f 2150//4632 752//4632 2147//4632
f 2140//4633 2141//4633 1663//4633
f 2174//4634 2173//4634 1311//4634
f 2123//4635 2124//4635 1174//4635
f 2168//4636 2170//4636 753//4636
f 2122//4637 2123//4637 1174//4637
f 2142//4638 1663//4638 2141//4638
f 2148//4639 752//4639 751//4639
f 2129//4640 2126//4640 319//4640
f 2109//4610 2110//4610 336//4610
f 2126//4605 2125//4605 319//4605
f 2155//4641 2152//4641 750//4641
f 412//4642 1311//4642 2172//4642
f 395//4643 2164//4643 2153//4643
f 2160//4644 1280//4644 2156//4644
f 1658//4645 2157//4645 2156//4645
f 1324//4646 2175//4646 2174//4646
f 337//4603 336//4603 2110//4603
f 1177//4647 1174//4647 2119//4647
f 2119//4604 2118//4604 1177//4604
f 1174//4604 2124//4604 2119//4604
f 1195//4606 2118//4606 2117//4606
f 1192//4607 2117//4607 2116//4607
f 2128//4648 319//4648 2127//4648
f 322//4649 340//4649 2112//4649
f 322//4649 2112//4649 2111//4649
f 2127//4649 319//4649 322//4649
f 1191//4610 2116//4610 2115//4610
f 2157//4650 1658//4650 1662//4650
f 2113//4612 2112//4612 340//4612
f 2137//4613 2138//4613 1985//4613
f 2171//4651 1311//4651 753//4651
f 2140//4652 1663//4652 1664//4652
f 2152//4616 2151//4616 751//4616
f 2138//4653 2139//4653 1664//4653
f 2153//4654 2154//4654 750//4654
f 751//4655 2151//4655 2145//4655
f 2144//4620 2148//4620 751//4620
f 1662//4656 2142//4656 2143//4656
f 2146//4657 2159//4657 1662//4657
f 2178//4658 753//4658 1070//4658
f 1280//4659 2160//4659 2161//4659
f 2161//4660 2162//4660 2165//4660
f 2165//4661 2166//4661 2167//4661
f 1266//4662 1280//4662 2161//4662
f 2165//4663 2167//4663 1266//4663
f 381//4664 2133//4664 2132//4664
f 2131//4665 2130//4665 381//4665
f 381//4666 2132//4666 2131//4666
f 2164//4667 395//4667 2163//4667
f 2130//4668 2163//4668 381//4668
f 2134//4627 2135//4627 1665//4627
f 2173//4669 2176//4669 1665//4669
f 2135//4670 2136//4670 1985//4670
f 2150//4671 1070//4671 752//4671
f 753//4636 2178//4636 2169//4636
f 2169//4672 2168//4672 753//4672
f 2142//4673 1662//4673 1663//4673
f 2148//4674 2147//4674 752//4674
f 336//4610 2115//4610 2114//4610
f 2114//4610 2109//4610 336//4610
f 2179//4675 2182//4675 2183//4675
f 2181//4676 2180//4676 2184//4676
f 2182//4677 2185//4677 2183//4677
f 2180//4678 2186//4678 2184//4678
f 2186//4679 2187//4679 2188//4679
f 2188//4680 2187//4680 2189//4680
f 2187//4681 2179//4681 2189//4681
f 2192//4682 2191//4682 2190//4682
f 2192//4683 2190//4683 2193//4683
f 2193//4684 2194//4684 2192//4684
f 2194//4685 2193//4685 2195//4685
f 2195//4686 2196//4686 2194//4686
f 2196//4687 2195//4687 2197//4687
f 2198//4688 2196//4688 2197//4688
f 2200//4689 2197//4689 2199//4689
f 2200//4690 2198//4690 2197//4690
f 2199//4691 2201//4691 2200//4691
f 2202//4692 2201//4692 2199//4692
f 2202//4693 2203//4693 2201//4693
f 2203//4694 2202//4694 2204//4694
f 2204//4695 2205//4695 2203//4695
f 2206//4696 2205//4696 2204//4696
f 2206//4697 2207//4697 2205//4697
f 2207//4698 2206//4698 2208//4698
f 2208//4699 2209//4699 2207//4699
f 2210//4700 2208//4700 2211//4700
f 2210//4701 2209//4701 2208//4701
f 2211//4702 2212//4702 2210//4702
f 2191//4703 2501//4703 2190//4703
f 2212//4704 2211//4704 2507//4704
f 2213//4705 2466//4705 2369//4705
f 2213//4706 2369//4706 2214//4706
f 2215//4707 2213//4707 2214//4707
f 2215//4708 2214//4708 2216//4708
f 2217//4709 2215//4709 2216//4709
f 2217//4710 2216//4710 2218//4710
f 2219//4711 2217//4711 2218//4711
f 2219//4712 2218//4712 2220//4712
f 2221//4713 2219//4713 2220//4713
f 2222//4714 2221//4714 2220//4714
f 2222//4715 2220//4715 2223//4715
f 2224//4716 2222//4716 2223//4716
f 2225//4717 2224//4717 2223//4717
f 2225//4718 2223//4718 2226//4718
f 2227//4719 2225//4719 2226//4719
f 2228//4720 2227//4720 2226//4720
f 2228//4721 2226//4721 2229//4721
f 2230//4722 2228//4722 2229//4722
f 2231//4723 2230//4723 2229//4723
f 2231//4724 2229//4724 2232//4724
f 2233//4725 2231//4725 2232//4725
f 2234//4726 2233//4726 2232//4726
f 2234//4727 2232//4727 2235//4727
f 2236//4728 2234//4728 2235//4728
f 2237//4729 2236//4729 2235//4729
f 2237//4730 2235//4730 2238//4730
f 2239//4731 2237//4731 2238//4731
f 2239//4732 2238//4732 2240//4732
f 2241//4733 2239//4733 2240//4733
f 2241//4734 2240//4734 2242//4734
f 2243//4735 2241//4735 2242//4735
f 2244//4736 2179//4736 2246//4736
f 2245//4737 2181//4737 2247//4737
f 2179//4738 2183//4738 2246//4738
f 2181//4739 2184//4739 2247//4739
f 2247//4740 2184//4740 2248//4740
f 2183//4741 2185//4741 2246//4741
f 2246//4742 2185//4742 2249//4742
f 2184//4743 2186//4743 2248//4743
f 2186//4744 2188//4744 2248//4744
f 2248//4745 2188//4745 2250//4745
f 2188//4746 2189//4746 2250//4746
f 2250//4747 2189//4747 2244//4747
f 2189//4748 2179//4748 2244//4748
f 2252//4749 2191//4749 2192//4749
f 2252//4750 2251//4750 2191//4750
f 2253//4751 2252//4751 2192//4751
f 2253//4752 2192//4752 2194//4752
f 2254//4753 2253//4753 2194//4753
f 2254//4754 2194//4754 2196//4754
f 2254//4755 2196//4755 2198//4755
f 2255//4756 2254//4756 2198//4756
f 2255//4757 2198//4757 2200//4757
f 2256//4758 2200//4758 2201//4758
f 2256//4759 2255//4759 2200//4759
f 2256//4760 2201//4760 2203//4760
f 2257//4761 2256//4761 2203//4761
f 2257//4762 2203//4762 2205//4762
f 2258//4763 2257//4763 2205//4763
f 2258//4764 2205//4764 2207//4764
f 2259//4765 2258//4765 2207//4765
f 2260//4766 2259//4766 2207//4766
f 2260//4767 2207//4767 2209//4767
f 2260//4768 2209//4768 2210//4768
f 2261//4769 2260//4769 2210//4769
f 2356//4770 2210//4770 2212//4770
f 2356//4771 2261//4771 2210//4771
f 2458//4772 2264//4772 2265//4772
f 2263//4773 2266//4773 2267//4773
f 2262//4774 2266//4774 2263//4774
f 2264//4775 2268//4775 2265//4775
f 2265//4776 2268//4776 2269//4776
f 2267//4777 2270//4777 2271//4777
f 2266//4778 2270//4778 2267//4778
f 2268//4779 2272//4779 2269//4779
f 2269//4780 2272//4780 2273//4780
f 2270//4781 2274//4781 2271//4781
f 2271//4782 2274//4782 2275//4782
f 2274//4783 2276//4783 2275//4783
f 2272//4784 2262//4784 2273//4784
f 2273//4785 2262//4785 2263//4785
f 2275//4786 2276//4786 2277//4786
f 2278//4787 2280//4787 2288//4787
f 2288//4788 2280//4788 2281//4788
f 2418//4789 2282//4789 2279//4789
f 2282//4790 2283//4790 2279//4790
f 2279//4791 2283//4791 2284//4791
f 2280//4792 2285//4792 2281//4792
f 2281//4793 2285//4793 2286//4793
f 2285//4794 2287//4794 2286//4794
f 2283//4795 2278//4795 2284//4795
f 2284//4796 2278//4796 2288//4796
f 2298//4797 2299//4797 2289//4797
f 2299//4798 2290//4798 2289//4798
f 2292//4799 2291//4799 2293//4799
f 2289//4800 2290//4800 2359//4800
f 2290//4801 2294//4801 2359//4801
f 2291//4802 2295//4802 2293//4802
f 2293//4803 2295//4803 2296//4803
f 2295//4804 2297//4804 2296//4804
f 2296//4805 2297//4805 2298//4805
f 2297//4806 2299//4806 2298//4806
f 2312//4807 2300//4807 2301//4807
f 2303//4808 2302//4808 2304//4808
f 2300//4809 2305//4809 2301//4809
f 2301//4810 2305//4810 2306//4810
f 2304//4811 2307//4811 2308//4811
f 2302//4812 2307//4812 2304//4812
f 2307//4813 2309//4813 2308//4813
f 2308//4814 2309//4814 2310//4814
f 2309//4815 2311//4815 2310//4815
f 2310//4816 2311//4816 2312//4816
f 2311//4817 2300//4817 2312//4817
f 2322//4818 2323//4818 2324//4818
f 2325//4819 2322//4819 2324//4819
f 2325//4820 2324//4820 2326//4820
f 2327//4821 2325//4821 2326//4821
f 2327//4822 2326//4822 2328//4822
f 2329//4823 2327//4823 2328//4823
f 2329//4824 2328//4824 2330//4824
f 2331//4825 2329//4825 2330//4825
f 2331//4826 2330//4826 2332//4826
f 2333//4827 2331//4827 2332//4827
f 2333//4828 2332//4828 2334//4828
f 2335//4829 2333//4829 2334//4829
f 2335//4830 2334//4830 2336//4830
f 2337//4831 2335//4831 2336//4831
f 2337//4832 2336//4832 2338//4832
f 2339//4833 2337//4833 2338//4833
f 2339//4834 2338//4834 2340//4834
f 2341//4835 2339//4835 2340//4835
f 2341//4836 2340//4836 2342//4836
f 2343//4837 2341//4837 2342//4837
f 2343//4838 2342//4838 2344//4838
f 2345//4839 2343//4839 2344//4839
f 2345//4840 2344//4840 2346//4840
f 2347//4841 2345//4841 2346//4841
f 2347//4842 2346//4842 2348//4842
f 2349//4843 2347//4843 2348//4843
f 2349//4844 2348//4844 2350//4844
f 2351//4845 2349//4845 2350//4845
f 2384//4846 2386//4846 2352//4846
f 2385//4847 2353//4847 2354//4847
f 2298//4847 2289//4847 2372//4847
f 2372//4847 2289//4847 2357//4847
f 2301//4847 2223//4847 2255//4847
f 2252//4847 2216//4847 2214//4847
f 2253//4847 2216//4847 2252//4847
f 2310//4847 2312//4847 2256//4847
f 2255//4847 2223//4847 2254//4847
f 2256//4847 2312//4847 2255//4847
f 2223//4847 2220//4847 2254//4847
f 2386//4848 2358//4848 2352//4848
f 2253//4847 2218//4847 2216//4847
f 2254//4847 2218//4847 2253//4847
f 2242//4847 2356//4847 2355//4847
f 2254//4847 2220//4847 2218//4847
f 2362//4849 2360//4849 2180//4849
f 2354//4847 2353//4847 2363//4847
f 2235//4847 2232//4847 2258//4847
f 2353//4847 2364//4847 2363//4847
f 2312//4847 2301//4847 2255//4847
f 2289//4847 2359//4847 2357//4847
f 2242//4847 2261//4847 2356//4847
f 2366//4847 2367//4847 2368//4847
f 2362//4850 2365//4850 2360//4850
f 2240//4847 2261//4847 2242//4847
f 2361//4847 2369//4847 2374//4847
f 2303//4847 2229//4847 2370//4847
f 2367//4847 2371//4847 2368//4847
f 2258//4847 2232//4847 2257//4847
f 2240//4847 2260//4847 2261//4847
f 2293//4847 2296//4847 2372//4847
f 2364//4847 2373//4847 2363//4847
f 2363//4847 2373//4847 2359//4847
f 2362//4851 2374//4851 2365//4851
f 2251//4847 2369//4847 2361//4847
f 2375//4847 2293//4847 2372//4847
f 2238//4847 2260//4847 2240//4847
f 2366//4847 2376//4847 2367//4847
f 2352//4852 2374//4852 2362//4852
f 2370//4853 2226//4853 2377//4853
f 2229//4853 2226//4853 2370//4853
f 2378//4847 2376//4847 2366//4847
f 2358//4854 2374//4854 2352//4854
f 2182//4855 2179//4855 2379//4855
f 2359//4847 2182//4847 2357//4847
f 2375//4847 2292//4847 2293//4847
f 2357//4856 2182//4856 2379//4856
f 2373//4847 2182//4847 2359//4847
f 2368//4847 2371//4847 2375//4847
f 2377//4853 2226//4853 2380//4853
f 2179//4857 2187//4857 2379//4857
f 2296//4847 2298//4847 2372//4847
f 2373//4858 2185//4858 2182//4858
f 2375//4847 2381//4847 2292//4847
f 2382//4859 2185//4859 2373//4859
f 2371//4847 2381//4847 2375//4847
f 2238//4847 2259//4847 2260//4847
f 2235//4847 2259//4847 2238//4847
f 2361//4847 2374//4847 2358//4847
f 2379//4860 2187//4860 2360//4860
f 2257//4847 2308//4847 2256//4847
f 2380//4861 2226//4861 2383//4861
f 2257//4847 2304//4847 2308//4847
f 2232//4847 2304//4847 2257//4847
f 2382//4862 2384//4862 2185//4862
f 2251//4847 2214//4847 2369//4847
f 2292//4847 2381//4847 2385//4847
f 2308//4847 2310//4847 2256//4847
f 2187//4863 2186//4863 2360//4863
f 2229//4847 2304//4847 2232//4847
f 2382//4864 2386//4864 2384//4864
f 2226//4847 2223//4847 2383//4847
f 2383//4847 2223//4847 2306//4847
f 2355//4847 2376//4847 2378//4847
f 2180//4865 2360//4865 2186//4865
f 2252//4847 2214//4847 2251//4847
f 2229//4847 2303//4847 2304//4847
f 2355//4847 2356//4847 2376//4847
f 2259//4847 2235//4847 2258//4847
f 2306//4847 2223//4847 2301//4847
f 2381//4847 2353//4847 2385//4847
f 2370//4866 2387//4866 2303//4866
f 2390//4867 2387//4867 2370//4867
f 2306//4868 2305//4868 2383//4868
f 2305//4869 2388//4869 2383//4869
f 2383//4870 2388//4870 2380//4870
f 2387//4871 2302//4871 2303//4871
f 2388//4872 2389//4872 2380//4872
f 2380//4873 2389//4873 2377//4873
f 2377//4874 2389//4874 2370//4874
f 2389//4875 2390//4875 2370//4875
f 2385//4876 2392//4876 2292//4876
f 2391//4877 2392//4877 2385//4877
f 2359//4878 2294//4878 2363//4878
f 2294//4879 2393//4879 2363//4879
f 2392//4880 2291//4880 2292//4880
f 2363//4881 2393//4881 2354//4881
f 2393//4882 2394//4882 2354//4882
f 2394//4883 2391//4883 2354//4883
f 2354//4884 2391//4884 2385//4884
f 2404//4885 2400//4885 2464//4885
f 2404//4885 2396//4885 2400//4885
f 2321//4886 2243//4886 2318//4886
f 2321//4887 2398//4887 2320//4887
f 2321//4887 2320//4887 2243//4887
f 2315//4888 2406//4888 2407//4888
f 2408//4889 2409//4889 2405//4889
f 2415//4890 2416//4890 2414//4890
f 2395//4891 2319//4891 2417//4891
f 2418//96 2419//96 2432//96
f 2420//96 2419//96 2418//96
f 2421//96 2419//96 2420//96
f 2421//96 2422//96 2419//96
f 2421//4892 2423//4892 2422//4892
f 2426//4893 2423//4893 2421//4893
f 2424//4894 2423//4894 2425//4894
f 2424//4895 2425//4895 2433//4895
f 2425//4896 2423//4896 2426//4896
f 2427//4897 2285//4897 2280//4897
f 2427//4898 2287//4898 2285//4898
f 2280//4899 2278//4899 2427//4899
f 2428//96 2287//96 2427//96
f 2428//96 2429//96 2287//96
f 2428//96 2430//96 2429//96
f 2431//96 2430//96 2428//96
f 2283//4900 2432//4900 2278//4900
f 2424//4901 2430//4901 2431//4901
f 2424//4902 2433//4902 2430//4902
f 2283//96 2282//96 2432//96
f 2282//4903 2418//4903 2432//4903
f 2237//4904 2239//4904 2434//4904
f 2237//4905 2434//4905 2435//4905
f 2236//4906 2237//4906 2435//4906
f 2236//4907 2435//4907 2436//4907
f 2234//4908 2236//4908 2436//4908
f 2234//4909 2436//4909 2437//4909
f 2233//4910 2234//4910 2437//4910
f 2233//4911 2437//4911 2438//4911
f 2231//4912 2233//4912 2438//4912
f 2231//4913 2438//4913 2439//4913
f 2230//4914 2231//4914 2439//4914
f 2230//4915 2439//4915 2440//4915
f 2228//4916 2230//4916 2440//4916
f 2228//4917 2440//4917 2441//4917
f 2227//4918 2228//4918 2441//4918
f 2227//4919 2441//4919 2442//4919
f 2225//4920 2227//4920 2442//4920
f 2225//4921 2442//4921 2443//4921
f 2224//4922 2225//4922 2443//4922
f 2224//4923 2443//4923 2444//4923
f 2222//4924 2224//4924 2444//4924
f 2222//4925 2444//4925 2445//4925
f 2221//4926 2222//4926 2445//4926
f 2221//4927 2445//4927 2446//4927
f 2219//4928 2221//4928 2446//4928
f 2217//4929 2219//4929 2446//4929
f 2217//4930 2446//4930 2447//4930
f 2448//4931 2270//4931 2449//4931
f 2270//4932 2266//4932 2449//4932
f 2450//96 2270//96 2448//96
f 2450//96 2274//96 2270//96
f 2266//4933 2262//4933 2449//4933
f 2450//96 2276//96 2274//96
f 2451//96 2276//96 2450//96
f 2451//4934 2452//4934 2276//4934
f 2451//96 2453//96 2452//96
f 2451//4935 2454//4935 2453//4935
f 2455//4936 2456//4936 2454//4936
f 2456//4937 2455//4937 2457//4937
f 2457//4937 2455//4937 2458//4937
f 2455//96 2459//96 2458//96
f 2458//96 2459//96 2264//96
f 2264//96 2459//96 2268//96
f 2459//96 2460//96 2268//96
f 2262//4938 2461//4938 2449//4938
f 2268//4939 2461//4939 2272//4939
f 2272//4940 2461//4940 2262//4940
f 2268//4941 2460//4941 2461//4941
f 2215//4847 2465//4847 2462//4847
f 2404//4942 2463//4942 2466//4942
f 2466//4943 2401//4943 2396//4943
f 2466//4885 2396//4885 2404//4885
f 2217//4944 2465//4944 2215//4944
f 2462//4945 2403//4945 2402//4945
f 2463//4847 2464//4847 2467//4847
f 2402//4946 2213//4946 2462//4946
f 2463//4947 2467//4947 2322//4947
f 2215//4847 2462//4847 2213//4847
f 2469//4948 2239//4948 2241//4948
f 2468//4949 2399//4949 2243//4949
f 2471//4950 2470//4950 2351//4950
f 2472//4847 2469//4847 2241//4847
f 2473//4847 2470//4847 2471//4847
f 2468//4847 2470//4847 2473//4847
f 2241//4861 2320//4861 2472//4861
f 2475//96 2393//96 2474//96
f 2295//96 2279//96 2284//96
f 2291//96 2279//96 2295//96
f 2297//96 2295//96 2284//96
f 2297//96 2284//96 2288//96
f 2299//96 2297//96 2288//96
f 2291//96 2476//96 2279//96
f 2392//96 2476//96 2291//96
f 2299//96 2288//96 2281//96
f 2392//96 2477//96 2476//96
f 2391//96 2477//96 2392//96
f 2290//96 2299//96 2281//96
f 2478//96 2477//96 2391//96
f 2478//96 2391//96 2394//96
f 2286//96 2290//96 2281//96
f 2286//96 2294//96 2290//96
f 2479//96 2478//96 2394//96
f 2480//96 2294//96 2286//96
f 2481//96 2394//96 2393//96
f 2481//96 2479//96 2394//96
f 2474//96 2294//96 2480//96
f 2475//96 2481//96 2393//96
f 2474//96 2393//96 2294//96
f 2425//4951 2426//4951 2479//4951
f 2287//4952 2429//4952 2286//4952
f 2286//4953 2429//4953 2480//4953
f 2479//4954 2426//4954 2478//4954
f 2426//4955 2421//4955 2478//4955
f 2480//4956 2430//4956 2474//4956
f 2429//4957 2430//4957 2480//4957
f 2478//4958 2421//4958 2477//4958
f 2474//4959 2430//4959 2475//4959
f 2421//4960 2420//4960 2477//4960
f 2430//4961 2433//4961 2475//4961
f 2477//4962 2420//4962 2476//4962
f 2475//4963 2433//4963 2481//4963
f 2420//4964 2418//4964 2476//4964
f 2433//4965 2425//4965 2481//4965
f 2476//4966 2418//4966 2279//4966
f 2481//4967 2425//4967 2479//4967
f 2482//96 2388//96 2277//96
f 2307//96 2269//96 2273//96
f 2309//96 2307//96 2273//96
f 2302//96 2265//96 2269//96
f 2302//96 2269//96 2307//96
f 2309//96 2273//96 2263//96
f 2311//96 2309//96 2263//96
f 2387//96 2265//96 2302//96
f 2387//96 2483//96 2265//96
f 2311//96 2263//96 2267//96
f 2300//96 2311//96 2267//96
f 2387//96 2484//96 2483//96
f 2300//96 2267//96 2271//96
f 2390//96 2484//96 2387//96
f 2271//96 2305//96 2300//96
f 2275//96 2305//96 2271//96
f 2485//96 2484//96 2390//96
f 2485//96 2390//96 2389//96
f 2277//96 2305//96 2275//96
f 2277//96 2388//96 2305//96
f 2482//96 2485//96 2389//96
f 2482//96 2389//96 2388//96
f 2454//4968 2456//4968 2485//4968
f 2485//4969 2456//4969 2484//4969
f 2276//4970 2452//4970 2277//4970
f 2452//4971 2453//4971 2277//4971
f 2277//4972 2453//4972 2482//4972
f 2456//4973 2457//4973 2484//4973
f 2484//4974 2457//4974 2483//4974
f 2457//4975 2458//4975 2483//4975
f 2483//4976 2458//4976 2265//4976
f 2453//4977 2454//4977 2482//4977
f 2482//4978 2454//4978 2485//4978
f 2356//4979 2212//4979 2486//4979
f 2376//4980 2356//4980 2486//4980
f 2376//4981 2486//4981 2487//4981
f 2376//4982 2487//4982 2488//4982
f 2367//4983 2376//4983 2488//4983
f 2367//4984 2488//4984 2489//4984
f 2371//4985 2367//4985 2489//4985
f 2371//4986 2489//4986 2490//4986
f 2381//4987 2371//4987 2490//4987
f 2381//4988 2490//4988 2491//4988
f 2353//4989 2381//4989 2491//4989
f 2353//4990 2491//4990 2492//4990
f 2364//4991 2353//4991 2492//4991
f 2364//4992 2492//4992 2493//4992
f 2373//4993 2364//4993 2493//4993
f 2373//4994 2493//4994 2494//4994
f 2382//4995 2373//4995 2494//4995
f 2386//4996 2382//4996 2494//4996
f 2386//4997 2494//4997 2495//4997
f 2358//4998 2386//4998 2495//4998
f 2358//4999 2495//4999 2496//4999
f 2358//5000 2496//5000 2497//5000
f 2361//5001 2358//5001 2497//5001
f 2251//5002 2497//5002 2191//5002
f 2251//5003 2361//5003 2497//5003
f 2502//5004 2498//5004 2499//5004
f 2502//5005 2500//5005 2498//5005
f 2503//4853 2501//4853 2500//4853
f 2503//4847 2500//4847 2502//4847
f 2190//5006 2501//5006 2503//5006
f 2504//5007 2190//5007 2503//5007
f 2197//4847 2193//4847 2190//4847
f 2197//5008 2195//5008 2193//5008
f 2506//4847 2190//4847 2504//4847
f 2506//5009 2504//5009 2505//5009
f 2211//5010 2506//5010 2507//5010
f 2204//4856 2202//4856 2199//4856
f 2204//4847 2197//4847 2190//4847
f 2204//4856 2199//4856 2197//4856
f 2204//4942 2211//4942 2208//4942
f 2204//4847 2190//4847 2506//4847
f 2204//4847 2506//4847 2211//4847
f 2206//4849 2204//4849 2208//4849
f 2510//5011 2534//5011 2511//5011
f 2513//5012 2316//5012 2512//5012
f 2511//5013 2508//5013 2512//5013
f 2316//5014 2313//5014 2512//5014
f 2534//5015 2508//5015 2511//5015
f 2509//5016 2449//5016 2461//5016
f 2509//5017 2510//5017 2449//5017
f 2510//5018 2509//5018 2534//5018
f 2508//5019 2513//5019 2512//5019
f 2516//5020 2519//5020 2517//5020
f 2515//5021 2519//5021 2516//5021
f 2520//5022 2412//5022 2518//5022
f 2517//5023 2514//5023 2518//5023
f 2412//5024 2410//5024 2518//5024
f 2519//5025 2514//5025 2517//5025
f 2515//5026 2423//5026 2424//5026
f 2515//5027 2516//5027 2423//5027
f 2514//5028 2520//5028 2518//5028
f 2406//5029 2465//5029 2407//5029
f 2462//5030 2465//5030 2406//5030
f 2407//5031 2465//5031 2315//5031
f 2315//5032 2521//5032 2314//5032
f 2315//5033 2465//5033 2521//5033
f 2465//5034 2217//5034 2521//5034
f 2521//5035 2217//5035 2447//5035
f 2434//5036 2239//5036 2522//5036
f 2522//5037 2239//5037 2317//5037
f 2317//5038 2239//5038 2319//5038
f 2239//5039 2469//5039 2319//5039
f 2319//5040 2469//5040 2417//5040
f 2469//5041 2472//5041 2417//5041
f 2417//5042 2472//5042 2395//5042
f 2405//5043 2471//5043 2408//5043
f 2473//5044 2471//5044 2405//5044
f 2408//5045 2471//5045 2409//5045
f 2409//5046 2523//5046 2411//5046
f 2409//5047 2471//5047 2523//5047
f 2471//5048 2351//5048 2523//5048
f 2523//5049 2351//5049 2350//5049
f 2323//5050 2322//5050 2524//5050
f 2524//5051 2322//5051 2413//5051
f 2413//5052 2322//5052 2414//5052
f 2322//5053 2467//5053 2414//5053
f 2414//5054 2467//5054 2415//5054
f 2467//5055 2464//5055 2415//5055
f 2415//5056 2464//5056 2416//5056
f 2526//5057 2527//5057 2525//5057
f 2185//5058 2528//5058 2249//5058
f 2525//5059 2527//5059 2245//5059
f 2527//5060 2181//5060 2245//5060
f 2249//5061 2529//5061 2530//5061
f 2528//5062 2529//5062 2249//5062
f 2529//5063 2531//5063 2530//5063
f 2530//5064 2531//5064 2532//5064
f 2531//5065 2533//5065 2532//5065
f 2532//5066 2533//5066 2525//5066
f 2533//5067 2526//5067 2525//5067
f 2525//4847 2245//4847 2247//4847
f 2525//4847 2248//4847 2250//4847
f 2525//4847 2247//4847 2248//4847
f 2530//4847 2525//4847 2250//4847
f 2530//4847 2244//4847 2246//4847
f 2530//4847 2246//4847 2249//4847
f 2530//4847 2532//4847 2525//4847
f 2530//4847 2250//4847 2244//4847
f 2447//5068 2510//5068 2511//5068
f 2447//5069 2511//5069 2521//5069
f 2447//5070 2449//5070 2510//5070
f 2512//5071 2313//5071 2314//5071
f 2521//5072 2512//5072 2314//5072
f 2521//5073 2511//5073 2512//5073
f 2435//5074 2434//5074 2461//5074
f 2435//5075 2461//5075 2460//5075
f 2436//5076 2435//5076 2460//5076
f 2437//5077 2436//5077 2460//5077
f 2437//5078 2460//5078 2459//5078
f 2438//5079 2437//5079 2459//5079
f 2439//5080 2459//5080 2455//5080
f 2439//5081 2438//5081 2459//5081
f 2440//5082 2439//5082 2455//5082
f 2441//5083 2440//5083 2455//5083
f 2441//5084 2455//5084 2454//5084
f 2441//5085 2454//5085 2451//5085
f 2442//5086 2441//5086 2451//5086
f 2443//5087 2442//5087 2451//5087
f 2443//5088 2451//5088 2450//5088
f 2444//5089 2443//5089 2450//5089
f 2445//5090 2444//5090 2450//5090
f 2445//5091 2450//5091 2448//5091
f 2446//5092 2445//5092 2448//5092
f 2446//5093 2448//5093 2449//5093
f 2447//5094 2446//5094 2449//5094
f 2434//5095 2509//5095 2461//5095
f 2317//5096 2508//5096 2522//5096
f 2317//5097 2316//5097 2513//5097
f 2509//5098 2434//5098 2522//5098
f 2522//5099 2508//5099 2534//5099
f 2317//5100 2513//5100 2508//5100
f 2534//5101 2509//5101 2522//5101
f 2523//5102 2516//5102 2517//5102
f 2523//5103 2423//5103 2516//5103
f 2523//5104 2350//5104 2423//5104
f 2518//5105 2410//5105 2411//5105
f 2523//5106 2518//5106 2411//5106
f 2523//5107 2517//5107 2518//5107
f 2324//5108 2323//5108 2424//5108
f 2324//5109 2424//5109 2431//5109
f 2326//5110 2324//5110 2431//5110
f 2328//5111 2326//5111 2431//5111
f 2328//5112 2431//5112 2428//5112
f 2330//5113 2328//5113 2428//5113
f 2332//5114 2330//5114 2428//5114
f 2332//5115 2428//5115 2427//5115
f 2334//5116 2332//5116 2427//5116
f 2336//5117 2334//5117 2427//5117
f 2336//5118 2427//5118 2278//5118
f 2338//5119 2278//5119 2432//5119
f 2338//5120 2336//5120 2278//5120
f 2340//5121 2338//5121 2432//5121
f 2342//5122 2340//5122 2432//5122
f 2342//5123 2432//5123 2419//5123
f 2344//5124 2342//5124 2419//5124
f 2346//5125 2344//5125 2419//5125
f 2346//5126 2419//5126 2422//5126
f 2348//5127 2346//5127 2422//5127
f 2348//5128 2422//5128 2423//5128
f 2350//5129 2348//5129 2423//5129
f 2323//5130 2515//5130 2424//5130
f 2519//5131 2515//5131 2524//5131
f 2413//5132 2514//5132 2524//5132
f 2413//5133 2412//5133 2520//5133
f 2515//5134 2323//5134 2524//5134
f 2524//5135 2514//5135 2519//5135
f 2413//5136 2520//5136 2514//5136
f 2468//5137 2243//5137 2242//5137
f 2468//5138 2242//5138 2355//5138
f 2470//5139 2468//5139 2355//5139
f 2470//5140 2355//5140 2378//5140
f 2351//5141 2470//5141 2378//5141
f 2351//5142 2378//5142 2366//5142
f 2349//5143 2351//5143 2366//5143
f 2347//5144 2349//5144 2366//5144
f 2347//5145 2366//5145 2368//5145
f 2345//5146 2347//5146 2368//5146
f 2343//5147 2345//5147 2368//5147
f 2343//5148 2368//5148 2375//5148
f 2341//5149 2343//5149 2375//5149
f 2339//5150 2341//5150 2375//5150
f 2339//5151 2375//5151 2372//5151
f 2337//5152 2339//5152 2372//5152
f 2335//5153 2337//5153 2372//5153
f 2335//5154 2372//5154 2357//5154
f 2333//5155 2335//5155 2357//5155
f 2331//5156 2333//5156 2357//5156
f 2331//5157 2357//5157 2379//5157
f 2329//5158 2331//5158 2379//5158
f 2327//5159 2329//5159 2379//5159
f 2327//5160 2379//5160 2360//5160
f 2325//5161 2327//5161 2360//5161
f 2322//5162 2325//5162 2360//5162
f 2322//5163 2360//5163 2365//5163
f 2322//5164 2365//5164 2374//5164
f 2463//5165 2322//5165 2374//5165
f 2463//5166 2374//5166 2369//5166
f 2466//5167 2463//5167 2369//5167
f 2507//5168 2486//5168 2212//5168
f 2486//5169 2507//5169 2506//5169
f 2506//5170 2487//5170 2486//5170
f 2506//5171 2488//5171 2487//5171
f 2505//5172 2488//5172 2506//5172
f 2505//5173 2489//5173 2488//5173
f 2490//5174 2489//5174 2505//5174
f 2490//5175 2505//5175 2504//5175
f 2504//5176 2491//5176 2490//5176
f 2491//5177 2504//5177 2503//5177
f 2503//5178 2492//5178 2491//5178
f 2502//5179 2492//5179 2503//5179
f 2502//5180 2493//5180 2492//5180
f 2499//5181 2493//5181 2502//5181
f 2499//5182 2494//5182 2493//5182
f 2498//5183 2495//5183 2494//5183
f 2498//5184 2494//5184 2499//5184
f 2500//5185 2496//5185 2495//5185
f 2500//5186 2495//5186 2498//5186
f 2497//5187 2500//5187 2501//5187
f 2497//5188 2496//5188 2500//5188
f 2501//5189 2191//5189 2497//5189
f 2352//5190 2362//5190 2526//5190
f 2526//5191 2362//5191 2527//5191
f 2185//5192 2384//5192 2528//5192
f 2362//5193 2181//5193 2527//5193
f 2362//5194 2180//5194 2181//5194
f 2528//5195 2384//5195 2529//5195
f 2529//5196 2384//5196 2531//5196
f 2384//5197 2352//5197 2531//5197
f 2531//5198 2352//5198 2533//5198
f 2533//5199 2352//5199 2526//5199
f 2402//4945 2403//4945 2401//4945
f 2397//5200 2318//5200 2399//5200
f 2398//4887 2472//4887 2320//4887
f 2318//5200 2243//5200 2399//5200
f 2397//5200 2399//5200 2473//5200
f 2402//4945 2401//4945 2466//4945
f 2404//4942 2464//4942 2463//4942
f 2402//4946 2466//4946 2213//4946
f 2468//4949 2473//4949 2399//4949
f 2241//4861 2243//4861 2320//4861
f 2853//5201 320//5201 319//5201
f 2853//5202 378//5202 320//5202
f 2853//5203 376//5203 378//5203
f 2853//5204 377//5204 376//5204
f 2853//5205 375//5205 377//5205
f 2853//5206 392//5206 375//5206
f 2853//5207 391//5207 392//5207
f 2853//5208 389//5208 391//5208
f 2853//5209 1037//5209 389//5209
f 2853//5210 386//5210 1037//5210
f 2853//5211 385//5211 386//5211
f 2853//5212 334//5212 385//5212
f 2853//5213 333//5213 334//5213
f 2853//5214 324//5214 333//5214
f 2853//5215 323//5215 324//5215
f 2853//5216 325//5216 323//5216
f 2853//5217 335//5217 325//5217
f 2853//5218 332//5218 335//5218
f 2853//5219 331//5219 332//5219
f 2853//5220 330//5220 331//5220
f 2853//5221 329//5221 330//5221
f 2853//5222 328//5222 329//5222
f 2853//5223 327//5223 328//5223
f 2853//5224 326//5224 327//5224
f 2853//5225 388//5225 326//5225
f 2853//5226 387//5226 388//5226
f 2853//5227 384//5227 387//5227
f 2853//5228 390//5228 384//5228
f 2853//5229 380//5229 390//5229
f 2853//5230 749//5230 380//5230
f 2853//5231 748//5231 749//5231
f 2853//5232 381//5232 748//5232
f 2853//5233 2133//5233 381//5233
f 2853//5234 2132//5234 2133//5234
f 2853//5235 2131//5235 2132//5235
f 2853//5236 2130//5236 2131//5236
f 2853//5237 2163//5237 2130//5237
f 2853//5238 2164//5238 2163//5238
f 2853//5239 2153//5239 2164//5239
f 2853//5240 2154//5240 2153//5240
f 2853//5241 2155//5241 2154//5241
f 2853//5242 2152//5242 2155//5242
f 2853//5243 2151//5243 2152//5243
f 2853//5244 2145//5244 2151//5244
f 2853//5245 2144//5245 2145//5245
f 2853//5246 2148//5246 2144//5246
f 2853//5247 2147//5247 2148//5247
f 2853//5248 2150//5248 2147//5248
f 2853//5249 2149//5249 2150//5249
f 2853//5250 2178//5250 2149//5250
f 2853//5251 2169//5251 2178//5251
f 2853//5252 2168//5252 2169//5252
f 2853//5253 2170//5253 2168//5253
f 2853//5254 2171//5254 2170//5254
f 2853//5255 2172//5255 2171//5255
f 2853//5256 2177//5256 2172//5256
f 2853//5257 412//5257 2177//5257
f 2853//5258 1311//5258 412//5258
f 2853//5259 1324//5259 1311//5259
f 2853//5260 2175//5260 1324//5260
f 2853//5261 2174//5261 2175//5261
f 2853//5262 2173//5262 2174//5262
f 2853//5263 2176//5263 2173//5263
f 2853//5264 2134//5264 2176//5264
f 2853//5265 2135//5265 2134//5265
f 2853//5266 2136//5266 2135//5266
f 2853//5267 2137//5267 2136//5267
f 2853//5268 2138//5268 2137//5268
f 2853//5269 2139//5269 2138//5269
f 2853//5270 2140//5270 2139//5270
f 2853//5271 2141//5271 2140//5271
f 2853//5272 2142//5272 2141//5272
f 2853//5273 2143//5273 2142//5273
f 2853//5274 2146//5274 2143//5274
f 2853//5275 2159//5275 2146//5275
f 2853//5276 2158//5276 2159//5276
f 2853//5277 2157//5277 2158//5277
f 2853//5278 2156//5278 2157//5278
f 2853//5279 2160//5279 2156//5279
f 2853//5280 2161//5280 2160//5280
f 2853//5281 2162//5281 2161//5281
f 2853//5282 2165//5282 2162//5282
f 2853//5283 2166//5283 2165//5283
f 2853//5284 2167//5284 2166//5284
f 2853//5285 1266//5285 2167//5285
f 2853//5286 1660//5286 1266//5286
f 2853//5287 1661//5287 1660//5287
f 2853//5288 1265//5288 1661//5288
f 2853//5289 1275//5289 1265//5289
f 2853//5290 1269//5290 1275//5290
f 2853//5291 1272//5291 1269//5291
f 2853//5292 1273//5292 1272//5292
f 2853//5293 1181//5293 1273//5293
f 2853//5294 1182//5294 1181//5294
f 2853//5295 1183//5295 1182//5295
f 2853//5296 1184//5296 1183//5296
f 2853//5297 1185//5297 1184//5297
f 2853//5298 1186//5298 1185//5298
f 2853//5299 1187//5299 1186//5299
f 2853//5300 1190//5300 1187//5300
f 2853//5301 1180//5301 1190//5301
f 2853//5302 1178//5302 1180//5302
f 2853//5303 1179//5303 1178//5303
f 2853//5304 1188//5304 1179//5304
f 2853//5305 1189//5305 1188//5305
f 2853//5306 1270//5306 1189//5306
f 2853//5307 1271//5307 1270//5307
f 2853//5308 1949//5308 1271//5308
f 2853//5309 1274//5309 1949//5309
f 2853//5310 1276//5310 1274//5310
f 2853//5311 1277//5311 1276//5311
f 2853//5312 1260//5312 1277//5312
f 2853//5313 1262//5313 1260//5313
f 2853//5314 1261//5314 1262//5314
f 2853//5315 1263//5315 1261//5315
f 2853//5316 1175//5316 1263//5316
f 2853//5317 1174//5317 1175//5317
f 2853//5318 2120//5318 1174//5318
f 2853//5319 2121//5319 2120//5319
f 2853//5320 2122//5320 2121//5320
f 2853//5321 2123//5321 2122//5321
f 2853//5322 2124//5322 2123//5322
f 2853//5323 2119//5323 2124//5323
f 2853//5324 2118//5324 2119//5324
f 2853//5325 2117//5325 2118//5325
f 2853//5326 2116//5326 2117//5326
f 2853//5327 2115//5327 2116//5327
f 2853//5328 2114//5328 2115//5328
f 2853//5329 2109//5329 2114//5329
f 2853//5330 2110//5330 2109//5330
f 2853//5331 2113//5331 2110//5331
f 2853//5332 2112//5332 2113//5332
f 2853//5333 2111//5333 2112//5333
f 2853//5334 2127//5334 2111//5334
f 2853//5335 2128//5335 2127//5335
f 2853//5336 2129//5336 2128//5336
f 2853//5337 2126//5337 2129//5337
f 2853//5338 2125//5338 2126//5338
f 2853//5339 319//5339 2125//5339
