v 0.001433 -0.002506 -0.064292
v 0.005510 0.002130 -0.064296
v -0.005361 0.001587 -0.064287
v -0.003748 -0.001182 -0.064287
v -0.001926 -0.002247 -0.064290
v 0.004090 -0.000800 -0.064278
v 0.016565 0.068184 -0.078563
v -0.016402 0.068127 -0.080613
v 0.016409 0.068127 -0.080659
v 0.016443 0.064447 -0.077009
v -0.016458 0.064389 -0.077008
v 0.016477 0.071630 -0.053371
v 0.016659 0.071723 -0.062141
v 0.016503 0.074283 -0.053309
v 0.016458 0.068384 -0.062072
v 0.016712 0.068432 -0.066274
v 0.016517 0.046201 -0.067721
v 0.016524 0.044483 -0.069656
v 0.016561 0.066902 -0.077014
v 0.016451 0.044522 -0.075104
v 0.016718 0.046294 -0.076411
v 0.016659 0.071723 -0.082331
v 0.016328 0.068254 -0.082401
v 0.016542 0.074235 -0.091167
v 0.016477 0.071630 -0.091102
v 0.008013 0.068326 -0.058787
v -0.010800 0.068251 -0.061820
v -0.016459 0.068384 -0.062072
v 0.010648 0.068266 -0.061749
v 0.007760 0.068326 -0.053411
v -0.007762 0.068406 -0.053331
v -0.007773 0.068130 -0.059343
v -0.016478 0.071630 -0.053371
v -0.007740 0.071691 -0.053242
v -0.016522 0.074252 -0.053326
v 0.007739 0.071691 -0.053242
v -0.016540 0.074283 -0.091128
v -0.007802 0.071692 -0.091233
v -0.016478 0.071630 -0.091101
v 0.007702 0.068384 -0.091157
v -0.007703 0.068311 -0.091083
v 0.007822 0.071663 -0.091184
v 0.007547 0.068141 -0.086045
v -0.007541 0.068143 -0.086086
v -0.016553 0.066930 -0.067450
v 0.016562 0.066855 -0.067511
v -0.016529 0.044566 -0.069369
v -0.016348 0.068236 -0.082345
v -0.016650 0.071717 -0.082408
v -0.016660 0.071723 -0.062141
v -0.016713 0.068447 -0.066251
v -0.016571 0.046287 -0.067784
v -0.016714 0.066965 -0.076724
v -0.016442 0.044449 -0.074852
v -0.016560 0.068131 -0.078284
v -0.016719 0.046294 -0.076411
v -0.011260 0.071471 -0.082732
v -0.008289 0.071471 -0.085176
v -0.008009 0.068604 -0.086461
v -0.008846 0.068605 -0.084528
v -0.011103 0.068607 -0.082755
v -0.008201 0.071471 -0.059063
v -0.011133 0.071471 -0.061728
v -0.008153 0.068615 -0.058782
v 0.008288 0.071471 -0.085176
v 0.011310 0.071471 -0.082709
v 0.011086 0.068623 -0.082770
v 0.008845 0.068605 -0.084528
v 0.008010 0.068600 -0.086448
v 0.008042 0.071471 -0.058277
v 0.009199 0.071471 -0.060376
v 0.011391 0.071471 -0.061777
v -0.016259 0.068099 -0.065658
v 0.016254 0.068103 -0.065621
v -0.016249 0.066361 -0.077058
v -0.016236 0.046205 -0.076886
v 0.016228 0.046347 -0.076912
v 0.010454 0.068131 -0.082434
v -0.010511 0.068132 -0.082397
v 0.016387 0.068113 -0.086170
v 0.016539 0.043948 -0.089441
v -0.016558 0.044189 -0.089494
v 0.014013 0.017301 -0.074208
v -0.014016 0.017327 -0.074233
v 0.013928 0.017175 -0.072234
v -0.013925 0.017176 -0.072234
v 0.008486 -0.011171 -0.072059
v 0.012420 -0.008753 -0.071958
v -0.010422 -0.010273 -0.072041
v -0.007642 -0.011205 -0.072105
v -0.013592 -0.005955 -0.072237
v 0.013782 -0.004838 -0.072236
v 0.011278 -0.009597 -0.064421
v 0.013977 -0.005293 -0.064353
v 0.008705 -0.011071 -0.064400
v 0.013922 0.017176 -0.064277
v 0.004875 0.005257 -0.064297
v -0.008742 -0.010769 -0.064275
v -0.012319 -0.008680 -0.064468
v -0.014014 -0.005428 -0.064428
v -0.013928 0.017175 -0.064277
v 0.014352 0.017593 -0.062096
v -0.014344 0.017430 -0.062225
v 0.016227 0.043848 -0.076990
v -0.014268 0.017853 -0.062059
v -0.016220 0.043844 -0.076979
v 0.016496 0.064713 -0.089576
v -0.016528 0.064755 -0.089507
v -0.016388 0.068113 -0.086170
v 0.016683 0.043732 -0.077434
v 0.014416 0.017648 -0.073915
v 0.014407 0.017605 -0.064751
v 0.014416 0.017616 -0.071745
v -0.014285 -0.004598 -0.071759
v -0.014408 0.017603 -0.064758
v -0.014418 0.017648 -0.073915
v -0.014418 0.017617 -0.071751
v -0.016684 0.043731 -0.077434
v 0.013364 -0.007431 -0.064753
v 0.014241 -0.005042 -0.071753
v -0.013050 -0.008055 -0.071761
v -0.008807 -0.011247 -0.064760
v 0.003110 0.007383 -0.064283
v -0.005043 0.004809 -0.064295
v 0.000003 0.002865 -0.069676
v -0.000230 0.008410 -0.064308
v -0.003094 0.007323 -0.064291
v 0.015639 0.056811 -0.077154
v 0.014280 0.059374 -0.077207
v 0.013345 0.060202 -0.081788
v 0.011123 0.049594 -0.081788
v 0.012069 0.049885 -0.077490
v 0.012581 0.060577 -0.077489
v 0.014228 0.051433 -0.081788
v 0.009816 0.061430 -0.077499
v 0.009551 0.061428 -0.081788
v 0.014344 0.051771 -0.077489
v 0.015462 0.054208 -0.077497
v 0.015647 0.056005 -0.081788
v 0.012997 0.049837 -0.077013
v 0.003439 0.055725 -0.077492
v 0.003052 0.053991 -0.077016
v 0.015610 0.052882 -0.077013
v 0.004396 0.052309 -0.077489
v 0.005497 0.050300 -0.077012
v 0.005980 0.050562 -0.077490
v 0.008627 0.049418 -0.077499
v 0.009009 0.048844 -0.077013
v 0.004033 0.058955 -0.077014
v 0.011847 0.061511 -0.077013
v 0.007641 0.061689 -0.077014
v 0.006751 0.060729 -0.077482
v 0.004759 0.059012 -0.077489
v 0.004875 0.051433 -0.081788
v 0.005758 0.060202 -0.081788
v 0.008350 0.049475 -0.081788
v 0.003456 0.056005 -0.081788
v -0.003935 0.058139 -0.077210
v -0.005760 0.060202 -0.081788
v -0.007981 0.049594 -0.081788
v -0.007035 0.049885 -0.077490
v -0.006523 0.060577 -0.077489
v -0.004876 0.051433 -0.081788
v -0.009288 0.061430 -0.077499
v -0.009553 0.061428 -0.081788
v -0.004760 0.051771 -0.077489
v -0.003436 0.054624 -0.077314
v -0.003457 0.056005 -0.081788
v -0.004424 0.051182 -0.077015
v -0.015665 0.055725 -0.077492
v -0.015868 0.057200 -0.077013
v -0.015672 0.053096 -0.077013
v -0.014708 0.052309 -0.077489
v -0.013314 0.050535 -0.077300
v -0.010477 0.049418 -0.077499
v -0.009447 0.048743 -0.077015
v -0.010505 0.061813 -0.077012
v -0.013526 0.060581 -0.077013
v -0.006634 0.061318 -0.077015
v -0.012353 0.060729 -0.077482
v -0.014345 0.059012 -0.077489
v -0.014229 0.051433 -0.081788
v -0.013346 0.060202 -0.081788
v -0.010754 0.049475 -0.081788
v -0.015648 0.056005 -0.081788
v -0.004775 0.003420 -0.066639
v -0.000573 -0.001871 -0.066643
v -0.003723 -0.000258 -0.066619
v -0.003734 0.005754 -0.066622
v -0.001633 0.007392 -0.066635
v -0.003183 0.004310 -0.066638
v -0.001317 -0.000360 -0.066630
v -0.003266 0.001542 -0.066595
v -0.001568 0.005933 -0.066624
v 0.002896 0.004639 -0.064315
v 0.000018 -0.000516 -0.064303
v 0.001111 0.006013 -0.064305
v 0.002332 0.000384 -0.064302
v 0.003322 0.002427 -0.064305
v 0.000248 0.005666 -0.064237
v -0.002066 0.004784 -0.064240
v -0.000249 0.000043 -0.064237
v -0.002772 0.001921 -0.064237
v 0.004595 0.004455 -0.064311
v 0.002841 0.006840 -0.064309
v -0.000829 -0.001970 -0.064310
v 0.002852 -0.001207 -0.064308
v -0.000024 0.007722 -0.064315
v 0.004737 0.001735 -0.064314
v 0.014218 0.017039 -0.064119
v -0.014219 0.017039 -0.064118
v 0.001370 0.005139 -0.052336
v 0.002771 0.003788 -0.064237
v 0.002429 0.001394 -0.052335
v 0.002065 0.000926 -0.064240
v 0.001544 0.007364 -0.066619
v -0.007710 -0.011023 -0.049263
v -0.013941 -0.000762 -0.049243
v -0.013944 0.006472 -0.049244
v 0.003611 -0.011069 -0.049232
v 0.013865 -0.005009 -0.049274
v 0.013942 -0.000762 -0.049244
v 0.003620 0.016786 -0.049232
v 0.003572 0.006428 -0.049171
v 0.013944 0.006478 -0.049242
v -0.003603 -0.000747 -0.049157
v -0.003612 -0.011069 -0.049232
v -0.000001 -0.011161 -0.051772
v -0.000001 0.002855 -0.051660
v -0.000001 0.016870 -0.051776
v -0.003614 0.016787 -0.049235
v -0.003579 0.006433 -0.049168
v 0.003602 -0.000747 -0.049157
v 0.009062 -0.010843 -0.049308
v -0.010935 -0.010045 -0.064179
v 0.012514 -0.008594 -0.064184
v -0.005485 -0.000420 -0.064234
v -0.013987 -0.006015 -0.064173
v -0.006246 0.001687 -0.064239
v 0.001163 0.009095 -0.064242
v -0.004837 0.003407 -0.064309
v -0.001169 0.009101 -0.064239
v -0.003275 0.008339 -0.064234
v -0.007530 -0.011314 -0.064178
v 0.001167 -0.003391 -0.064240
v 0.003274 -0.002630 -0.064234
v -0.011264 -0.009514 -0.049260
v -0.013811 -0.005612 -0.049279
v -0.011929 0.004048 -0.064247
v -0.011671 0.004319 -0.051585
v -0.006552 0.004381 -0.051572
v -0.001454 0.009343 -0.051583
v -0.004259 0.008087 -0.051563
v 0.001458 0.014520 -0.051586
v 0.006485 0.004304 -0.051586
v 0.006280 0.004043 -0.064256
v 0.004310 0.007728 -0.064229
v 0.004848 0.007700 -0.051550
v 0.011928 0.014792 -0.064245
v 0.001448 0.009339 -0.051586
v 0.007916 -0.008987 -0.064244
v 0.011368 -0.005809 -0.051569
v 0.011556 -0.006203 -0.064236
v 0.011927 0.001662 -0.064247
v 0.006551 0.001328 -0.051572
v 0.001454 -0.003634 -0.051583
v 0.004259 -0.002378 -0.051561
v 0.001459 -0.008812 -0.051587
v 0.008104 -0.008653 -0.051570
v -0.011726 -0.005626 -0.064245
v -0.007840 -0.008709 -0.051578
v -0.008508 -0.008856 -0.064232
v -0.001458 -0.008810 -0.051588
v -0.001194 -0.009073 -0.064247
v -0.001527 -0.003697 -0.051572
v -0.006489 0.001400 -0.051583
v -0.005233 -0.001405 -0.051561
v -0.011638 -0.004439 -0.051575
v -0.010520 -0.006967 -0.051539
v 0.003132 0.004324 -0.066627
v 0.003909 0.005611 -0.066637
v 0.001152 0.006234 -0.066635
v -0.003431 0.003549 -0.064284
v -0.001149 0.006055 -0.064309
v -0.002306 0.000359 -0.064302
v -0.001371 0.000570 -0.052336
v -0.002430 0.004316 -0.052335
v 0.012447 -0.008159 -0.049227
v 0.013965 0.016762 -0.049334
v 0.014158 -0.004946 -0.064163
v -0.013950 0.016760 -0.049307
v 0.008501 -0.011186 -0.064184
v 0.011673 0.004320 -0.051587
v 0.011935 0.004054 -0.064247
v 0.011674 0.014521 -0.051588
v 0.001203 0.014792 -0.064246
v -0.004054 -0.000008 -0.064313
v -0.003308 0.006555 -0.064310
v -0.011675 0.014520 -0.051586
v -0.011938 0.014784 -0.064245
v -0.001459 0.014520 -0.051587
v -0.006246 0.004022 -0.064240
v -0.001201 0.014791 -0.064247
v -0.005374 0.006334 -0.064240
v 0.011673 0.001390 -0.051588
v 0.006245 0.001687 -0.064240
v 0.001200 -0.009081 -0.064247
v 0.005373 -0.000624 -0.064240
v -0.011673 0.001390 -0.051587
v -0.001169 -0.003391 -0.064239
v -0.011936 0.001655 -0.064247
v -0.003480 -0.002519 -0.064240
v 0.003428 0.002185 -0.066622
v 0.001704 -0.000299 -0.066617
v 0.004791 0.002411 -0.066634
v 0.002979 -0.000984 -0.066654
v 0.014016 0.002855 -0.051772
v -0.014025 0.002855 -0.051781
v 0.016907 0.129386 -0.050662
v 0.016907 0.128061 -0.049254
v 0.016907 0.144678 -0.049254
v 0.016907 0.144678 -0.050662
v 0.020229 0.101954 -0.096345
v 0.020229 0.102355 -0.097984
v 0.020229 0.101950 0.096336
v 0.020227 0.119256 0.097643
v 0.020227 0.112868 0.099823
v 0.020229 0.107658 0.101269
v 0.020229 0.106203 0.101171
v 0.020229 0.104801 0.100693
v 0.020229 0.103564 0.099742
v 0.020229 0.102764 0.098733
v 0.020229 0.103432 -0.099619
v 0.020228 0.104876 -0.100746
v 0.020229 0.102223 0.097550
v 0.002641 0.144927 -0.044970
v 0.006585 0.144858 -0.044493
v -0.001723 0.145003 -0.045064
v 0.015239 0.144707 -0.042045
v 0.010703 0.144786 -0.043606
v -0.001723 0.146209 -0.045064
v 0.005242 0.155439 -0.063424
v 0.004364 0.156225 -0.063408
v 0.005304 0.148190 -0.063425
v 0.000686 0.146985 -0.140604
v 0.001936 0.153649 -0.138866
v 0.001421 0.152180 -0.139208
v 0.002064 0.150539 -0.140639
v 0.002485 0.155993 -0.138216
v 0.001977 0.147273 -0.141393
v 0.001318 0.147399 -0.140809
v 0.002668 0.154909 -0.140915
v 0.002603 0.151341 -0.141665
v 0.002422 0.148999 -0.141794
v 0.002617 0.155659 -0.139151
v 0.001518 0.149401 -0.140429
v 0.001299 0.154607 -0.137558
v 0.000664 0.149251 -0.140054
v 0.001944 0.155992 -0.137034
v 0.002624 0.146733 -0.142930
v 0.002285 0.145414 -0.142064
v 0.001523 0.145444 -0.141175
v 0.002475 0.152715 -0.140410
v 0.000879 0.156141 -0.135874
v 0.002624 0.127328 -0.142772
v 0.002673 0.122785 -0.142886
v 0.002680 0.128329 -0.144434
v 0.002622 0.117267 -0.137011
v 0.002676 0.117347 -0.139237
v 0.002719 0.154088 -0.141994
v 0.002006 0.111992 -0.136393
v 0.002514 0.111726 -0.136627
v 0.004166 0.114185 -0.136119
v 0.003490 0.114144 -0.136060
v 0.020228 0.122331 -0.093422
v 0.020310 0.125418 -0.039540
v 0.020248 0.123635 -0.039575
v 0.020438 0.127999 -0.049189
v 0.020285 0.123931 0.000410
v 0.020399 0.124197 0.039487
v 0.021198 0.124653 0.039010
v 0.020876 0.135525 -0.039206
v 0.020876 0.135525 -0.049181
v 0.020228 0.122344 0.093311
v 0.020229 0.106925 -0.101285
v 0.020229 0.108388 -0.101121
v 0.020227 0.121810 0.095059
v 0.020228 0.120774 0.096571
v 0.020229 0.119500 -0.097533
v 0.020233 0.122772 0.043374
v 0.020229 0.120954 -0.096358
v 0.020229 0.121778 -0.095113
v 0.019600 0.143421 -0.039941
v 0.019617 0.143353 -0.049204
v 0.020431 0.133871 0.039471
v 0.019025 0.144223 -0.049215
v 0.019106 0.144120 -0.040209
v 0.018314 0.144607 -0.040626
v 0.018098 0.144641 -0.049232
v 0.018506 0.049865 0.127964
v 0.018748 0.049843 -0.122835
v 0.015186 0.049759 -0.092616
v 0.018639 0.049840 0.114862
v 0.015016 0.049803 0.129651
v 0.014362 0.049745 -0.093715
v 0.013565 0.049731 -0.094025
v 0.016221 0.049807 -0.129166
v 0.014000 0.049738 0.093927
v 0.014961 0.049755 0.093068
v 0.018596 0.049887 -0.127391
v 0.015236 0.049760 0.092234
v -0.001723 0.146209 0.045064
v 0.002895 0.148232 -0.047053
v 0.007703 0.148148 -0.046458
v 0.013914 0.148041 -0.044826
v 0.018574 0.147887 -0.103626
v 0.005304 0.148175 -0.102729
v 0.025892 0.147793 0.048038
v 0.032863 0.147697 0.051969
v 0.030039 0.147728 0.101738
v 0.006298 0.148172 0.046699
v 0.010895 0.148092 0.045711
v 0.015811 0.148016 0.044136
v 0.022689 0.147864 0.045815
v 0.018699 0.089699 -0.139615
v 0.018592 0.071162 -0.141016
v 0.018692 0.108250 -0.136950
v 0.018643 0.117918 -0.135062
v 0.012242 0.061403 -0.141272
v 0.017882 0.064585 -0.141169
v 0.018383 0.099928 -0.138324
v 0.004882 0.114551 -0.136029
v 0.005293 0.115336 -0.135863
v 0.021275 0.060553 -0.136877
v 0.021280 0.063655 -0.139051
v 0.012851 0.054372 -0.135983
v 0.022668 0.059686 -0.133592
v 0.020554 0.056936 -0.134889
v 0.021627 0.055198 -0.132077
v 0.022965 0.064006 -0.135884
v 0.014955 0.056702 -0.137665
v 0.022474 0.052958 -0.127153
v 0.022182 0.065162 -0.138437
v 0.022706 0.054882 -0.128991
v 0.022340 0.061600 -0.135835
v 0.022285 0.055318 -0.130819
v 0.013122 0.059791 -0.140534
v 0.023430 0.060708 -0.131835
v 0.023057 0.067677 -0.137322
v 0.023218 0.056000 -0.127823
v 0.023855 0.070442 -0.134143
v 0.023207 0.071178 -0.137248
v 0.023228 0.078613 -0.136617
v 0.024201 0.072373 -0.130868
v 0.022954 0.096501 -0.135021
v 0.016538 0.053756 -0.134569
v 0.023716 0.095691 -0.130978
v 0.015087 0.051085 -0.132377
v 0.022769 0.118557 -0.131239
v 0.023485 0.117379 -0.127333
v 0.017218 0.060491 -0.139964
v 0.022670 0.126031 -0.129128
v 0.023609 0.124102 -0.123920
v 0.022570 0.131696 -0.126836
v 0.017755 0.051086 -0.131657
v 0.024197 0.124350 -0.118983
v 0.023584 0.056522 -0.125153
v 0.023775 0.060662 -0.129637
v 0.022485 0.135730 -0.124481
v 0.018438 0.054804 -0.134703
v 0.022966 0.053513 -0.124415
v 0.024199 0.131760 -0.111392
v 0.023751 0.065078 -0.133108
v 0.018494 0.053573 -0.133624
v 0.024200 0.060085 -0.118244
v 0.022988 0.053696 -0.114566
v 0.023293 0.137610 -0.112853
v 0.022512 0.142228 -0.115933
v 0.022649 0.143626 -0.110015
v 0.024199 0.135444 -0.103565
v 0.018382 0.061226 -0.139899
v 0.022438 0.138978 -0.121655
v 0.019634 0.051569 -0.131063
v 0.019450 0.055179 -0.134403
v 0.022742 0.144335 -0.103637
v 0.020330 0.053540 -0.132270
v 0.024188 0.064774 -0.129310
v 0.019829 0.062390 -0.139771
v 0.006668 0.058752 -0.140457
v 0.004912 0.053981 -0.136377
v 0.024197 0.061927 -0.126142
v 0.009834 0.056971 -0.138759
v 0.021066 0.052061 -0.129866
v 0.011543 0.050591 -0.132090
v 0.021820 0.052482 -0.128753
v 0.023679 0.103110 0.107081
v 0.026957 0.106855 0.116410
v 0.025426 0.087601 0.121729
v 0.024031 0.099091 0.111662
v 0.029318 0.095843 0.127255
v 0.024816 0.087003 0.119805
v 0.024213 0.078577 0.114074
v 0.027476 0.079608 0.130035
v 0.025027 0.061815 0.125895
v 0.025630 0.066325 0.129848
v 0.026404 0.071775 0.130704
v 0.024352 0.067946 0.117146
v 0.024229 0.060168 0.115793
v 0.023582 0.095521 0.099896
v 0.023510 0.101463 -0.096306
v 0.023535 0.101972 -0.098618
v 0.023512 0.103006 -0.099926
v 0.023624 0.093349 -0.107367
v 0.023524 0.119713 0.097932
v 0.023768 0.120602 0.099111
v 0.023494 0.108507 0.101633
v 0.023525 0.106335 0.101795
v 0.023491 0.101505 0.096508
v 0.024627 0.120684 0.102427
v 0.023488 0.102073 0.098373
v 0.025508 0.104339 0.114053
v 0.024591 0.099001 0.114172
v 0.028160 0.121433 0.111098
v 0.023483 0.104707 0.101139
v 0.023534 0.103312 0.100407
v 0.032106 0.120255 0.120620
v 0.030954 0.110193 0.123716
v 0.023523 0.104637 -0.101228
v 0.026567 0.120968 0.107538
v 0.024199 0.135692 -0.036992
v 0.022878 0.143993 -0.037932
v 0.029342 0.127379 0.107193
v 0.023726 0.124360 0.037905
v 0.034001 0.132301 0.110498
v 0.024415 0.124872 0.094595
v 0.023795 0.122936 0.096459
v 0.023543 0.122485 0.094664
v 0.023498 0.121207 0.096648
v 0.034426 0.134148 0.107064
v 0.028497 0.124419 0.109108
v 0.026075 0.127111 0.094942
v 0.034149 0.133865 0.079247
v 0.030139 0.130744 0.083846
v 0.024378 0.135653 0.038424
v 0.033019 0.126821 0.116706
v 0.026294 0.127260 0.096768
v 0.025050 0.134138 0.040196
v 0.032492 0.123253 0.119251
v 0.026330 0.126600 0.099412
v 0.033513 0.129757 0.113820
v 0.025764 0.124603 0.101594
v 0.024797 0.124954 0.097133
v 0.026539 0.131895 0.042214
v 0.028967 0.129569 0.101215
v 0.027534 0.131705 0.043249
v 0.024458 0.122713 0.099951
v 0.026141 0.135307 0.042083
v 0.028414 0.131083 0.044437
v 0.023605 0.102470 -0.109434
v 0.023524 0.107832 -0.101861
v 0.027915 0.127568 0.102765
v 0.027711 0.133554 0.043342
v 0.029247 0.130426 0.097897
v 0.029015 0.132928 0.044287
v 0.023584 0.124369 -0.097604
v 0.035040 0.135665 0.100620
v 0.026089 0.122729 0.104834
v 0.034740 0.135199 0.104102
v 0.023756 0.123551 0.093544
v 0.023491 0.122783 -0.092677
v 0.023677 0.126672 -0.037371
v 0.023493 0.122777 0.030702
v 0.023689 0.126668 0.033501
v 0.023957 0.126669 0.037169
v 0.024486 0.127027 0.039693
v 0.023902 0.123941 0.044476
v 0.024676 0.126020 0.041996
v 0.023498 0.105843 -0.101574
v 0.024823 0.125452 0.045821
v 0.023498 0.122704 0.041075
v 0.024536 0.128504 0.039020
v 0.025486 0.127548 0.042526
v 0.024037 0.124078 0.050490
v 0.025669 0.128249 0.042162
v 0.025545 0.129422 0.041258
v 0.024393 0.130941 0.038061
v 0.024911 0.131009 0.039581
v 0.025907 0.127364 0.044305
v 0.023496 0.114189 -0.099898
v 0.024737 0.125143 0.051560
v 0.025708 0.131591 0.041100
v 0.026071 0.127098 0.045954
v 0.027264 0.129165 0.044580
v 0.026944 0.130088 0.043156
v 0.025772 0.126369 0.048825
v 0.027016 0.127546 0.050346
v 0.027732 0.128989 0.045991
v 0.024182 0.135757 0.037007
v 0.024760 0.125294 0.084272
v 0.027957 0.128768 0.047593
v 0.029361 0.130490 0.046606
v 0.030008 0.131748 0.045818
v 0.031070 0.131445 0.048267
v 0.029390 0.132214 0.044809
v 0.031302 0.133280 0.045935
v 0.025717 0.126362 0.066477
v 0.031372 0.131346 0.049955
v 0.028850 0.129205 0.050388
v 0.027374 0.135693 0.043349
v 0.028575 0.135743 0.044139
v 0.032754 0.133258 0.047564
v 0.030376 0.134830 0.044900
v 0.033621 0.135682 0.046418
v 0.037496 0.135690 0.051603
v 0.036807 0.135702 0.049730
v 0.036112 0.135696 0.048584
v 0.035145 0.135732 0.047508
v 0.023537 0.120066 -0.097949
v 0.024202 0.099878 -0.126475
v 0.030158 0.130141 0.055611
v 0.023496 0.121315 -0.096666
v 0.027771 0.128716 0.088304
v 0.023498 0.122531 -0.094450
v 0.037111 0.135685 0.069431
v 0.032159 0.131664 0.052713
v 0.037945 0.135688 0.055410
v 0.023955 0.124541 0.040535
v 0.024127 0.129376 0.037044
v 0.023524 0.122751 0.092910
v 0.030954 0.134124 0.045311
v 0.026112 0.142830 0.042346
v 0.024839 0.143075 0.040817
v 0.037594 0.143003 0.052273
v 0.037276 0.143178 0.050996
v 0.036673 0.142965 0.049515
v 0.037879 0.143035 0.054455
v 0.036076 0.142572 0.048536
v 0.027353 0.143250 0.043440
v 0.023749 0.143809 0.038945
v 0.023328 0.143612 0.037616
v 0.028708 0.143388 0.044270
v 0.035545 0.143286 0.047978
v 0.034401 0.142790 0.046928
v 0.032630 0.142782 0.045883
v 0.037894 0.142784 0.057299
v 0.019218 0.054598 0.134389
v 0.016910 0.056384 0.136922
v 0.028640 0.094863 0.131547
v 0.028993 0.106160 0.133599
v 0.030487 0.119357 0.130616
v 0.031874 0.123964 0.124089
v 0.031371 0.127090 0.128121
v 0.032259 0.132555 0.124351
v 0.033307 0.139496 0.117485
v 0.023152 0.053648 0.120377
v 0.023880 0.056427 0.125549
v 0.023011 0.053063 0.124358
v 0.022656 0.052990 0.127347
v 0.013584 0.050845 0.132387
v 0.022671 0.054150 0.129291
v 0.023460 0.055937 0.128914
v 0.021748 0.052385 0.129427
v 0.021834 0.054626 0.131831
v 0.020768 0.054186 0.132778
v 0.020443 0.051571 0.130405
v 0.019431 0.051603 0.131408
v 0.015088 0.053236 0.134620
v 0.017895 0.052744 0.133380
v 0.018160 0.051251 0.131777
v 0.024347 0.059063 0.128822
v 0.008670 0.055812 0.137902
v 0.020436 0.058054 0.136337
v 0.022036 0.058509 0.135019
v 0.023786 0.059349 0.132109
v 0.012632 0.056626 0.138107
v 0.009254 0.059182 0.140587
v 0.014387 0.060001 0.140442
v 0.025121 0.063787 0.130789
v 0.034947 0.143269 0.101585
v 0.024786 0.064246 0.133657
v 0.019037 0.061934 0.140230
v 0.034485 0.142618 0.107110
v 0.021083 0.062988 0.139647
v 0.033819 0.141246 0.113393
v 0.017184 0.061053 0.140388
v 0.022902 0.057201 0.132366
v 0.022494 0.063706 0.138640
v 0.023015 0.053816 0.114396
v 0.024077 0.063978 0.135778
v 0.024734 0.068007 0.137246
v 0.025774 0.070775 0.135121
v 0.023363 0.064882 0.138176
v 0.023960 0.066923 0.138394
v 0.026577 0.074801 0.133533
v 0.025447 0.072038 0.137234
v 0.026071 0.076153 0.136773
v 0.027943 0.095835 0.135182
v 0.027363 0.133464 0.129259
v 0.026997 0.130170 0.131049
v 0.026151 0.122801 0.133788
v 0.029968 0.147427 0.105982
v 0.029015 0.145198 0.115367
v 0.029473 0.146581 0.110980
v 0.028432 0.143604 0.118800
v 0.027776 0.139874 0.124029
v 0.027744 0.135941 0.127561
v 0.028682 0.141634 0.121814
v 0.027971 0.138113 0.125768
v 0.026776 0.126970 0.132380
v 0.022388 0.084342 0.140072
v 0.017741 0.063758 0.141184
v 0.023497 0.093684 0.139040
v 0.021382 0.073692 0.140833
v 0.024513 0.103581 0.137629
v 0.010957 0.061696 0.141342
v 0.025433 0.113116 0.135908
v 0.022945 0.053547 0.060953
v 0.018458 0.130942 -0.131424
v 0.005304 0.129205 -0.132395
v 0.018349 0.142537 -0.123254
v 0.005304 0.142488 -0.123764
v 0.005304 0.143981 -0.121657
v 0.018071 0.147149 -0.112256
v 0.005304 0.146996 -0.114182
v 0.018602 0.126714 -0.132876
v 0.005304 0.121925 -0.134448
v 0.017932 0.141052 -0.125048
v 0.005304 0.140688 -0.125771
v 0.005304 0.145638 -0.118416
v 0.018336 0.139303 -0.126632
v 0.018233 0.145437 -0.118152
v 0.005304 0.138135 -0.127918
v 0.018525 0.147694 -0.107598
v 0.005304 0.147868 -0.108849
v 0.018228 0.136856 -0.128480
v 0.018041 0.144272 -0.120678
v 0.005304 0.134378 -0.130235
v 0.018022 0.133698 -0.130260
v 0.005252 0.153713 -0.141502
v 0.005299 0.154988 -0.138791
v 0.005290 0.148430 -0.143454
v 0.005299 0.126904 -0.143311
v 0.005259 0.121631 -0.141609
v 0.022947 0.126622 0.037882
v 0.022946 0.145012 0.037881
v 0.022452 0.145887 0.038246
v 0.021987 0.126274 0.038515
v 0.021393 0.125816 0.038891
v 0.020832 0.125205 0.039232
v 0.018648 0.145966 0.040457
v 0.014555 0.146036 0.042326
v 0.010333 0.146120 0.043684
v 0.002779 0.146259 0.044951
v 0.023040 0.126632 0.019505
v 0.020014 0.145939 -0.039715
v 0.021488 0.125984 -0.038832
v 0.002545 0.146266 -0.044970
v 0.021928 0.145907 -0.038554
v 0.022404 0.145196 -0.038244
v 0.022817 0.126590 -0.037970
v 0.006568 0.146189 -0.044506
v 0.010755 0.146110 -0.043583
v 0.014165 0.146049 -0.042456
v 0.017037 0.146000 -0.041261
v 0.020565 0.124840 -0.039389
v 0.025913 0.146743 0.044992
v 0.026063 0.147343 0.046412
v 0.026037 0.143920 0.042480
v 0.024668 0.144136 0.040925
v 0.025012 0.146140 0.043193
v 0.026161 0.145017 0.043251
v 0.023448 0.147499 0.044391
v 0.023926 0.146814 0.043126
v 0.024415 0.145098 0.041258
v 0.023748 0.146099 0.041526
v 0.023413 0.145106 0.039444
v 0.022800 0.146222 0.039969
v 0.021718 0.147618 0.042515
v 0.037658 0.144230 0.055762
v 0.022368 0.147196 0.041822
v 0.021773 0.147132 0.040168
v 0.036595 0.145984 0.055718
v 0.036220 0.143794 0.049064
v 0.036630 0.144455 0.050289
v 0.034898 0.143805 0.047530
v 0.037331 0.144214 0.052363
v 0.035317 0.144604 0.048365
v 0.035543 0.145137 0.049033
v 0.035866 0.145826 0.050675
v 0.036827 0.145255 0.052302
v 0.035227 0.147067 0.056080
v 0.034215 0.144847 0.047528
v 0.036422 0.145945 0.053276
v 0.033161 0.143900 0.046367
v 0.033988 0.147539 0.054031
v 0.032599 0.144940 0.046583
v 0.032874 0.145872 0.047459
v 0.035756 0.146494 0.052551
v 0.034220 0.145874 0.048441
v 0.035042 0.146803 0.051505
v 0.034604 0.147220 0.052626
v 0.034818 0.146392 0.049830
v 0.033804 0.147305 0.050954
v 0.033324 0.146906 0.049253
v 0.031831 0.146808 0.048131
v 0.028632 0.144592 0.044661
v 0.031975 0.147476 0.049782
v 0.028266 0.145453 0.045021
v 0.028099 0.146529 0.046046
v 0.027307 0.144363 0.043777
v 0.020305 0.147880 0.041887
v 0.037085 0.145205 0.057822
v 0.026497 0.146031 0.044433
v 0.034529 0.144620 0.101535
v 0.033801 0.145773 0.101910
v 0.032825 0.146694 0.102041
v 0.031894 0.147251 0.101873
v 0.031003 0.147553 0.102635
v 0.034297 0.144193 0.105472
v 0.033701 0.145199 0.105786
v 0.029810 0.121881 0.131840
v 0.030203 0.121145 0.131292
v 0.029023 0.122276 0.132597
v 0.029903 0.129768 0.129800
v 0.029750 0.132511 0.128727
v 0.030708 0.134168 0.126973
v 0.028288 0.131755 0.129967
v 0.027969 0.121476 0.133513
v 0.029904 0.135522 0.126879
v 0.030875 0.137566 0.124503
v 0.028859 0.134485 0.128181
v 0.029036 0.136591 0.126662
v 0.030692 0.139467 0.123019
v 0.031830 0.139189 0.121795
v 0.027433 0.124292 0.133079
v 0.031171 0.141648 0.120041
v 0.030664 0.127181 0.129674
v 0.026617 0.118695 0.134608
v 0.032272 0.141682 0.118204
v 0.031419 0.143552 0.116791
v 0.032674 0.143660 0.114081
v 0.029396 0.125783 0.131500
v 0.031442 0.144885 0.113988
v 0.032330 0.145254 0.111054
v 0.033227 0.144393 0.110682
v 0.032717 0.145869 0.107825
v 0.031179 0.146370 0.109976
v 0.028555 0.125827 0.132111
v 0.033066 0.146042 0.105351
v 0.030682 0.130095 0.128792
v 0.029013 0.129930 0.130412
v 0.031314 0.133980 0.126224
v 0.031787 0.132205 0.126049
v 0.027970 0.128276 0.131571
v 0.029959 0.141017 0.121966
v 0.032026 0.146793 0.105478
v 0.031780 0.135993 0.124324
v 0.032539 0.136376 0.122186
v 0.030274 0.142869 0.119159
v 0.029734 0.144247 0.117176
v 0.030350 0.145410 0.114018
v 0.030825 0.146992 0.107619
v 0.032535 0.138747 0.120732
v 0.029570 0.138174 0.125117
v 0.029247 0.142690 0.120082
v 0.028636 0.117296 0.133688
v 0.028816 0.139999 0.123680
v 0.033134 0.141923 0.115634
v 0.033873 0.143435 0.110051
v 0.026038 0.106622 0.136751
v 0.027300 0.096859 0.136451
v 0.027308 0.107254 0.135924
v 0.026541 0.096859 0.137277
v 0.025307 0.096954 0.138137
v 0.020826 0.066817 0.140897
v 0.025431 0.086817 0.138570
v 0.024387 0.088999 0.139178
v 0.026845 0.088115 0.136784
v 0.014338 0.061279 0.141077
v 0.025831 0.083626 0.138092
v 0.027571 0.115401 0.134727
v 0.023517 0.080871 0.139952
v 0.028725 0.109572 0.134175
v 0.024103 0.076843 0.139645
v 0.024481 0.073681 0.139189
v 0.025462 0.075082 0.137976
v 0.022775 0.073893 0.140396
v 0.021769 0.065316 0.140144
v 0.020112 0.064141 0.140700
v 0.018358 0.062632 0.140780
v 0.022721 0.069622 0.140261
v 0.006876 0.060093 0.141157
v 0.024713 0.070432 0.138320
v 0.023256 0.067975 0.139587
v 0.022502 0.065087 0.139460
v 0.019509 0.049992 0.124701
v 0.019963 0.050545 0.128886
v 0.016778 0.050875 0.131850
v 0.018638 0.050425 0.130161
v 0.013700 0.050151 0.131173
v 0.017071 0.050050 0.130035
v 0.022528 0.052518 0.115101
v 0.021731 0.051461 0.115308
v 0.021099 0.050884 0.114649
v 0.019957 0.050213 0.116343
v 0.021972 0.052014 0.127904
v 0.022442 0.052087 0.120711
v 0.021076 0.050940 0.127365
v 0.020770 0.050511 0.123449
v 0.020322 0.050386 0.126572
v 0.021746 0.051228 0.123823
v 0.021046 0.051379 0.129011
v 0.019451 0.050941 0.130457
v 0.022362 0.052060 0.125697
v 0.021628 0.051348 -0.046876
v 0.019337 0.050007 -0.048274
v 0.020398 0.050435 -0.034975
v 0.022493 0.052468 -0.025510
v 0.022960 0.053628 -0.028146
v 0.019335 0.049992 0.094461
v 0.020329 0.050401 0.087197
v 0.021021 0.050831 -0.048896
v 0.022738 0.052985 0.075367
v 0.020060 0.050270 -0.094308
v 0.022280 0.052150 0.066537
v 0.021461 0.051197 0.062620
v 0.021893 0.051651 -0.093263
v 0.020557 0.050529 0.060092
v 0.022355 0.052269 -0.106343
v 0.019459 0.050038 0.061422
v 0.021034 0.050838 -0.095762
v 0.022758 0.053048 -0.113629
v 0.019433 0.050017 0.015651
v 0.022093 0.051882 0.042081
v 0.022679 0.052849 0.049036
v 0.020320 0.050377 -0.115489
v 0.021551 0.051280 -0.112767
v 0.021383 0.051078 -0.117752
v 0.022149 0.051947 -0.114712
v 0.020619 0.050566 0.017350
v 0.021610 0.051345 -0.010466
v 0.019831 0.050174 -0.005268
v 0.020936 0.050765 -0.010611
v 0.019823 0.050153 -0.124791
v 0.022231 0.051914 -0.121858
v 0.022964 0.053190 -0.121200
v 0.020889 0.050657 -0.122205
v 0.021532 0.051267 -0.125087
v 0.022420 0.052384 -0.125021
v 0.020659 0.050731 -0.126876
v 0.018303 0.050051 -0.129003
v 0.019692 0.050453 -0.128603
v 0.016484 0.050227 -0.130650
v 0.018853 0.050530 -0.129990
v 0.020889 0.051346 -0.128738
v 0.019997 0.051081 -0.129848
v 0.012881 0.049930 -0.130501
v 0.021785 0.051767 -0.126764
v 0.022078 0.145669 -0.103782
v 0.021216 0.146692 -0.039950
v 0.020930 0.146887 -0.102925
v 0.019758 0.147594 -0.041832
v 0.019809 0.147519 -0.103591
v 0.018288 0.147952 -0.042961
v 0.019858 0.147175 -0.108263
v 0.020080 0.146583 -0.111842
v 0.022083 0.143567 -0.115349
v 0.022154 0.144736 -0.110344
v 0.021230 0.145545 -0.112703
v 0.020905 0.146557 -0.108033
v 0.021704 0.145724 -0.108164
v 0.019837 0.125878 -0.132690
v 0.020402 0.118989 -0.134124
v 0.020416 0.124276 -0.132779
v 0.021640 0.119624 -0.132939
v 0.022171 0.125601 -0.130497
v 0.021134 0.126640 -0.131512
v 0.019268 0.133454 -0.130050
v 0.019697 0.135425 -0.128774
v 0.019567 0.137709 -0.127375
v 0.019354 0.140301 -0.125302
v 0.020138 0.141095 -0.123843
v 0.019876 0.142295 -0.122628
v 0.019761 0.130268 -0.131194
v 0.019269 0.143753 -0.120918
v 0.020323 0.143705 -0.119845
v 0.020806 0.129961 -0.130610
v 0.019724 0.144915 -0.118224
v 0.021000 0.142426 -0.120957
v 0.021641 0.142326 -0.119770
v 0.018451 0.146166 -0.116066
v 0.020907 0.144516 -0.117075
v 0.021306 0.131592 -0.129416
v 0.022128 0.141581 -0.119279
v 0.019747 0.146041 -0.114878
v 0.018876 0.147002 -0.112222
v 0.022047 0.131660 -0.128262
v 0.020218 0.132767 -0.129837
v 0.019884 0.113050 -0.135640
v 0.020711 0.136051 -0.127627
v 0.021398 0.135588 -0.127104
v 0.021573 0.144155 -0.115880
v 0.022010 0.136098 -0.125650
v 0.020609 0.139317 -0.125178
v 0.021368 0.138785 -0.124666
v 0.022024 0.139442 -0.122617
v 0.021253 0.140499 -0.123092
v 0.021967 0.108572 -0.134833
v 0.022524 0.108332 -0.133913
v 0.020398 0.101928 -0.137381
v 0.021090 0.109012 -0.135660
v 0.022362 0.094855 -0.136519
v 0.019514 0.104415 -0.137362
v 0.021440 0.096970 -0.137332
v 0.019527 0.095394 -0.138719
v 0.022203 0.067769 -0.138936
v 0.021740 0.088757 -0.138136
v 0.019249 0.067368 -0.140974
v 0.020275 0.090586 -0.139011
v 0.022594 0.081599 -0.137759
v 0.020714 0.081694 -0.139656
v 0.021631 0.077862 -0.139301
v 0.019263 0.081338 -0.140309
v 0.022713 0.071782 -0.138364
v 0.021171 0.066904 -0.139974
v 0.020259 0.067334 -0.140612
v 0.021563 0.065501 -0.139364
v 0.020350 0.064159 -0.140124
v 0.020910 0.072565 -0.140193
v 0.019509 0.072272 -0.140797
v 0.022041 0.070400 -0.139254
v 0.016632 0.061657 -0.140800
v 0.017213 0.063084 -0.141100
v 0.007663 0.059888 -0.141067
v 0.019210 0.064224 -0.140776
v 0.018490 0.062478 -0.140524
v 0.020229 0.113650 -0.099569
v 0.023028 0.108196 -0.101254
v 0.002033 0.123589 -0.140029
v 0.001360 0.123001 -0.139095
v 0.000786 0.123085 -0.138806
v 0.002430 0.124482 -0.141184
v 0.002618 0.121523 -0.140488
v 0.000686 0.120992 -0.137422
v 0.002342 0.120876 -0.139024
v 0.001574 0.120769 -0.137800
v 0.001373 0.129849 -0.141097
v 0.001939 0.128928 -0.141520
v 0.002356 0.128820 -0.142139
v 0.001353 0.127804 -0.140803
v 0.001325 0.118581 -0.135646
v 0.001926 0.118109 -0.135869
v 0.000694 0.125461 -0.139857
v 0.002356 0.117645 -0.136290
v 0.001353 0.125770 -0.140270
v 0.001925 0.125840 -0.140787
v 0.021269 0.125776 0.009487
v 0.021339 0.125845 0.026371
v 0.020302 0.124183 0.030307
v 0.022050 0.126323 0.018006
v 0.020727 0.125100 0.011492
v 0.022337 0.126442 -0.004762
v 0.021405 0.125901 -0.004214
v 0.020493 0.124665 -0.015404
v 0.021654 0.126090 -0.019269
v 0.020951 0.125418 -0.024187
v 0.022519 0.126520 -0.018557
v 0.021565 0.126013 -0.030136
v 0.022564 0.126542 -0.031099
v 0.006841 0.146180 0.044459
v 0.023109 0.119327 -0.097688
v 0.023121 0.120592 -0.096841
v 0.023059 0.121500 -0.095764
v 0.023129 0.122201 -0.094287
v 0.023131 0.122455 -0.092802
v 0.023158 0.113996 -0.099567
v 0.023056 0.104607 -0.100651
v 0.023145 0.105871 -0.101196
v 0.022995 0.106823 -0.101317
v 0.023086 0.101860 -0.096260
v 0.023062 0.102188 -0.097657
v 0.023168 0.102782 -0.098949
v 0.023117 0.103585 -0.099880
v 0.023143 0.102691 0.098798
v 0.023184 0.101984 0.097105
v 0.023174 0.108242 0.101266
v 0.023154 0.107194 0.101366
v 0.023188 0.106361 0.101306
v 0.023141 0.105013 0.100905
v 0.023148 0.103642 0.099953
v 0.023194 0.119628 0.097568
v 0.023198 0.113841 0.099631
v 0.023269 0.122476 0.092860
v 0.023226 0.122310 0.093893
v 0.023236 0.121940 0.095009
v 0.023135 0.121085 0.096340
v 0.023255 0.122474 0.057851
v 0.023130 0.122456 0.032512
v 0.023342 0.101714 -0.078938
v 0.023224 0.101801 0.095806
v 0.023370 0.102026 -0.097823
v 0.023443 0.102998 0.099690
v 0.023336 0.104258 -0.100667
v 0.023290 0.107709 -0.101473
v 0.023435 0.119392 -0.097963
v 0.023374 0.121794 -0.095643
v 0.023353 0.122604 -0.021352
v 0.004263 0.156216 -0.138136
v 0.004796 0.155889 -0.139037
v 0.005172 0.155442 -0.138898
v 0.004295 0.153386 -0.142754
v 0.004344 0.155328 -0.140892
v 0.005148 0.154754 -0.140578
v 0.004802 0.153998 -0.142090
v 0.004168 0.154450 -0.142010
v 0.004822 0.155145 -0.140709
v 0.004169 0.155971 -0.139583
v 0.005150 0.151531 -0.142828
v 0.004385 0.149129 -0.144330
v 0.004244 0.145937 -0.144888
v 0.005216 0.145496 -0.144073
v 0.004770 0.145908 -0.144646
v 0.005035 0.148970 -0.143872
v 0.004146 0.151698 -0.143535
v 0.004695 0.151468 -0.143425
v 0.004192 0.129250 -0.144876
v 0.004656 0.129847 -0.144747
v 0.004255 0.122359 -0.142967
v 0.004760 0.121609 -0.142363
v 0.004154 0.120133 -0.141750
v 0.005151 0.119264 -0.140276
v 0.004365 0.115333 -0.137529
v 0.004749 0.118983 -0.140687
v 0.004154 0.124505 -0.143851
v 0.004694 0.124702 -0.143728
v 0.004995 0.116426 -0.138129
v 0.005152 0.125015 -0.143269
v 0.004155 0.126500 -0.144424
v 0.004313 0.117479 -0.139754
v 0.004777 0.127461 -0.144388
v 0.005251 0.117024 -0.138041
v 0.005170 0.128859 -0.144110
v 0.001869 0.156188 -0.136475
v 0.003027 0.156151 -0.138825
v 0.002935 0.114804 -0.136846
v 0.002984 0.117050 -0.139335
v 0.002951 0.120484 -0.141951
v 0.002998 0.123941 -0.143630
v 0.002932 0.126333 -0.144335
v 0.002971 0.128367 -0.144725
v 0.002920 0.130452 -0.144882
v 0.002981 0.145084 -0.144895
v 0.003066 0.147397 -0.144703
v 0.003043 0.150878 -0.143848
v 0.002959 0.153847 -0.142456
v 0.002984 0.155053 -0.141288
v 0.002914 0.155668 -0.140195
v 0.002710 0.146262 -0.144590
v 0.002798 0.148695 -0.144293
v 0.002685 0.150863 -0.143530
v 0.002867 0.114229 -0.135992
v 0.002647 0.116024 -0.135544
v 0.002640 0.115706 -0.135621
v 0.002641 0.115137 -0.135759
v 0.002655 0.114669 -0.135873
v 0.002821 0.114307 -0.135970
v 0.000831 0.118276 -0.134897
v 0.001300 0.118073 -0.134972
v 0.001909 0.117567 -0.135128
v 0.001502 0.117918 -0.135021
v 0.002353 0.116936 -0.135306
v 0.002466 0.116555 -0.135405
v 0.002058 0.117375 -0.135183
v -0.016907 0.129386 -0.050662
v -0.016907 0.128061 -0.049254
v -0.016907 0.144678 -0.049254
v -0.016907 0.144678 -0.050662
v -0.020229 0.101954 -0.096345
v -0.020229 0.102355 -0.097984
v -0.020229 0.101950 0.096336
v -0.020227 0.119256 0.097643
v -0.020227 0.112868 0.099823
v -0.020229 0.107658 0.101269
v -0.020229 0.106203 0.101171
v -0.020229 0.104801 0.100693
v -0.020229 0.103564 0.099742
v -0.020229 0.102764 0.098733
v -0.020229 0.103432 -0.099619
v -0.020228 0.104876 -0.100746
v -0.020229 0.102223 0.097550
v -0.002641 0.144927 -0.044970
v -0.006585 0.144858 -0.044493
v 0.001723 0.145003 -0.045064
v -0.015239 0.144707 -0.042045
v -0.010703 0.144786 -0.043606
v 0.001723 0.146209 -0.045064
v 0.000000 0.146304 -0.045031
v 0.000000 0.120318 -0.136774
v -0.000000 0.150981 -0.139332
v -0.000000 0.123082 -0.138684
v -0.000000 0.154357 -0.137336
v -0.000000 0.126717 -0.140170
v -0.000000 0.156139 -0.135701
v -0.000000 0.129906 -0.140703
v 0.000000 0.148282 -0.063327
v 0.000000 0.156169 -0.063327
v 0.000000 0.148282 -0.047136
v 0.000000 0.118617 -0.135120
v -0.000000 0.145904 -0.140674
v 0.000000 0.148356 -0.140206
v -0.005242 0.155439 -0.063424
v -0.004364 0.156225 -0.063408
v -0.005304 0.148190 -0.063425
v -0.000686 0.146985 -0.140604
v -0.001936 0.153649 -0.138866
v -0.001421 0.152180 -0.139208
v -0.000000 0.151890 -0.138963
v -0.002064 0.150539 -0.140639
v -0.002485 0.155993 -0.138216
v -0.001977 0.147273 -0.141393
v -0.001318 0.147399 -0.140809
v -0.002668 0.154909 -0.140915
v -0.002603 0.151341 -0.141665
v -0.002422 0.148999 -0.141794
v -0.002617 0.155659 -0.139151
v -0.001518 0.149401 -0.140429
v -0.001299 0.154607 -0.137558
v -0.000664 0.149251 -0.140054
v -0.000000 0.154536 -0.137254
v -0.001944 0.155992 -0.137034
v -0.002624 0.146733 -0.142930
v -0.002285 0.145414 -0.142064
v -0.001523 0.145444 -0.141175
v -0.002475 0.152715 -0.140410
v 0.000000 0.144936 -0.140776
v -0.000879 0.156141 -0.135874
v -0.002624 0.127328 -0.142772
v -0.002673 0.122785 -0.142886
v -0.002680 0.128329 -0.144434
v -0.002622 0.117267 -0.137011
v -0.002676 0.117347 -0.139237
v -0.002719 0.154088 -0.141994
v -0.002006 0.111992 -0.136393
v -0.000000 0.110977 -0.136798
v -0.002514 0.111726 -0.136627
v -0.004166 0.114185 -0.136119
v -0.003490 0.114144 -0.136060
v -0.000000 0.051990 -0.134333
v 0.000000 0.054576 -0.137165
v 0.000000 0.056287 -0.138768
v -0.000000 0.050050 -0.131661
v -0.000000 0.059367 -0.141053
v -0.000000 0.049526 -0.129857
v -0.000000 0.060950 -0.141527
v 0.000000 0.066962 -0.141497
v 0.000000 0.079418 -0.140910
v 0.000000 0.091145 -0.139818
v 0.000000 0.049494 -0.094287
v -0.000000 0.101000 -0.138518
v -0.020228 0.122331 -0.093422
v -0.020310 0.125418 -0.039540
v -0.020248 0.123635 -0.039575
v -0.020438 0.127999 -0.049189
v -0.020285 0.123931 0.000410
v -0.020399 0.124197 0.039487
v -0.021198 0.124653 0.039010
v -0.020876 0.135525 -0.039206
v -0.020876 0.135525 -0.049181
v -0.020228 0.122344 0.093311
v -0.020229 0.106925 -0.101285
v -0.020229 0.108388 -0.101121
v -0.020227 0.121810 0.095059
v -0.020228 0.120774 0.096571
v -0.020229 0.119500 -0.097533
v -0.020233 0.122772 0.043374
v -0.020229 0.120954 -0.096358
v -0.020229 0.121778 -0.095113
v -0.019600 0.143421 -0.039941
v -0.019617 0.143353 -0.049204
v -0.020431 0.133871 0.039471
v -0.019025 0.144223 -0.049215
v -0.019106 0.144120 -0.040209
v -0.018314 0.144607 -0.040626
v -0.018098 0.144641 -0.049232
v -0.018506 0.049865 0.127964
v -0.018748 0.049843 -0.122835
v -0.015186 0.049759 -0.092616
v -0.018639 0.049840 0.114862
v -0.015016 0.049803 0.129651
v -0.014362 0.049745 -0.093715
v -0.013565 0.049731 -0.094025
v -0.016221 0.049807 -0.129166
v -0.000000 0.049494 0.094287
v -0.000000 0.049521 0.129811
v -0.014000 0.049738 0.093927
v -0.014961 0.049755 0.093068
v -0.018596 0.049887 -0.127391
v -0.015236 0.049760 0.092233
v -0.000000 0.145807 0.115266
v -0.000000 0.134137 0.129435
v 0.000000 0.144296 0.118566
v -0.000000 0.142661 0.121294
v -0.000000 0.049956 0.131448
v 0.000000 0.137842 0.126699
v -0.000000 0.140554 0.124045
v 0.000000 0.051870 0.134178
v 0.000000 0.053795 0.136391
v -0.000000 0.056601 0.139009
v -0.000000 0.059161 0.140935
v -0.000000 0.148282 0.047167
v -0.000000 0.146304 0.045032
v 0.000000 0.060814 0.141529
v 0.000000 0.067805 0.141461
v -0.000000 0.078591 0.140960
v 0.000000 0.094152 0.139494
v -0.000000 0.108606 0.137262
v -0.000000 0.148252 0.102354
v -0.000000 0.119917 0.135001
v 0.000000 0.147790 0.107427
v -0.000000 0.124512 0.133771
v -0.000000 0.127846 0.132593
v 0.000000 0.146960 0.111519
v -0.000000 0.131248 0.131066
v 0.001723 0.146209 0.045064
v -0.002895 0.148232 -0.047053
v -0.007703 0.148148 -0.046458
v -0.013914 0.148041 -0.044826
v -0.018574 0.147887 -0.103626
v -0.005304 0.148175 -0.102729
v -0.025892 0.147793 0.048038
v -0.032863 0.147697 0.051969
v -0.030039 0.147728 0.101738
v -0.006298 0.148172 0.046699
v -0.010895 0.148092 0.045711
v -0.015811 0.148016 0.044136
v -0.022689 0.147864 0.045815
v -0.018699 0.089699 -0.139615
v -0.018592 0.071162 -0.141016
v -0.018692 0.108250 -0.136950
v -0.018643 0.117918 -0.135062
v -0.012242 0.061403 -0.141272
v -0.017882 0.064585 -0.141169
v -0.018383 0.099928 -0.138324
v -0.004882 0.114551 -0.136029
v -0.005293 0.115336 -0.135863
v -0.021275 0.060553 -0.136877
v -0.021280 0.063655 -0.139051
v -0.012851 0.054372 -0.135983
v -0.022668 0.059686 -0.133592
v -0.020554 0.056936 -0.134889
v -0.021627 0.055198 -0.132077
v -0.022965 0.064006 -0.135884
v -0.014955 0.056702 -0.137665
v -0.022474 0.052958 -0.127153
v -0.022182 0.065162 -0.138437
v -0.022706 0.054882 -0.128991
v -0.022340 0.061600 -0.135835
v -0.022285 0.055318 -0.130819
v -0.013122 0.059791 -0.140534
v -0.023430 0.060708 -0.131835
v -0.023057 0.067677 -0.137322
v -0.023218 0.056000 -0.127823
v -0.023855 0.070442 -0.134143
v -0.023207 0.071178 -0.137248
v -0.023228 0.078613 -0.136617
v -0.024201 0.072373 -0.130868
v -0.022954 0.096501 -0.135021
v -0.016538 0.053756 -0.134569
v -0.023716 0.095691 -0.130978
v -0.015087 0.051085 -0.132377
v -0.022769 0.118557 -0.131239
v -0.023485 0.117379 -0.127333
v -0.017218 0.060491 -0.139964
v -0.022670 0.126031 -0.129128
v -0.023609 0.124102 -0.123920
v -0.022570 0.131696 -0.126836
v -0.017755 0.051086 -0.131657
v -0.024197 0.124350 -0.118983
v -0.023584 0.056522 -0.125153
v -0.023775 0.060662 -0.129637
v -0.022485 0.135730 -0.124481
v -0.018438 0.054804 -0.134703
v -0.022966 0.053513 -0.124415
v -0.024199 0.131760 -0.111392
v -0.023751 0.065078 -0.133108
v -0.018494 0.053573 -0.133624
v -0.024200 0.060085 -0.118244
v -0.022988 0.053696 -0.114566
v -0.023293 0.137610 -0.112853
v -0.022512 0.142228 -0.115933
v -0.022649 0.143626 -0.110015
v -0.024199 0.135444 -0.103565
v -0.018382 0.061226 -0.139899
v -0.022438 0.138978 -0.121655
v -0.019634 0.051569 -0.131063
v -0.019450 0.055179 -0.134403
v -0.022742 0.144335 -0.103637
v -0.020330 0.053540 -0.132270
v -0.024188 0.064774 -0.129310
v -0.019829 0.062390 -0.139771
v -0.006668 0.058752 -0.140457
v -0.004912 0.053981 -0.136377
v -0.024197 0.061927 -0.126142
v -0.009834 0.056971 -0.138759
v -0.021066 0.052061 -0.129866
v -0.011543 0.050591 -0.132090
v -0.021820 0.052482 -0.128753
v -0.023679 0.103110 0.107081
v -0.026957 0.106855 0.116410
v -0.025426 0.087601 0.121729
v -0.024031 0.099091 0.111662
v -0.029318 0.095843 0.127255
v -0.024816 0.087003 0.119805
v -0.024213 0.078577 0.114074
v -0.027476 0.079608 0.130035
v -0.025027 0.061815 0.125895
v -0.025630 0.066325 0.129848
v -0.026404 0.071775 0.130704
v -0.024352 0.067946 0.117146
v -0.024229 0.060168 0.115793
v -0.023582 0.095521 0.099896
v -0.023510 0.101463 -0.096306
v -0.023535 0.101972 -0.098618
v -0.023512 0.103006 -0.099926
v -0.023624 0.093349 -0.107367
v -0.023524 0.119713 0.097932
v -0.023768 0.120602 0.099111
v -0.023494 0.108507 0.101633
v -0.023525 0.106335 0.101795
v -0.023491 0.101505 0.096508
v -0.024627 0.120684 0.102427
v -0.023488 0.102073 0.098373
v -0.025508 0.104339 0.114053
v -0.024591 0.099001 0.114172
v -0.028160 0.121433 0.111098
v -0.023483 0.104707 0.101139
v -0.023534 0.103312 0.100407
v -0.032106 0.120255 0.120620
v -0.030954 0.110193 0.123716
v -0.023523 0.104637 -0.101228
v -0.026567 0.120968 0.107538
v -0.024199 0.135692 -0.036992
v -0.022878 0.143993 -0.037932
v -0.029342 0.127379 0.107193
v -0.023726 0.124360 0.037905
v -0.034001 0.132301 0.110498
v -0.024415 0.124872 0.094595
v -0.023795 0.122936 0.096459
v -0.023543 0.122485 0.094664
v -0.023498 0.121207 0.096648
v -0.034426 0.134148 0.107064
v -0.028497 0.124419 0.109108
v -0.026075 0.127111 0.094942
v -0.034149 0.133865 0.079247
v -0.030139 0.130744 0.083846
v -0.024378 0.135653 0.038424
v -0.033019 0.126821 0.116706
v -0.026294 0.127260 0.096768
v -0.025050 0.134138 0.040196
v -0.032492 0.123253 0.119251
v -0.026330 0.126600 0.099412
v -0.033513 0.129757 0.113820
v -0.025764 0.124603 0.101594
v -0.024797 0.124954 0.097133
v -0.026539 0.131895 0.042214
v -0.028967 0.129569 0.101215
v -0.027534 0.131705 0.043249
v -0.024458 0.122713 0.099951
v -0.026141 0.135307 0.042083
v -0.028414 0.131083 0.044437
v -0.023605 0.102470 -0.109434
v -0.023524 0.107832 -0.101861
v -0.027915 0.127568 0.102765
v -0.027711 0.133554 0.043342
v -0.029247 0.130426 0.097897
v -0.029015 0.132928 0.044287
v -0.023584 0.124369 -0.097604
v -0.035040 0.135665 0.100620
v -0.026089 0.122729 0.104834
v -0.034740 0.135199 0.104102
v -0.023756 0.123551 0.093544
v -0.023491 0.122783 -0.092677
v -0.023677 0.126672 -0.037371
v -0.023493 0.122777 0.030702
v -0.023689 0.126668 0.033501
v -0.023957 0.126669 0.037169
v -0.024486 0.127027 0.039693
v -0.023902 0.123941 0.044476
v -0.024676 0.126020 0.041996
v -0.023498 0.105843 -0.101574
v -0.024823 0.125452 0.045821
v -0.023498 0.122704 0.041075
v -0.024536 0.128504 0.039020
v -0.025486 0.127548 0.042526
v -0.024037 0.124078 0.050490
v -0.025669 0.128249 0.042162
v -0.025545 0.129422 0.041258
v -0.024393 0.130941 0.038061
v -0.024911 0.131009 0.039581
v -0.025907 0.127364 0.044305
v -0.023496 0.114189 -0.099898
v -0.024737 0.125143 0.051560
v -0.025708 0.131591 0.041100
v -0.026071 0.127098 0.045954
v -0.027264 0.129165 0.044580
v -0.026944 0.130088 0.043156
v -0.025772 0.126369 0.048825
v -0.027016 0.127546 0.050346
v -0.027732 0.128989 0.045991
v -0.024182 0.135757 0.037007
v -0.024760 0.125294 0.084272
v -0.027957 0.128768 0.047593
v -0.029361 0.130490 0.046606
v -0.030008 0.131748 0.045818
v -0.031070 0.131445 0.048267
v -0.029390 0.132214 0.044809
v -0.031302 0.133280 0.045935
v -0.025717 0.126362 0.066477
v -0.031372 0.131346 0.049955
v -0.028850 0.129205 0.050388
v -0.027374 0.135693 0.043349
v -0.028575 0.135743 0.044139
v -0.032754 0.133258 0.047564
v -0.030376 0.134830 0.044900
v -0.033621 0.135682 0.046418
v -0.037496 0.135690 0.051603
v -0.036807 0.135702 0.049730
v -0.036112 0.135696 0.048584
v -0.035145 0.135732 0.047508
v -0.023537 0.120066 -0.097949
v -0.024202 0.099878 -0.126475
v -0.030158 0.130141 0.055611
v -0.023496 0.121315 -0.096666
v -0.027771 0.128716 0.088304
v -0.023498 0.122531 -0.094450
v -0.037111 0.135685 0.069431
v -0.032159 0.131664 0.052713
v -0.037945 0.135688 0.055410
v -0.023955 0.124541 0.040535
v -0.024127 0.129376 0.037044
v -0.023524 0.122751 0.092910
v -0.030954 0.134124 0.045311
v -0.026112 0.142830 0.042346
v -0.024839 0.143075 0.040817
v -0.037594 0.143003 0.052273
v -0.037276 0.143178 0.050996
v -0.036673 0.142965 0.049515
v -0.037879 0.143035 0.054455
v -0.036076 0.142572 0.048536
v -0.027353 0.143250 0.043440
v -0.023749 0.143809 0.038945
v -0.023328 0.143612 0.037616
v -0.028708 0.143388 0.044270
v -0.035545 0.143286 0.047978
v -0.034401 0.142790 0.046928
v -0.032630 0.142782 0.045883
v -0.037894 0.142784 0.057299
v -0.019218 0.054598 0.134389
v -0.016910 0.056384 0.136922
v -0.028640 0.094863 0.131547
v -0.028993 0.106160 0.133599
v -0.030487 0.119357 0.130616
v -0.031874 0.123964 0.124089
v -0.031371 0.127090 0.128121
v -0.032259 0.132555 0.124351
v -0.033307 0.139496 0.117485
v -0.023152 0.053648 0.120377
v -0.023880 0.056427 0.125549
v -0.023011 0.053063 0.124358
v -0.022656 0.052990 0.127347
v -0.013584 0.050845 0.132387
v -0.022671 0.054150 0.129291
v -0.023460 0.055937 0.128914
v -0.021748 0.052385 0.129427
v -0.021834 0.054626 0.131831
v -0.020768 0.054186 0.132778
v -0.020443 0.051571 0.130405
v -0.019431 0.051603 0.131408
v -0.015088 0.053236 0.134620
v -0.017895 0.052744 0.133380
v -0.018160 0.051251 0.131777
v -0.024347 0.059063 0.128822
v -0.008670 0.055812 0.137902
v -0.020436 0.058054 0.136337
v -0.022036 0.058509 0.135019
v -0.023786 0.059349 0.132109
v -0.012632 0.056626 0.138107
v -0.009254 0.059182 0.140587
v -0.014387 0.060001 0.140442
v -0.025121 0.063787 0.130789
v -0.034947 0.143269 0.101585
v -0.024786 0.064246 0.133657
v -0.019037 0.061934 0.140230
v -0.034485 0.142618 0.107110
v -0.021083 0.062988 0.139647
v -0.033819 0.141246 0.113393
v -0.017184 0.061053 0.140388
v -0.022902 0.057201 0.132366
v -0.022494 0.063706 0.138640
v -0.023015 0.053816 0.114396
v -0.024077 0.063978 0.135778
v -0.024734 0.068007 0.137246
v -0.025774 0.070775 0.135121
v -0.023363 0.064882 0.138176
v -0.023960 0.066923 0.138394
v -0.026577 0.074801 0.133533
v -0.025447 0.072038 0.137234
v -0.026071 0.076153 0.136773
v -0.027943 0.095835 0.135182
v -0.027363 0.133464 0.129259
v -0.026997 0.130170 0.131049
v -0.026151 0.122801 0.133788
v -0.029968 0.147427 0.105982
v -0.029015 0.145198 0.115367
v -0.029473 0.146581 0.110980
v -0.028432 0.143604 0.118800
v -0.027776 0.139874 0.124029
v -0.027744 0.135941 0.127561
v -0.028682 0.141634 0.121814
v -0.027971 0.138113 0.125768
v -0.026776 0.126970 0.132380
v -0.022388 0.084342 0.140072
v -0.017741 0.063758 0.141184
v -0.023497 0.093684 0.139040
v -0.021382 0.073692 0.140833
v -0.024513 0.103581 0.137629
v -0.010957 0.061696 0.141342
v -0.025433 0.113116 0.135908
v -0.022945 0.053547 0.060953
v -0.018458 0.130942 -0.131424
v -0.005304 0.129205 -0.132395
v -0.018349 0.142537 -0.123254
v -0.005304 0.142488 -0.123764
v -0.005304 0.143981 -0.121657
v -0.018071 0.147149 -0.112256
v -0.005304 0.146996 -0.114182
v -0.018602 0.126714 -0.132876
v -0.005304 0.121925 -0.134448
v -0.017932 0.141052 -0.125048
v -0.005304 0.140688 -0.125771
v -0.005304 0.145638 -0.118416
v -0.018336 0.139303 -0.126632
v -0.018233 0.145437 -0.118152
v -0.005304 0.138135 -0.127918
v -0.018525 0.147694 -0.107598
v -0.005304 0.147868 -0.108849
v -0.018228 0.136856 -0.128480
v -0.018041 0.144272 -0.120678
v -0.005304 0.134378 -0.130235
v -0.018022 0.133698 -0.130260
v -0.005252 0.153713 -0.141502
v -0.005299 0.154988 -0.138791
v -0.005290 0.148430 -0.143454
v -0.005299 0.126904 -0.143311
v -0.005259 0.121631 -0.141609
v -0.022947 0.126622 0.037882
v -0.022946 0.145012 0.037881
v -0.022452 0.145887 0.038246
v -0.021987 0.126274 0.038515
v -0.021393 0.125816 0.038891
v -0.020832 0.125205 0.039232
v -0.018648 0.145966 0.040457
v -0.014555 0.146036 0.042326
v -0.010333 0.146120 0.043684
v -0.002779 0.146259 0.044951
v -0.023040 0.126632 0.019505
v -0.020014 0.145939 -0.039715
v -0.021488 0.125984 -0.038832
v -0.002545 0.146266 -0.044970
v -0.021928 0.145907 -0.038554
v -0.022404 0.145196 -0.038244
v -0.022817 0.126590 -0.037970
v -0.006568 0.146189 -0.044506
v -0.010755 0.146110 -0.043583
v -0.014165 0.146049 -0.042456
v -0.017037 0.146000 -0.041261
v -0.020565 0.124840 -0.039389
v -0.025913 0.146743 0.044992
v -0.026063 0.147343 0.046412
v -0.026037 0.143920 0.042480
v -0.024668 0.144136 0.040925
v -0.025012 0.146140 0.043193
v -0.026161 0.145017 0.043251
v -0.023448 0.147499 0.044391
v -0.023926 0.146814 0.043126
v -0.024415 0.145098 0.041258
v -0.023748 0.146099 0.041526
v -0.023413 0.145106 0.039444
v -0.022800 0.146222 0.039969
v -0.021718 0.147618 0.042515
v -0.037658 0.144230 0.055762
v -0.022368 0.147196 0.041822
v -0.021773 0.147132 0.040168
v -0.036595 0.145984 0.055718
v -0.036220 0.143794 0.049064
v -0.036630 0.144455 0.050289
v -0.034898 0.143805 0.047530
v -0.037331 0.144214 0.052363
v -0.035317 0.144604 0.048365
v -0.035543 0.145137 0.049033
v -0.035866 0.145826 0.050675
v -0.036827 0.145255 0.052302
v -0.035227 0.147067 0.056080
v -0.034215 0.144847 0.047528
v -0.036422 0.145945 0.053276
v -0.033161 0.143900 0.046367
v -0.033988 0.147539 0.054031
v -0.032599 0.144940 0.046583
v -0.032874 0.145872 0.047459
v -0.035756 0.146494 0.052551
v -0.034220 0.145874 0.048441
v -0.035042 0.146803 0.051505
v -0.034604 0.147220 0.052626
v -0.034818 0.146392 0.049830
v -0.033804 0.147305 0.050954
v -0.033324 0.146906 0.049253
v -0.031831 0.146808 0.048131
v -0.028632 0.144592 0.044661
v -0.031975 0.147476 0.049782
v -0.028266 0.145453 0.045021
v -0.028099 0.146529 0.046046
v -0.027307 0.144363 0.043777
v -0.020305 0.147880 0.041887
v -0.037085 0.145205 0.057822
v -0.026497 0.146031 0.044433
v -0.034529 0.144620 0.101535
v -0.033801 0.145773 0.101910
v -0.032825 0.146694 0.102041
v -0.031894 0.147251 0.101873
v -0.031003 0.147553 0.102635
v -0.034297 0.144193 0.105472
v -0.033701 0.145199 0.105786
v -0.029810 0.121881 0.131840
v -0.030203 0.121145 0.131292
v -0.029023 0.122276 0.132597
v -0.029903 0.129768 0.129800
v -0.029750 0.132511 0.128727
v -0.030708 0.134168 0.126973
v -0.028288 0.131755 0.129967
v -0.027969 0.121476 0.133513
v -0.029904 0.135522 0.126879
v -0.030875 0.137566 0.124503
v -0.028859 0.134485 0.128181
v -0.029036 0.136591 0.126662
v -0.030692 0.139467 0.123019
v -0.031830 0.139189 0.121795
v -0.027433 0.124292 0.133079
v -0.031171 0.141648 0.120041
v -0.030664 0.127181 0.129674
v -0.026617 0.118695 0.134608
v -0.032272 0.141682 0.118204
v -0.031419 0.143552 0.116791
v -0.032674 0.143660 0.114081
v -0.029396 0.125783 0.131500
v -0.031442 0.144885 0.113988
v -0.032330 0.145254 0.111054
v -0.033227 0.144393 0.110682
v -0.032717 0.145869 0.107825
v -0.031179 0.146370 0.109976
v -0.028555 0.125827 0.132111
v -0.033066 0.146042 0.105351
v -0.030682 0.130095 0.128792
v -0.029013 0.129930 0.130412
v -0.031314 0.133980 0.126224
v -0.031787 0.132205 0.126049
v -0.027970 0.128276 0.131571
v -0.029959 0.141017 0.121966
v -0.032026 0.146793 0.105478
v -0.031780 0.135993 0.124324
v -0.032539 0.136376 0.122186
v -0.030274 0.142869 0.119159
v -0.029734 0.144247 0.117176
v -0.030350 0.145410 0.114018
v -0.030825 0.146992 0.107619
v -0.032535 0.138747 0.120732
v -0.029570 0.138174 0.125117
v -0.029247 0.142690 0.120082
v -0.028636 0.117296 0.133688
v -0.028816 0.139999 0.123680
v -0.033134 0.141923 0.115634
v -0.033873 0.143435 0.110051
v -0.026038 0.106622 0.136751
v -0.027300 0.096859 0.136451
v -0.027308 0.107254 0.135924
v -0.026541 0.096859 0.137277
v -0.025307 0.096954 0.138137
v -0.020826 0.066817 0.140897
v -0.025431 0.086817 0.138570
v -0.024387 0.088999 0.139178
v -0.026845 0.088115 0.136784
v -0.014338 0.061279 0.141077
v -0.025831 0.083626 0.138092
v -0.027571 0.115401 0.134727
v -0.023517 0.080871 0.139952
v -0.028725 0.109572 0.134175
v -0.024103 0.076843 0.139645
v -0.024481 0.073681 0.139189
v -0.025462 0.075082 0.137976
v -0.022775 0.073893 0.140395
v -0.021769 0.065316 0.140144
v -0.020112 0.064141 0.140700
v -0.018358 0.062632 0.140780
v -0.022721 0.069622 0.140261
v -0.006876 0.060093 0.141157
v -0.024713 0.070432 0.138320
v -0.023256 0.067975 0.139587
v -0.022502 0.065087 0.139460
v -0.019509 0.049992 0.124700
v -0.019963 0.050545 0.128886
v -0.016778 0.050875 0.131850
v -0.018638 0.050425 0.130161
v -0.013700 0.050151 0.131173
v -0.017071 0.050050 0.130035
v -0.022528 0.052518 0.115101
v -0.021731 0.051461 0.115308
v -0.021099 0.050884 0.114649
v -0.019957 0.050213 0.116343
v -0.021972 0.052014 0.127904
v -0.022442 0.052087 0.120711
v -0.021076 0.050940 0.127365
v -0.020770 0.050511 0.123449
v -0.020322 0.050386 0.126572
v -0.021746 0.051228 0.123823
v -0.021046 0.051379 0.129011
v -0.019451 0.050941 0.130457
v -0.022362 0.052060 0.125696
v -0.021628 0.051348 -0.046876
v -0.019337 0.050007 -0.048274
v -0.020398 0.050435 -0.034975
v -0.022493 0.052468 -0.025510
v -0.022960 0.053628 -0.028146
v -0.019335 0.049992 0.094461
v -0.020329 0.050401 0.087197
v -0.021021 0.050831 -0.048896
v -0.022738 0.052985 0.075367
v -0.020060 0.050270 -0.094308
v -0.022280 0.052150 0.066537
v -0.021461 0.051197 0.062620
v -0.021893 0.051651 -0.093263
v -0.020557 0.050529 0.060092
v -0.022355 0.052269 -0.106343
v -0.019459 0.050038 0.061422
v -0.021034 0.050838 -0.095762
v -0.022758 0.053048 -0.113629
v -0.019433 0.050017 0.015651
v -0.022093 0.051882 0.042081
v -0.022679 0.052849 0.049036
v -0.020320 0.050377 -0.115489
v -0.021551 0.051280 -0.112767
v -0.021383 0.051078 -0.117752
v -0.022149 0.051947 -0.114712
v -0.020619 0.050566 0.017350
v -0.021610 0.051345 -0.010466
v -0.019831 0.050174 -0.005268
v -0.020936 0.050765 -0.010611
v -0.019823 0.050153 -0.124792
v -0.022231 0.051914 -0.121858
v -0.022964 0.053190 -0.121200
v -0.020889 0.050657 -0.122205
v -0.021532 0.051267 -0.125087
v -0.022420 0.052384 -0.125021
v -0.020659 0.050731 -0.126876
v -0.018303 0.050051 -0.129003
v -0.019692 0.050453 -0.128603
v -0.016484 0.050227 -0.130650
v -0.018853 0.050530 -0.129990
v -0.020889 0.051346 -0.128738
v -0.019997 0.051081 -0.129848
v -0.012881 0.049930 -0.130501
v -0.021785 0.051767 -0.126764
v -0.022078 0.145669 -0.103782
v -0.021216 0.146692 -0.039950
v -0.020930 0.146887 -0.102925
v -0.019758 0.147594 -0.041832
v -0.019809 0.147519 -0.103591
v -0.018288 0.147952 -0.042961
v -0.019858 0.147175 -0.108263
v -0.020080 0.146583 -0.111842
v -0.022083 0.143567 -0.115349
v -0.022154 0.144736 -0.110344
v -0.021230 0.145545 -0.112703
v -0.020905 0.146557 -0.108033
v -0.021704 0.145724 -0.108164
v -0.019837 0.125878 -0.132690
v -0.020402 0.118989 -0.134124
v -0.020416 0.124276 -0.132779
v -0.021640 0.119624 -0.132939
v -0.022171 0.125601 -0.130497
v -0.021134 0.126640 -0.131512
v -0.019268 0.133454 -0.130050
v -0.019697 0.135425 -0.128774
v -0.019567 0.137709 -0.127375
v -0.019354 0.140301 -0.125302
v -0.020138 0.141095 -0.123843
v -0.019876 0.142295 -0.122628
v -0.019761 0.130268 -0.131194
v -0.019269 0.143753 -0.120918
v -0.020323 0.143705 -0.119845
v -0.020806 0.129961 -0.130610
v -0.019724 0.144915 -0.118224
v -0.021000 0.142426 -0.120957
v -0.021641 0.142326 -0.119770
v -0.018451 0.146166 -0.116066
v -0.020907 0.144516 -0.117075
v -0.021306 0.131592 -0.129416
v -0.022128 0.141581 -0.119279
v -0.019747 0.146041 -0.114878
v -0.018876 0.147002 -0.112222
v -0.022047 0.131660 -0.128262
v -0.020218 0.132767 -0.129837
v -0.019884 0.113050 -0.135640
v -0.020711 0.136051 -0.127627
v -0.021398 0.135588 -0.127104
v -0.021573 0.144155 -0.115880
v -0.022010 0.136098 -0.125650
v -0.020609 0.139317 -0.125178
v -0.021368 0.138785 -0.124666
v -0.022024 0.139442 -0.122617
v -0.021253 0.140499 -0.123092
v -0.021967 0.108572 -0.134833
v -0.022524 0.108332 -0.133913
v -0.020398 0.101928 -0.137381
v -0.021090 0.109012 -0.135660
v -0.022362 0.094855 -0.136519
v -0.019514 0.104415 -0.137362
v -0.021440 0.096970 -0.137332
v -0.019527 0.095394 -0.138719
v -0.022203 0.067769 -0.138936
v -0.021740 0.088757 -0.138136
v -0.019249 0.067368 -0.140974
v -0.020275 0.090586 -0.139011
v -0.022594 0.081599 -0.137759
v -0.020714 0.081694 -0.139656
v -0.021631 0.077862 -0.139301
v -0.019263 0.081338 -0.140309
v -0.022713 0.071782 -0.138364
v -0.021171 0.066904 -0.139974
v -0.020259 0.067334 -0.140612
v -0.021563 0.065501 -0.139364
v -0.020350 0.064159 -0.140124
v -0.020910 0.072565 -0.140193
v -0.019509 0.072272 -0.140797
v -0.022041 0.070400 -0.139254
v -0.016632 0.061657 -0.140800
v -0.017213 0.063084 -0.141100
v -0.007663 0.059888 -0.141067
v -0.019210 0.064224 -0.140776
v -0.018490 0.062478 -0.140524
v -0.020229 0.113650 -0.099569
v -0.023028 0.108196 -0.101254
v -0.002033 0.123589 -0.140029
v -0.001360 0.123001 -0.139095
v -0.000786 0.123085 -0.138806
v -0.002430 0.124482 -0.141184
v -0.002618 0.121523 -0.140488
v -0.000686 0.120992 -0.137422
v -0.002342 0.120876 -0.139024
v -0.001574 0.120769 -0.137800
v -0.000000 0.129884 -0.140769
v -0.001373 0.129849 -0.141097
v -0.001939 0.128928 -0.141520
v 0.000000 0.118811 -0.135459
v -0.000000 0.127877 -0.140488
v -0.002356 0.128820 -0.142139
v -0.001353 0.127804 -0.140803
v -0.001325 0.118581 -0.135646
v -0.001926 0.118109 -0.135869
v -0.000694 0.125461 -0.139857
v -0.002356 0.117645 -0.136290
v -0.001353 0.125770 -0.140270
v -0.001925 0.125840 -0.140787
v -0.021269 0.125776 0.009487
v -0.021339 0.125845 0.026371
v -0.020302 0.124183 0.030307
v -0.022050 0.126323 0.018006
v -0.020727 0.125100 0.011492
v -0.022337 0.126442 -0.004762
v -0.021405 0.125901 -0.004214
v -0.020493 0.124665 -0.015404
v -0.021654 0.126090 -0.019269
v -0.020951 0.125418 -0.024187
v -0.022519 0.126520 -0.018557
v -0.021565 0.126013 -0.030136
v -0.022564 0.126542 -0.031099
v -0.006841 0.146180 0.044459
v -0.023109 0.119327 -0.097688
v -0.023121 0.120592 -0.096841
v -0.023059 0.121500 -0.095764
v -0.023129 0.122201 -0.094287
v -0.023131 0.122455 -0.092802
v -0.023158 0.113996 -0.099567
v -0.023056 0.104607 -0.100651
v -0.023145 0.105871 -0.101196
v -0.022995 0.106823 -0.101317
v -0.023086 0.101860 -0.096260
v -0.023062 0.102188 -0.097657
v -0.023168 0.102782 -0.098949
v -0.023117 0.103585 -0.099880
v -0.023143 0.102691 0.098798
v -0.023184 0.101984 0.097105
v -0.023174 0.108242 0.101266
v -0.023154 0.107194 0.101366
v -0.023188 0.106361 0.101306
v -0.023141 0.105013 0.100905
v -0.023148 0.103642 0.099953
v -0.023194 0.119628 0.097568
v -0.023198 0.113841 0.099631
v -0.023269 0.122476 0.092860
v -0.023226 0.122310 0.093893
v -0.023236 0.121940 0.095009
v -0.023135 0.121085 0.096340
v -0.023255 0.122474 0.057851
v -0.023130 0.122456 0.032512
v -0.023342 0.101714 -0.078938
v -0.023224 0.101801 0.095806
v -0.023370 0.102026 -0.097823
v -0.023443 0.102998 0.099690
v -0.023336 0.104258 -0.100667
v -0.023290 0.107709 -0.101473
v -0.023435 0.119392 -0.097963
v -0.023374 0.121794 -0.095643
v -0.023353 0.122604 -0.021352
v -0.004263 0.156216 -0.138136
v -0.004796 0.155889 -0.139037
v -0.005172 0.155442 -0.138898
v -0.004295 0.153386 -0.142754
v -0.004344 0.155328 -0.140892
v -0.005148 0.154754 -0.140578
v -0.004802 0.153998 -0.142090
v -0.004168 0.154450 -0.142010
v -0.004822 0.155145 -0.140709
v -0.004169 0.155971 -0.139583
v -0.005150 0.151531 -0.142828
v -0.004385 0.149129 -0.144330
v -0.004244 0.145937 -0.144888
v -0.005216 0.145496 -0.144073
v -0.004770 0.145908 -0.144646
v -0.005035 0.148970 -0.143872
v -0.004146 0.151698 -0.143535
v -0.004695 0.151468 -0.143425
v -0.004192 0.129250 -0.144876
v -0.004656 0.129847 -0.144747
v -0.004255 0.122359 -0.142967
v -0.004760 0.121609 -0.142363
v -0.004154 0.120133 -0.141750
v -0.005151 0.119264 -0.140276
v -0.004365 0.115333 -0.137529
v -0.004749 0.118983 -0.140687
v -0.004154 0.124505 -0.143851
v -0.004694 0.124702 -0.143728
v -0.004995 0.116426 -0.138129
v -0.005152 0.125015 -0.143269
v -0.004155 0.126500 -0.144424
v -0.004313 0.117479 -0.139754
v -0.004777 0.127461 -0.144388
v -0.005251 0.117024 -0.138041
v -0.005170 0.128859 -0.144110
v -0.001869 0.156188 -0.136475
v -0.003027 0.156151 -0.138825
v -0.002935 0.114804 -0.136846
v -0.002984 0.117050 -0.139335
v -0.002951 0.120484 -0.141951
v -0.002998 0.123941 -0.143630
v -0.002932 0.126333 -0.144335
v -0.002971 0.128367 -0.144725
v -0.002920 0.130452 -0.144882
v -0.002981 0.145084 -0.144895
v -0.003066 0.147397 -0.144703
v -0.003043 0.150878 -0.143848
v -0.002959 0.153847 -0.142456
v -0.002984 0.155053 -0.141288
v -0.002914 0.155668 -0.140195
v -0.002710 0.146262 -0.144590
v -0.002798 0.148695 -0.144293
v -0.002685 0.150863 -0.143530
v 0.000000 0.118373 -0.134833
v -0.002867 0.114229 -0.135992
v -0.000000 0.111244 -0.136569
v -0.002647 0.116024 -0.135544
v -0.002640 0.115706 -0.135621
v -0.002641 0.115137 -0.135759
v -0.002655 0.114669 -0.135873
v -0.002821 0.114307 -0.135970
v 0.000000 0.111031 -0.136610
v -0.000000 0.111234 -0.136560
v 0.000000 0.118342 -0.134868
v -0.000831 0.118276 -0.134897
v 0.000000 0.118385 -0.134824
v -0.001300 0.118073 -0.134972
v -0.001909 0.117567 -0.135128
v -0.001502 0.117918 -0.135021
v -0.002353 0.116936 -0.135306
v -0.002466 0.116555 -0.135405
v -0.002058 0.117375 -0.135183
v 0.014000 0.059551 0.093927
v -0.000000 0.059307 0.094287
v 0.013565 0.059544 -0.094025
v 0.000000 0.059307 -0.094287
v -0.013565 0.059544 -0.094025
v 0.014961 0.059568 0.093068
v 0.015236 0.059573 0.092234
v 0.014362 0.059558 -0.093715
v -0.014000 0.059551 0.093927
v -0.014961 0.059568 0.093068
v -0.015236 0.059573 0.092234
v -0.014362 0.059558 -0.093715
v -0.015186 0.059572 -0.092616
v 0.015186 0.059572 -0.092616
v -0.001617 0.135675 -0.048359
v 0.011130 0.135679 -0.048357
v 0.016660 0.135676 -0.050381
v 0.014371 0.135682 -0.047777
v 0.012708 0.135680 -0.048152
v -0.003733 0.135675 -0.048359
v -0.008995 0.135677 -0.048358
v -0.011132 0.135677 -0.048358
v -0.012709 0.135678 -0.048153
v -0.014372 0.135680 -0.047779
v -0.016774 0.135673 -0.050510
v -0.016705 0.129386 -0.050662
v -0.016707 0.129545 -0.050603
v -0.016708 0.129603 -0.050582
v -0.016709 0.129683 -0.050543
v -0.016712 0.129871 -0.050440
v 0.016695 0.129386 -0.050662
v 0.016694 0.129618 -0.050577
v 0.016664 0.135159 -0.050386
v 0.016694 0.129916 -0.050419
v 0.016694 0.129705 -0.050535
v 0.020209 0.127431 0.039403
v 0.020291 0.125620 0.039309
v 0.020129 0.125075 0.039185
v 0.020104 0.124667 0.039004
v -0.002433 0.135685 0.044944
v -0.005822 0.135685 0.044631
v -0.005912 0.135685 0.044621
v -0.007426 0.135685 0.044292
v -0.011082 0.135685 0.043499
v -0.011190 0.135685 0.043475
v -0.011321 0.135685 0.043433
v -0.016158 0.135685 0.041656
v -0.016318 0.135685 0.041582
v -0.016431 0.135685 0.041527
v 0.012454 0.135685 0.043017
v 0.015735 0.135685 0.041811
v -0.017321 0.135685 0.041089
v 0.011190 0.135685 0.043475
v 0.011321 0.135685 0.043433
v 0.005913 0.135685 0.044608
v 0.011082 0.135685 0.043499
v 0.016158 0.135685 0.041656
v 0.016318 0.135685 0.041582
v 0.020138 0.135682 0.039629
v 0.019804 0.135682 0.039831
v 0.019170 0.135683 0.040179
v -0.020237 0.135685 0.039578
v -0.020143 0.135685 0.039633
v -0.019804 0.135685 0.039831
v -0.019170 0.135685 0.040179
v -0.020166 0.134288 0.039625
v -0.020463 0.126984 0.039126
v -0.020479 0.126455 0.039100
v 0.020157 0.129519 0.039499
v 0.020079 0.134424 0.039675
v -0.020490 0.126165 0.039085
v -0.020103 0.124714 0.039013
v -0.020097 0.124653 0.039010
v 0.002660 0.135683 0.044923
v 0.002991 0.135684 0.044892
v 0.001879 0.135684 0.044995
v 0.001835 0.135684 0.044996
v -0.001706 0.135685 0.045063
v -0.001835 0.135685 0.044996
v 0.001706 0.135683 0.045063
v 0.001723 0.135683 0.045064
v -0.001879 0.135685 0.044995
v -0.001723 0.135685 0.045064
v 0.005822 0.135685 0.044631
v 0.026757 0.136916 0.021015
v 0.024382 0.137010 0.027671
v 0.023625 0.136741 0.027445
v 0.025416 0.137010 0.019603
v 0.025029 0.136746 0.019760
v 0.025354 0.136745 0.026964
v 0.023063 0.136931 0.019343
v 0.026604 0.136909 0.026049
v 0.027789 0.137009 0.023919
v 0.027386 0.136745 0.024153
v 0.027306 0.136745 0.022376
v -0.003486 0.140326 0.019297
v -0.002138 0.139007 0.020879
v -0.008107 0.139019 0.019303
v -0.009524 0.140326 0.017170
v -0.012738 0.138987 0.016614
v -0.013538 0.140326 0.014156
v -0.016445 0.138986 0.012955
v -0.017036 0.140326 0.009808
v -0.018849 0.139012 0.009067
v -0.019244 0.140326 0.003865
v -0.020404 0.139000 0.004689
v -0.020916 0.139001 -0.000102
v -0.019570 0.140326 -0.001078
v -0.020367 0.139000 -0.004846
v -0.018301 0.140326 -0.007150
v -0.018032 0.138991 -0.010737
v -0.015066 0.140326 -0.012570
v -0.014149 0.138988 -0.015430
v -0.010058 0.140327 -0.016900
v -0.009903 0.138986 -0.018445
v -0.004683 0.139007 -0.020430
v -0.003150 0.140326 -0.019381
v 0.000073 0.138996 -0.020901
v -0.006228 0.135685 0.041434
v -0.012218 0.137011 0.038692
v -0.016400 0.135685 0.038512
v -0.020869 0.137011 0.034709
v -0.021688 0.135684 0.035781
v -0.026303 0.137011 0.030763
v -0.027972 0.135685 0.031064
v -0.032372 0.137011 0.024469
v -0.032103 0.135685 0.026773
v -0.035582 0.135685 0.021940
v -0.037984 0.137011 0.014279
v -0.038338 0.135685 0.016661
v -0.040316 0.135686 0.011043
v -0.040475 0.137011 0.002916
v -0.041477 0.135686 0.005202
v -0.041795 0.135686 -0.000745
v -0.039639 0.137011 -0.008687
v -0.041265 0.135686 -0.006677
v -0.039898 0.135686 -0.012473
v -0.035545 0.137011 -0.019577
v -0.037720 0.135685 -0.018016
v -0.034777 0.135685 -0.023194
v -0.028530 0.137011 -0.028857
v -0.031128 0.135685 -0.027901
v -0.026247 0.135683 -0.032564
v -0.020869 0.137011 -0.034709
v -0.021267 0.135679 -0.036050
v -0.012218 0.137011 -0.038692
v -0.011873 0.135685 -0.040182
v -0.002851 0.137011 -0.040400
v -0.002857 0.135685 -0.041714
v 0.026673 0.128392 0.021069
v 0.023058 0.128392 0.027450
v 0.024925 0.128392 0.019673
v 0.025034 0.128392 0.027119
v 0.026632 0.128392 0.025898
v 0.022026 0.128392 0.019617
v 0.027517 0.128392 0.023368
v -0.001925 0.137011 0.020899
v -0.007503 0.137011 0.019524
v -0.011663 0.137011 0.017386
v -0.016305 0.137011 0.013215
v -0.020035 0.137011 0.006356
v -0.020932 0.137011 -0.000365
v -0.019946 0.137011 -0.006527
v -0.017089 0.137011 -0.012094
v -0.013950 0.137011 -0.015584
v -0.009254 0.137011 -0.018837
v -0.003777 0.137011 -0.020572
v -0.025782 0.127066 -0.000097
v -0.025782 0.131707 0.000097
v -0.031390 0.127066 -0.007131
v -0.031894 0.131707 -0.007300
v -0.026550 0.127066 0.003223
v -0.026634 0.131707 0.003390
v -0.028609 0.127066 -0.005773
v -0.028463 0.131707 -0.005655
v -0.028463 0.127066 0.005655
v -0.028609 0.131707 0.005773
v -0.026634 0.127066 -0.003390
v -0.026550 0.131707 -0.003223
v -0.030641 0.127066 0.006866
v -0.031390 0.131707 0.007131
v -0.033042 0.127066 0.007343
v -0.035399 0.131707 0.007079
v 0.040509 0.127073 -0.000635
v 0.035400 0.131707 -0.007079
v 0.039511 0.127066 0.003832
v 0.038545 0.131707 0.005106
v 0.035748 0.127066 -0.006848
v 0.038787 0.127066 -0.004835
v 0.039325 0.131707 -0.004129
v 0.036848 0.127066 0.006323
v 0.034689 0.131707 0.007214
v 0.034362 0.127066 0.007236
v 0.040552 0.131707 0.000625
v 0.035670 0.137011 0.003585
v 0.035548 0.131707 0.003668
v 0.034252 0.131707 -0.004241
v 0.032509 0.137011 -0.004394
v 0.035670 0.137011 -0.003585
v 0.032356 0.131707 0.004369
v 0.036426 0.131707 -0.002876
v 0.037194 0.137011 -0.001611
v 0.037323 0.131707 -0.001158
v 0.037419 0.137011 0.001106
v 0.037378 0.131707 0.001252
v -0.029839 0.131707 0.002912
v -0.030630 0.137011 0.003585
v -0.032214 0.131707 -0.004251
v -0.034486 0.137011 -0.004202
v -0.031924 0.137011 -0.004164
v -0.032748 0.131707 0.004391
v -0.032848 0.137011 0.004330
v -0.030391 0.131707 -0.003351
v -0.029796 0.137011 -0.002848
v -0.029093 0.131707 -0.001616
v -0.028843 0.137011 -0.000536
v -0.028843 0.131707 0.000536
v -0.029074 0.137011 0.001547
v -0.019929 0.123715 0.036914
v -0.019891 0.124965 0.037466
v -0.019682 0.127014 0.037702
v -0.019920 0.123599 -0.036927
v -0.019879 0.124928 -0.037451
v 0.006750 0.135607 -0.071559
v -0.019676 0.127023 -0.037708
v -0.009830 0.135685 -0.042439
v -0.009639 0.135608 -0.071558
v 0.021297 0.135679 0.036063
v 0.023231 0.128244 0.034728
v 0.027483 0.128392 0.031498
v 0.027973 0.135685 0.031064
v 0.031670 0.128392 0.027284
v 0.032104 0.135685 0.026773
v 0.035218 0.128392 0.022520
v 0.035582 0.135685 0.021940
v 0.038055 0.128392 0.017300
v 0.038339 0.135685 0.016661
v 0.040122 0.128392 0.011731
v 0.040318 0.135686 0.011043
v 0.041381 0.128392 0.005926
v 0.041478 0.135686 0.005202
v 0.041803 0.128392 -0.000000
v 0.041796 0.135686 -0.000745
v 0.041381 0.128392 -0.005926
v 0.041266 0.135686 -0.006677
v 0.040122 0.128392 -0.011731
v 0.039898 0.135686 -0.012473
v 0.038055 0.128392 -0.017300
v 0.037721 0.135685 -0.018016
v 0.035218 0.128392 -0.022520
v 0.034778 0.135685 -0.023194
v 0.031670 0.128392 -0.027284
v 0.031129 0.135685 -0.027901
v 0.027483 0.128392 -0.031498
v 0.026250 0.135683 -0.032561
v 0.023233 0.128232 -0.034723
v 0.021636 0.135678 -0.035778
v 0.019094 0.137009 0.023919
v 0.020871 0.137011 -0.001925
v 0.028863 0.137011 -0.000944
v 0.006637 0.137011 -0.040029
v 0.001925 0.137011 -0.020899
v 0.039302 0.137011 0.010107
v 0.009255 0.137011 0.018837
v 0.032509 0.137011 0.004394
v 0.027475 0.137011 0.029865
v 0.003778 0.137011 0.020572
v 0.021028 0.137009 0.027088
v 0.029386 0.137011 0.002355
v 0.020590 0.137011 0.003790
v 0.020233 0.137011 0.035061
v 0.025261 0.137011 -0.031758
v 0.013729 0.137011 -0.015780
v 0.033231 0.137011 -0.023290
v 0.000000 0.137011 0.040622
v -0.036764 0.137011 -0.002450
v 0.017325 0.137011 -0.011812
v 0.040554 0.137011 -0.001459
v 0.019216 0.137011 0.008261
v 0.012219 0.137011 0.038692
v 0.038474 0.137011 -0.012905
v 0.008957 0.137011 -0.018980
v -0.037471 0.137011 -0.000403
v 0.016431 0.137011 -0.037044
v 0.034819 0.137011 0.020842
v -0.037009 0.137011 0.002132
v 0.019705 0.137011 -0.007015
v 0.016994 0.137011 0.012217
v -0.034915 0.137011 0.003986
v 0.020292 0.137009 0.020405
v 0.030046 0.137011 -0.003033
v 0.013951 0.137011 0.015584
v -0.034775 0.131707 -0.004079
v -0.035878 0.131707 0.003464
v -0.037572 0.131707 0.000403
v -0.036752 0.131707 -0.002442
v 0.029954 0.131707 -0.002936
v 0.031692 0.131707 -0.004108
v 0.029307 0.131707 0.002223
v 0.028879 0.131707 -0.000940
v -0.016706 0.127066 -0.043797
v 0.009640 0.135609 0.071557
v 0.016519 0.135607 -0.072731
v -0.016612 0.135608 -0.072283
v 0.006911 0.135685 -0.042885
v 0.016613 0.135609 0.072282
v -0.006749 0.135607 0.071560
v -0.006910 0.135685 0.042885
v -0.016517 0.135607 0.072732
v 0.009831 0.135685 0.042439
v 0.016730 0.127066 -0.043712
v -0.016729 0.127066 0.043712
v -0.018271 0.127066 0.039687
v 0.018272 0.127066 -0.039686
v 0.019683 0.127014 -0.037702
v 0.019931 0.123715 -0.036914
v 0.019892 0.124965 -0.037466
v 0.019921 0.123599 0.036927
v 0.019879 0.124928 0.037451
v 0.019691 0.127000 0.037691
v 0.018272 0.127066 0.039686
v 0.016707 0.127066 0.043797
v -0.018271 0.127066 -0.039687
v 0.033043 0.127066 -0.007343
v 0.035199 0.127066 -0.020193
v 0.030338 0.127066 -0.006763
v 0.027764 0.127066 -0.005028
v 0.029020 0.127066 -0.028277
v 0.022985 0.126986 -0.033470
v 0.023367 0.127039 0.033103
v 0.025860 0.127066 0.000709
v 0.026101 0.127066 -0.002061
v 0.040051 0.127066 0.006531
v 0.036558 0.127066 0.017614
v 0.031694 0.127066 0.007179
v 0.028847 0.127066 0.005982
v 0.030066 0.127066 0.027254
v 0.039479 0.127066 -0.009388
v 0.026635 0.127066 0.003390
v -0.023354 0.128299 -0.034668
v -0.028585 0.128392 -0.030501
v -0.032619 0.128392 -0.026141
v -0.035996 0.128392 -0.021253
v -0.038645 0.128392 -0.015937
v -0.040514 0.128392 -0.010298
v -0.041564 0.128392 -0.004451
v -0.041775 0.128392 0.001486
v -0.041143 0.128392 0.007393
v -0.039679 0.128392 0.013150
v -0.037415 0.128392 0.018642
v -0.034394 0.128392 0.023758
v -0.029166 0.128391 0.030046
v -0.022408 0.128047 0.035267
v -0.029019 0.127066 0.028277
v -0.022995 0.126990 0.033475
v -0.035198 0.127066 0.020193
v -0.039478 0.127066 0.009388
v -0.035746 0.127066 0.006848
v -0.038786 0.127066 0.004835
v -0.040508 0.127073 0.000635
v -0.040050 0.127066 -0.006531
v -0.039510 0.127066 -0.003832
v -0.036846 0.127066 -0.006323
v -0.034361 0.127066 -0.007236
v -0.036557 0.127066 -0.017614
v -0.030065 0.127066 -0.027254
v -0.023358 0.127037 -0.033108
v -0.016679 0.135685 0.044057
v 0.011874 0.135685 0.040182
v 0.016804 0.135685 0.043165
v -0.018598 0.135685 0.039000
v 0.002858 0.135685 0.041714
v 0.018846 0.135685 0.038764
v 0.006229 0.135685 -0.041434
v -0.018845 0.135685 -0.038764
v 0.016401 0.135685 -0.038512
v 0.018600 0.135685 -0.039000
v -0.016803 0.135685 -0.043165
v 0.016679 0.135685 -0.044057
v 0.029235 0.131707 0.006191
v 0.027396 0.131707 0.004533
v 0.031694 0.131707 -0.007179
v 0.028847 0.131707 -0.005982
v 0.026635 0.131707 -0.003390
v 0.025860 0.131707 -0.000709
v 0.031521 0.131707 0.007142
v 0.026101 0.131707 0.002061
v -0.039324 0.131707 0.004129
v -0.035360 0.131707 -0.006983
v -0.038545 0.131707 -0.005106
v -0.040552 0.131707 -0.000625
v 0.004836 0.139006 -0.020393
v 0.009593 0.138990 -0.018587
v 0.013105 0.138990 -0.016303
v 0.016376 0.138994 -0.013033
v 0.018752 0.139003 -0.009266
v 0.020367 0.139000 -0.004846
v 0.020932 0.139026 0.001108
v 0.019885 0.138986 0.006551
v 0.017335 0.138981 0.011797
v 0.013780 0.138991 0.015735
v 0.009907 0.138988 0.018443
v 0.004695 0.139008 0.020428
v 0.013540 0.140326 0.014156
v 0.017037 0.140327 0.009808
v 0.009525 0.140326 0.017170
v 0.002324 0.140327 0.019521
v 0.019245 0.140326 0.003865
v 0.019571 0.140326 -0.001078
v 0.018302 0.140326 -0.007150
v 0.015067 0.140326 -0.012570
v 0.010059 0.140326 -0.016900
v 0.002805 0.140327 -0.019451
v -0.020590 0.125347 -0.035947
v -0.022302 0.126752 -0.034065
v -0.021794 0.126493 0.034551
v -0.021034 0.125883 0.035374
v -0.020183 0.124621 0.036497
v -0.020169 0.124591 -0.036547
v 0.020591 0.125347 0.035947
v 0.022122 0.126685 0.034229
v 0.021842 0.126521 -0.034503
v 0.021022 0.125877 -0.035396
v 0.020184 0.124623 -0.036497
v 0.021253 0.126099 0.035129
v 0.020169 0.124591 0.036547
v -0.020594 0.126373 0.036717
v -0.021154 0.127074 -0.036175
v 0.021046 0.127009 -0.036263
v 0.021155 0.127074 0.036175
v 0.020428 0.128392 0.026233
v 0.020417 0.136746 0.026072
v 0.021854 0.136746 0.027121
v 0.021529 0.136745 0.019918
v 0.020193 0.136745 0.021092
v 0.019863 0.128392 0.021544
v 0.019497 0.136745 0.022728
v 0.019443 0.128392 0.023729
v 0.019577 0.136745 0.024505
v -0.021304 0.126144 -0.035053
v -0.001433 -0.002506 0.064292
v -0.005510 0.002130 0.064296
v 0.005361 0.001587 0.064287
v 0.003748 -0.001182 0.064287
v 0.001926 -0.002247 0.064290
v -0.004090 -0.000800 0.064278
v -0.016565 0.068184 0.078563
v 0.016402 0.068127 0.080613
v -0.016409 0.068127 0.080659
v -0.016443 0.064447 0.077009
v 0.016458 0.064389 0.077008
v -0.016477 0.071630 0.053371
v -0.016659 0.071723 0.062141
v -0.016503 0.074283 0.053309
v -0.016458 0.068385 0.062072
v -0.016712 0.068432 0.066274
v -0.016517 0.046201 0.067721
v -0.016524 0.044483 0.069656
v -0.016561 0.066902 0.077014
v -0.016451 0.044522 0.075104
v -0.016718 0.046294 0.076411
v -0.016659 0.071723 0.082331
v -0.016328 0.068254 0.082401
v -0.016542 0.074235 0.091167
v -0.016477 0.071630 0.091101
v -0.008013 0.068326 0.058787
v 0.010800 0.068251 0.061820
v 0.016459 0.068385 0.062072
v -0.010648 0.068266 0.061749
v -0.007760 0.068326 0.053411
v 0.007762 0.068406 0.053331
v 0.007773 0.068130 0.059343
v 0.016478 0.071630 0.053371
v 0.007740 0.071691 0.053242
v 0.016522 0.074252 0.053326
v -0.007739 0.071691 0.053242
v 0.016540 0.074283 0.091128
v 0.007802 0.071692 0.091233
v 0.016478 0.071630 0.091102
v -0.007702 0.068384 0.091157
v 0.007703 0.068311 0.091083
v -0.007822 0.071663 0.091184
v -0.007547 0.068141 0.086045
v 0.007541 0.068143 0.086086
v 0.016553 0.066930 0.067450
v -0.016562 0.066855 0.067511
v 0.016529 0.044566 0.069369
v 0.016348 0.068236 0.082345
v 0.016650 0.071717 0.082408
v 0.016660 0.071723 0.062141
v 0.016713 0.068447 0.066251
v 0.016571 0.046287 0.067785
v 0.016714 0.066965 0.076724
v 0.016442 0.044449 0.074852
v 0.016559 0.068131 0.078284
v 0.016719 0.046294 0.076411
v 0.011260 0.071471 0.082732
v 0.008289 0.071471 0.085176
v 0.008009 0.068604 0.086462
v 0.008846 0.068605 0.084528
v 0.011103 0.068607 0.082755
v 0.008201 0.071471 0.059063
v 0.011133 0.071471 0.061728
v 0.008153 0.068615 0.058782
v -0.008288 0.071471 0.085176
v -0.011310 0.071471 0.082709
v -0.011086 0.068623 0.082770
v -0.008845 0.068605 0.084528
v -0.008010 0.068600 0.086448
v -0.008042 0.071471 0.058277
v -0.009199 0.071471 0.060376
v -0.011391 0.071471 0.061777
v 0.016259 0.068099 0.065658
v -0.016254 0.068103 0.065621
v 0.016249 0.066361 0.077058
v 0.016236 0.046205 0.076886
v -0.016228 0.046347 0.076912
v -0.010454 0.068131 0.082434
v 0.010511 0.068132 0.082397
v -0.016387 0.068113 0.086170
v -0.016539 0.043948 0.089441
v 0.016558 0.044189 0.089494
v -0.014013 0.017301 0.074208
v 0.014016 0.017327 0.074233
v -0.013928 0.017175 0.072234
v 0.013925 0.017176 0.072234
v -0.008486 -0.011171 0.072059
v -0.012420 -0.008753 0.071958
v 0.010422 -0.010273 0.072041
v 0.007642 -0.011205 0.072105
v 0.013592 -0.005955 0.072237
v -0.013782 -0.004838 0.072236
v -0.011278 -0.009597 0.064421
v -0.013977 -0.005293 0.064353
v -0.008705 -0.011071 0.064400
v -0.013922 0.017176 0.064277
v -0.004875 0.005257 0.064297
v 0.008742 -0.010769 0.064275
v 0.012319 -0.008680 0.064468
v 0.014014 -0.005428 0.064428
v 0.013928 0.017175 0.064277
v -0.014352 0.017593 0.062096
v 0.014344 0.017430 0.062225
v -0.016227 0.043848 0.076990
v 0.014268 0.017853 0.062059
v 0.016220 0.043844 0.076979
v -0.016496 0.064713 0.089576
v 0.016528 0.064755 0.089507
v 0.016388 0.068113 0.086170
v -0.016683 0.043732 0.077434
v -0.014416 0.017648 0.073915
v -0.014407 0.017605 0.064751
v -0.014416 0.017616 0.071745
v 0.014285 -0.004598 0.071759
v 0.014408 0.017603 0.064758
v 0.014418 0.017648 0.073915
v 0.014418 0.017617 0.071752
v 0.016684 0.043731 0.077434
v -0.013364 -0.007431 0.064753
v -0.014241 -0.005042 0.071753
v 0.013050 -0.008055 0.071761
v 0.008807 -0.011247 0.064760
v -0.003110 0.007383 0.064283
v 0.005043 0.004809 0.064295
v -0.000003 0.002865 0.069676
v 0.000230 0.008410 0.064308
v 0.003094 0.007323 0.064291
v -0.015639 0.056811 0.077154
v -0.014280 0.059374 0.077207
v -0.013345 0.060202 0.081788
v -0.011123 0.049594 0.081788
v -0.012069 0.049885 0.077490
v -0.012581 0.060577 0.077489
v -0.014228 0.051433 0.081788
v -0.009816 0.061430 0.077499
v -0.009551 0.061428 0.081788
v -0.014344 0.051771 0.077489
v -0.015462 0.054208 0.077497
v -0.015647 0.056005 0.081788
v -0.012997 0.049837 0.077013
v -0.003439 0.055725 0.077492
v -0.003052 0.053991 0.077016
v -0.015610 0.052882 0.077013
v -0.004396 0.052309 0.077489
v -0.005497 0.050300 0.077012
v -0.005980 0.050562 0.077490
v -0.008627 0.049418 0.077499
v -0.009009 0.048844 0.077013
v -0.004033 0.058955 0.077014
v -0.011847 0.061511 0.077013
v -0.007641 0.061689 0.077014
v -0.006751 0.060729 0.077482
v -0.004759 0.059012 0.077489
v -0.004875 0.051433 0.081788
v -0.005758 0.060202 0.081788
v -0.008350 0.049475 0.081788
v -0.003456 0.056005 0.081788
v 0.003935 0.058139 0.077210
v 0.005760 0.060202 0.081788
v 0.007981 0.049594 0.081788
v 0.007035 0.049885 0.077490
v 0.006523 0.060577 0.077489
v 0.004876 0.051433 0.081788
v 0.009288 0.061430 0.077499
v 0.009553 0.061428 0.081788
v 0.004760 0.051771 0.077489
v 0.003436 0.054624 0.077314
v 0.003457 0.056005 0.081788
v 0.004424 0.051182 0.077015
v 0.015665 0.055725 0.077492
v 0.015868 0.057200 0.077013
v 0.015672 0.053096 0.077013
v 0.014708 0.052309 0.077489
v 0.013314 0.050535 0.077300
v 0.010477 0.049418 0.077499
v 0.009447 0.048743 0.077015
v 0.010505 0.061813 0.077012
v 0.013526 0.060581 0.077013
v 0.006634 0.061318 0.077015
v 0.012353 0.060729 0.077482
v 0.014345 0.059012 0.077489
v 0.014229 0.051433 0.081788
v 0.013346 0.060202 0.081788
v 0.010754 0.049475 0.081788
v 0.015648 0.056005 0.081788
v 0.004775 0.003420 0.066639
v 0.000573 -0.001871 0.066643
v 0.003723 -0.000258 0.066619
v 0.003734 0.005754 0.066622
v 0.001633 0.007392 0.066635
v 0.003183 0.004310 0.066638
v 0.001316 -0.000360 0.066630
v 0.003266 0.001542 0.066595
v 0.001568 0.005933 0.066624
v -0.002896 0.004639 0.064315
v -0.000018 -0.000516 0.064303
v -0.001111 0.006013 0.064305
v -0.002332 0.000384 0.064302
v -0.003322 0.002427 0.064305
v -0.000248 0.005666 0.064237
v 0.002066 0.004784 0.064240
v 0.000249 0.000043 0.064237
v 0.002772 0.001921 0.064237
v -0.004595 0.004455 0.064311
v -0.002841 0.006840 0.064309
v 0.000829 -0.001970 0.064310
v -0.002852 -0.001207 0.064308
v 0.000024 0.007722 0.064315
v -0.004737 0.001735 0.064314
v -0.014218 0.017039 0.064119
v 0.014219 0.017039 0.064118
v -0.001370 0.005139 0.052336
v -0.002771 0.003788 0.064237
v -0.002429 0.001394 0.052335
v -0.002065 0.000926 0.064240
v -0.001545 0.007364 0.066619
v 0.007710 -0.011023 0.049263
v 0.013941 -0.000762 0.049243
v 0.013944 0.006472 0.049244
v -0.003611 -0.011069 0.049232
v -0.013865 -0.005009 0.049274
v -0.013942 -0.000762 0.049244
v -0.003620 0.016786 0.049232
v -0.003572 0.006428 0.049171
v -0.013944 0.006478 0.049242
v 0.003603 -0.000747 0.049157
v 0.003612 -0.011069 0.049232
v 0.000001 -0.011161 0.051772
v 0.000001 0.002855 0.051660
v 0.000001 0.016870 0.051776
v 0.003614 0.016787 0.049235
v 0.003579 0.006433 0.049169
v -0.003602 -0.000747 0.049157
v -0.009062 -0.010843 0.049308
v 0.010935 -0.010045 0.064179
v -0.012514 -0.008594 0.064184
v 0.005485 -0.000420 0.064234
v 0.013987 -0.006015 0.064173
v 0.006246 0.001687 0.064239
v -0.001163 0.009095 0.064242
v 0.004837 0.003407 0.064309
v 0.001169 0.009101 0.064239
v 0.003275 0.008339 0.064234
v 0.007530 -0.011314 0.064178
v -0.001167 -0.003391 0.064240
v -0.003274 -0.002630 0.064234
v 0.011264 -0.009514 0.049260
v 0.013811 -0.005612 0.049279
v 0.011929 0.004048 0.064247
v 0.011671 0.004319 0.051585
v 0.006552 0.004381 0.051572
v 0.001454 0.009343 0.051583
v 0.004259 0.008087 0.051563
v -0.001458 0.014520 0.051586
v -0.006485 0.004304 0.051586
v -0.006280 0.004043 0.064256
v -0.004310 0.007728 0.064229
v -0.004848 0.007700 0.051550
v -0.011928 0.014792 0.064245
v -0.001448 0.009339 0.051586
v -0.007916 -0.008987 0.064244
v -0.011368 -0.005809 0.051569
v -0.011556 -0.006203 0.064236
v -0.011927 0.001662 0.064247
v -0.006551 0.001328 0.051572
v -0.001454 -0.003634 0.051583
v -0.004259 -0.002378 0.051561
v -0.001459 -0.008812 0.051587
v -0.008104 -0.008653 0.051570
v 0.011726 -0.005626 0.064245
v 0.007840 -0.008709 0.051578
v 0.008508 -0.008856 0.064233
v 0.001458 -0.008810 0.051588
v 0.001194 -0.009073 0.064247
v 0.001527 -0.003697 0.051572
v 0.006489 0.001400 0.051583
v 0.005233 -0.001405 0.051561
v 0.011638 -0.004439 0.051576
v 0.010520 -0.006967 0.051539
v -0.003132 0.004324 0.066627
v -0.003909 0.005611 0.066637
v -0.001152 0.006234 0.066635
v 0.003431 0.003549 0.064284
v 0.001149 0.006055 0.064309
v 0.002306 0.000359 0.064302
v 0.001371 0.000570 0.052336
v 0.002430 0.004316 0.052335
v -0.012447 -0.008159 0.049227
v -0.013965 0.016762 0.049334
v -0.014158 -0.004946 0.064163
v 0.013950 0.016760 0.049307
v -0.008501 -0.011186 0.064184
v -0.011673 0.004320 0.051587
v -0.011935 0.004054 0.064247
v -0.011674 0.014521 0.051588
v -0.001203 0.014792 0.064246
v 0.004054 -0.000008 0.064313
v 0.003308 0.006555 0.064310
v 0.011675 0.014520 0.051586
v 0.011938 0.014784 0.064245
v 0.001459 0.014520 0.051587
v 0.006246 0.004022 0.064240
v 0.001201 0.014791 0.064247
v 0.005374 0.006334 0.064241
v -0.011673 0.001390 0.051588
v -0.006245 0.001687 0.064240
v -0.001200 -0.009081 0.064247
v -0.005373 -0.000624 0.064241
v 0.011673 0.001390 0.051587
v 0.001169 -0.003391 0.064239
v 0.011936 0.001655 0.064247
v 0.003480 -0.002519 0.064241
v -0.003428 0.002185 0.066622
v -0.001704 -0.000299 0.066617
v -0.004791 0.002411 0.066634
v -0.002979 -0.000984 0.066654
v -0.014016 0.002855 0.051772
v 0.014025 0.002855 0.051781
v -0.000327 0.125197 0.009344
vn 0.6173 0.3596 0.6997
vn 0.3576 0.6101 0.7070
vn 0.0556 0.7142 0.6977
vn -0.3884 0.5988 0.7004
vn -0.6413 0.3154 0.6995
vn 0.0000 -0.9996 0.0272
vn 0.0016 -1.0000 0.0017
vn 0.0014 -0.0021 -1.0000
vn 0.0000 -0.0253 -0.9997
vn 0.9997 -0.0105 0.0207
vn 0.9965 -0.0588 0.0596
vn 0.9995 -0.0219 0.0228
vn 0.9997 -0.0024 0.0230
vn 1.0000 0.0076 -0.0001
vn 0.9871 -0.1593 -0.0144
vn 0.9998 -0.0178 -0.0116
vn 0.9955 -0.0945 -0.0006
vn 0.9999 0.0161 -0.0000
vn 0.9992 -0.0384 -0.0112
vn 0.9936 -0.0936 -0.0632
vn 0.9989 0.0467 -0.0000
vn 0.9983 0.0576 0.0009
vn 0.9995 -0.0255 -0.0205
vn -0.0269 -0.9966 0.0777
vn 0.0001 -0.9992 0.0394
vn 0.0005 -0.9991 0.0428
vn 0.0247 -0.9967 0.0776
vn 0.0124 -0.9999 0.0006
vn -0.0049 -0.9989 0.0458
vn 0.0008 -0.9988 -0.0499
vn 0.0113 -0.9995 0.0305
vn -0.0146 -0.0172 0.9997
vn 0.0000 -0.0270 0.9996
vn 0.0049 -0.0500 0.9987
vn 0.0145 -0.0235 0.9996
vn -0.0006 0.0309 0.9995
vn 0.0000 0.0257 0.9997
vn -0.0150 -0.0104 -0.9998
vn -0.0046 -0.0443 -0.9990
vn 0.0031 -0.0085 -1.0000
vn 0.0094 -0.0253 -0.9996
vn -0.0011 0.0365 -0.9993
vn 0.0031 -0.0037 -1.0000
vn 0.0045 -0.9989 -0.0475
vn -0.0001 -0.9994 -0.0335
vn -0.0009 1.0000 0.0008
vn 0.0015 1.0000 -0.0013
vn -0.0020 -0.0162 0.9999
vn 0.0018 -0.0102 0.9999
vn 0.0022 -1.0000 -0.0072
vn -0.0023 -0.9998 0.0213
vn -0.9947 -0.0874 -0.0542
vn -0.9992 0.0412 -0.0005
vn -0.9986 0.0528 0.0005
vn -0.9996 -0.0173 0.0206
vn -0.9995 -0.0235 -0.0196
vn -0.9965 -0.0587 0.0596
vn -0.9999 0.0005 0.0173
vn -0.9999 0.0006 0.0171
vn -0.9991 -0.0400 0.0170
vn -0.9873 -0.1584 -0.0123
vn -0.9929 -0.1178 0.0168
vn -0.9937 0.1108 -0.0156
vn -0.9999 0.0167 -0.0005
vn -0.9992 -0.0387 -0.0117
vn -0.0452 -0.9989 0.0092
vn -0.0103 -0.9999 -0.0126
vn 0.0067 -0.9993 -0.0361
vn -0.9141 0.0881 -0.3957
vn -0.6351 -0.0286 -0.7719
vn -0.6167 -0.0578 -0.7851
vn -0.9974 -0.0319 -0.0639
vn -0.9948 -0.0603 -0.0822
vn -0.0597 0.0048 -0.9982
vn -0.0761 -0.0246 -0.9968
vn 0.0064 -0.9993 0.0373
vn -0.0450 -0.9989 -0.0097
vn -0.0110 -0.9999 0.0120
vn -0.6700 -0.0901 0.7369
vn -0.7560 0.0516 0.6526
vn -0.0737 0.0162 0.9972
vn -0.0452 -0.0330 0.9984
vn -0.9974 -0.0097 0.0713
vn -0.9969 0.0044 0.0788
vn 0.0465 -0.9989 0.0097
vn -0.0036 -0.9995 -0.0318
vn 0.0103 -0.9999 -0.0126
vn 0.6320 -0.0333 -0.7742
vn 0.6165 -0.0579 -0.7852
vn 0.9135 0.0877 -0.3972
vn 0.0714 0.0158 -0.9973
vn 0.0698 0.0132 -0.9975
vn 0.9973 -0.0369 -0.0635
vn 0.9950 -0.0611 -0.0791
vn -0.0064 -0.9990 0.0434
vn 0.0000 -1.0000 -0.0000
vn 0.0121 -0.9999 0.0116
vn 0.0473 -0.9988 -0.0097
vn 0.8725 -0.0859 0.4810
vn 0.7467 0.0535 0.6630
vn 0.5349 -0.1167 0.8368
vn 0.9988 -0.0167 0.0469
vn 0.9982 0.0034 0.0598
vn 0.0681 0.0166 0.9975
vn 0.0556 -0.0040 0.9984
vn -0.0009 -0.8374 0.5466
vn -0.0005 -0.8345 0.5510
vn -0.0041 -0.7704 -0.6376
vn 0.0105 -0.5681 -0.8229
vn 0.0025 -0.7035 -0.7107
vn -0.0033 -0.7568 -0.6536
vn 0.0039 -0.7477 0.6640
vn -0.0032 -0.6771 0.7358
vn 0.0167 -0.5790 -0.8152
vn 0.3737 -0.8008 -0.4680
vn 0.7725 -0.1272 -0.6222
vn 0.5668 -0.7867 -0.2445
vn 0.6982 -0.7158 -0.0129
vn 0.9594 -0.2748 -0.0644
vn 0.7147 -0.0122 -0.6993
vn 0.4392 -0.0229 -0.8981
vn 0.5722 -0.5409 -0.6165
vn -0.7010 -0.7132 -0.0011
vn -0.5716 -0.7824 -0.2472
vn -0.7760 -0.0842 -0.6251
vn -0.3657 -0.8065 -0.4646
vn -0.0179 -0.6166 -0.7870
vn 0.8353 -0.3865 0.3911
vn -0.8709 -0.4880 -0.0580
vn 0.6090 -0.7927 0.0278
vn -0.8206 -0.4157 -0.3921
vn -0.5498 0.0372 -0.8344
vn -0.7022 -0.0133 -0.7118
vn -0.7825 -0.0093 -0.6226
vn -0.6340 -0.5524 -0.5412
vn -0.8253 -0.4011 0.3976
vn -0.6291 -0.7769 0.0265
vn -0.7685 -0.6391 0.0307
vn -0.3894 -0.8111 0.4363
vn 0.0031 1.0000 0.0001
vn -0.0207 0.9991 -0.0378
vn 0.0003 -0.4963 -0.8681
vn -0.0022 -0.4941 -0.8694
vn -0.0008 -0.9972 -0.0753
vn -0.0000 -0.9980 -0.0637
vn 0.0873 -0.1008 -0.9911
vn 0.0030 -0.0305 -0.9995
vn 0.0010 -0.0240 -0.9997
vn -0.0000 0.0002 -1.0000
vn 0.0000 0.0001 -1.0000
vn -0.0508 -0.0826 -0.9953
vn 0.0021 -1.0000 -0.0053
vn 0.0098 -0.9999 0.0128
vn 0.0003 -0.0161 0.9999
vn 0.0120 -0.0065 0.9999
vn 0.0016 -0.0112 0.9999
vn 0.0086 0.0022 1.0000
vn 0.0071 -0.0066 1.0000
vn 0.0037 -0.0033 1.0000
vn -0.0019 -0.0002 1.0000
vn 0.0008 0.0011 1.0000
vn 0.0017 0.0004 1.0000
vn 0.0030 -0.0039 1.0000
vn -0.0407 0.0225 0.9989
vn -0.0071 -0.0159 0.9998
vn -0.0056 0.0056 1.0000
vn -0.0111 -0.0064 0.9999
vn 0.0047 0.0019 1.0000
vn -0.0002 -0.0016 1.0000
vn -0.0109 -0.0066 0.9999
vn 0.0046 0.0037 1.0000
vn 0.0000 -0.0035 1.0000
vn 0.0000 -0.9924 0.1230
vn 0.0048 -0.9823 0.1872
vn 0.0056 0.4931 0.8699
vn 0.0002 0.4979 0.8673
vn 0.0009 -0.0313 0.9995
vn 0.0003 -0.0394 0.9992
vn -0.9928 -0.0113 0.1193
vn 0.9565 -0.0098 0.2915
vn 0.0015 -0.0065 -1.0000
vn -0.0021 -0.0006 -1.0000
vn 0.0175 0.9993 -0.0323
vn -0.0034 1.0000 0.0004
vn -1.0000 0.0015 0.0057
vn -0.9999 0.0112 -0.0100
vn -0.9990 0.0444 -0.0027
vn -0.9998 0.0209 0.0062
vn 1.0000 0.0021 0.0043
vn 0.9999 0.0118 -0.0118
vn 0.9993 0.0363 -0.0041
vn 0.9999 0.0138 0.0045
vn 0.9960 -0.0884 -0.0135
vn 0.9963 -0.0859 0.0050
vn -0.1565 0.9877 0.0012
vn 0.8821 0.4711 0.0069
vn 0.9992 -0.0181 0.0351
vn 1.0000 -0.0077 0.0014
vn -1.0000 -0.0060 0.0014
vn -0.9992 -0.0166 0.0352
vn -0.9862 0.1616 0.0360
vn -0.9268 0.3755 0.0052
vn -0.8829 0.4696 0.0022
vn -0.9960 -0.0884 -0.0138
vn -0.9963 -0.0847 0.0140
vn 0.0010 0.7043 0.7099
vn -0.0012 0.6942 0.7198
vn 0.0043 0.7048 -0.7094
vn 0.0020 0.7201 -0.6939
vn -0.0006 0.7112 -0.7030
vn -0.0078 0.7076 -0.7066
vn 0.5236 -0.8519 -0.0038
vn 0.4968 -0.8676 -0.0219
vn 0.7222 -0.6909 0.0321
vn 0.8979 -0.4385 -0.0372
vn 0.9598 -0.2795 0.0248
vn -0.9417 -0.3365 -0.0032
vn -0.8855 -0.4621 0.0492
vn -0.6451 -0.7641 -0.0007
vn -0.5888 -0.8080 0.0226
vn -0.3185 -0.9463 -0.0558
vn -0.6455 -0.7629 -0.0361
vn -0.7021 0.3141 0.6390
vn -0.7093 -0.0020 0.7049
vn -0.4014 -0.6252 0.6693
vn -0.0073 -0.7123 0.7018
vn 0.4307 -0.2837 0.8567
vn -0.6988 -0.0071 0.7153
vn 0.6998 -0.0007 0.7143
vn -0.9143 0.4050 -0.0034
vn 0.6694 -0.7428 0.0104
vn 0.7016 0.3131 0.6401
vn -0.7415 -0.3831 -0.5508
vn 0.6961 -0.0067 0.7179
vn -0.6727 -0.7399 -0.0104
vn -0.6373 -0.7700 -0.0292
vn 0.8727 0.4883 -0.0047
vn -0.5791 -0.0082 -0.8152
vn -0.7010 -0.0039 -0.7131
vn -0.8712 -0.3110 -0.3798
vn -0.3404 -0.2906 -0.8942
vn 0.6369 -0.2727 -0.7211
vn 0.7100 -0.0047 -0.7042
vn 0.7233 -0.0053 -0.6905
vn 0.7359 -0.3873 -0.5554
vn 0.6753 -0.7374 -0.0110
vn 0.6596 -0.7513 -0.0194
vn 0.7152 -0.0688 0.6956
vn 0.5688 -0.4424 0.6933
vn -0.7013 -0.1423 0.6985
vn -0.5474 -0.4589 0.6999
vn -0.2154 -0.6839 0.6971
vn 0.2573 -0.6665 0.6997
vn -0.0021 -0.3638 0.9315
vn -0.8815 -0.4655 0.0793
vn -0.8730 -0.4790 0.0918
vn -0.0429 0.9990 0.0160
vn -0.1344 0.9902 -0.0376
vn -0.5741 -0.8182 -0.0306
vn -0.5090 0.8591 0.0537
vn -0.3076 -0.9513 0.0193
vn -0.2946 -0.9551 0.0310
vn -0.6375 0.7692 -0.0432
vn -0.9089 0.4170 -0.0081
vn -0.9517 0.2955 0.0828
vn -0.9975 0.0694 -0.0139
vn -0.3854 0.4647 0.7972
vn -0.6791 0.5829 0.4460
vn 0.4735 0.1332 0.8707
vn -0.5196 0.2411 0.8197
vn 0.4938 0.4476 0.7455
vn 0.7730 0.5124 0.3741
vn -0.9405 0.0190 0.3392
vn 0.2958 0.6787 0.6722
vn 0.3007 0.7254 0.6192
vn -0.0851 0.6106 0.7874
vn -0.2100 0.8436 0.4943
vn 0.0003 -0.0002 -1.0000
vn -0.0000 -0.0001 -1.0000
vn -0.0002 0.0001 -1.0000
vn 0.0015 0.0001 -1.0000
vn 0.0418 -0.0360 -0.9985
vn 0.0057 -0.0224 -0.9997
vn 0.0023 -0.0195 -0.9998
vn -0.0665 0.0149 -0.9977
vn 0.4831 -0.5632 0.6704
vn 0.5432 -0.7170 0.4369
vn 0.5466 -0.2202 0.8079
vn 0.9770 -0.1932 0.0903
vn -0.5603 -0.6809 0.4717
vn -0.1733 -0.5522 0.8155
vn -0.0399 -0.9451 0.3244
vn 0.1252 -0.5263 0.8410
vn 0.9616 0.2694 0.0523
vn 0.7397 0.6707 -0.0542
vn 0.3073 -0.9505 0.0455
vn 0.2228 -0.9748 -0.0134
vn 0.4904 0.8700 0.0503
vn 0.3967 0.9178 -0.0135
vn 0.6520 -0.7560 -0.0578
vn 0.8745 -0.4798 0.0705
vn 0.9278 -0.3726 -0.0207
vn 0.9548 0.2965 0.0230
vn -0.0000 0.0000 1.0000
vn -0.8691 -0.4768 0.1314
vn -0.6814 -0.7297 -0.0573
vn -0.9068 0.4214 -0.0085
vn -0.9506 0.2952 0.0956
vn -0.9895 -0.1395 -0.0384
vn -0.3697 0.4457 0.8153
vn 0.9627 0.0459 0.2666
vn 0.5336 0.1500 0.8323
vn -0.6228 0.2435 0.7435
vn 0.6888 0.5868 0.4256
vn 0.3595 0.8401 0.4061
vn -0.0713 0.5072 0.8588
vn -0.4362 0.8982 -0.0548
vn 0.0003 -0.0001 -1.0000
vn -0.0003 0.0001 -1.0000
vn 0.2045 0.2929 -0.9340
vn -0.0970 -0.0212 -0.9951
vn -0.0007 -0.0002 -1.0000
vn 0.0001 0.0002 -1.0000
vn -0.2618 -0.0088 -0.9651
vn 0.3163 -0.7757 0.5461
vn 0.3802 -0.4445 0.8111
vn 0.7461 -0.5168 0.4199
vn 0.5038 -0.2030 0.8396
vn -0.5497 -0.5075 0.6635
vn -0.1725 -0.5495 0.8175
vn -0.1149 -0.8999 0.4207
vn 0.1377 -0.5819 0.8015
vn 0.7877 0.6150 -0.0375
vn 0.4897 0.8688 0.0740
vn 0.3658 0.9306 -0.0113
vn -0.6173 0.3596 -0.6997
vn -0.3576 0.6101 -0.7070
vn -0.0556 0.7142 -0.6977
vn 0.3884 0.5988 -0.7004
vn 0.6413 0.3154 -0.6995
vn -0.0000 -0.9996 -0.0272
vn -0.0016 -1.0000 -0.0017
vn -0.0014 -0.0021 1.0000
vn -0.0000 -0.0253 0.9997
vn -0.9997 -0.0105 -0.0207
vn -0.9965 -0.0588 -0.0596
vn -0.9995 -0.0219 -0.0228
vn -0.9997 -0.0024 -0.0230
vn -1.0000 0.0076 0.0001
vn -0.9871 -0.1593 0.0144
vn -0.9998 -0.0178 0.0116
vn -0.9955 -0.0945 0.0006
vn -0.9999 0.0161 0.0000
vn -0.9992 -0.0384 0.0112
vn -0.9936 -0.0936 0.0632
vn -0.9989 0.0467 0.0000
vn -0.9983 0.0576 -0.0009
vn -0.9995 -0.0255 0.0205
vn 0.0269 -0.9966 -0.0777
vn -0.0001 -0.9992 -0.0394
vn -0.0005 -0.9991 -0.0427
vn -0.0247 -0.9967 -0.0776
vn -0.0124 -0.9999 -0.0006
vn 0.0049 -0.9989 -0.0458
vn -0.0008 -0.9988 0.0499
vn -0.0113 -0.9995 -0.0305
vn 0.0146 -0.0172 -0.9997
vn 0.0000 -0.0270 -0.9996
vn -0.0049 -0.0500 -0.9987
vn -0.0145 -0.0235 -0.9996
vn 0.0006 0.0309 -0.9995
vn 0.0000 0.0257 -0.9997
vn 0.0150 -0.0104 0.9998
vn 0.0046 -0.0443 0.9990
vn -0.0031 -0.0085 1.0000
vn -0.0094 -0.0253 0.9996
vn 0.0011 0.0366 0.9993
vn -0.0031 -0.0037 1.0000
vn -0.0045 -0.9989 0.0475
vn 0.0001 -0.9994 0.0335
vn 0.0009 1.0000 -0.0008
vn -0.0015 1.0000 0.0013
vn 0.0020 -0.0162 -0.9999
vn -0.0018 -0.0102 -0.9999
vn -0.0022 -1.0000 0.0072
vn 0.0023 -0.9998 -0.0213
vn 0.9947 -0.0874 0.0542
vn 0.9992 0.0412 0.0005
vn 0.9986 0.0528 -0.0005
vn 0.9996 -0.0173 -0.0206
vn 0.9995 -0.0235 0.0196
vn 0.9965 -0.0587 -0.0596
vn 0.9999 0.0005 -0.0173
vn 0.9999 0.0006 -0.0171
vn 0.9991 -0.0400 -0.0170
vn 0.9873 -0.1584 0.0123
vn 0.9929 -0.1178 -0.0168
vn 0.9937 0.1108 0.0156
vn 0.9999 0.0167 0.0005
vn 0.9992 -0.0387 0.0117
vn 0.0452 -0.9989 -0.0092
vn 0.0103 -0.9999 0.0126
vn -0.0067 -0.9993 0.0361
vn 0.9141 0.0881 0.3957
vn 0.6351 -0.0286 0.7719
vn 0.6167 -0.0578 0.7851
vn 0.9974 -0.0319 0.0639
vn 0.9948 -0.0603 0.0822
vn 0.0597 0.0048 0.9982
vn 0.0761 -0.0246 0.9968
vn -0.0065 -0.9993 -0.0373
vn 0.0450 -0.9989 0.0097
vn 0.0110 -0.9999 -0.0120
vn 0.6700 -0.0901 -0.7369
vn 0.7560 0.0516 -0.6526
vn 0.0737 0.0162 -0.9972
vn 0.0452 -0.0330 -0.9984
vn 0.9974 -0.0097 -0.0713
vn 0.9969 0.0044 -0.0788
vn -0.0465 -0.9989 -0.0097
vn 0.0036 -0.9995 0.0318
vn -0.0103 -0.9999 0.0126
vn -0.6320 -0.0333 0.7742
vn -0.6165 -0.0579 0.7852
vn -0.9135 0.0877 0.3972
vn -0.0714 0.0158 0.9973
vn -0.0698 0.0132 0.9975
vn -0.9973 -0.0369 0.0635
vn -0.9950 -0.0611 0.0791
vn 0.0064 -0.9990 -0.0434
vn -0.0121 -0.9999 -0.0116
vn -0.0473 -0.9988 0.0097
vn -0.8725 -0.0859 -0.4810
vn -0.7467 0.0535 -0.6630
vn -0.5349 -0.1167 -0.8368
vn -0.9988 -0.0167 -0.0469
vn -0.9982 0.0034 -0.0598
vn -0.0681 0.0166 -0.9975
vn -0.0556 -0.0040 -0.9984
vn 0.0009 -0.8374 -0.5466
vn 0.0005 -0.8345 -0.5510
vn 0.0041 -0.7704 0.6376
vn -0.0105 -0.5681 0.8229
vn -0.0025 -0.7035 0.7107
vn 0.0033 -0.7568 0.6536
vn -0.0039 -0.7477 -0.6640
vn 0.0032 -0.6771 -0.7358
vn -0.0167 -0.5790 0.8152
vn -0.3737 -0.8008 0.4680
vn -0.7724 -0.1272 0.6222
vn -0.5668 -0.7867 0.2445
vn -0.6982 -0.7158 0.0129
vn -0.9594 -0.2748 0.0644
vn -0.7147 -0.0122 0.6993
vn -0.4390 -0.0229 0.8982
vn -0.5722 -0.5408 0.6165
vn 0.7010 -0.7132 0.0011
vn 0.5716 -0.7824 0.2472
vn 0.7760 -0.0842 0.6251
vn 0.3657 -0.8065 0.4646
vn 0.0179 -0.6167 0.7870
vn -0.8352 -0.3865 -0.3911
vn 0.8709 -0.4879 0.0580
vn -0.6090 -0.7927 -0.0278
vn 0.8206 -0.4157 0.3921
vn 0.5498 0.0372 0.8344
vn 0.7023 -0.0133 0.7118
vn 0.7825 -0.0093 0.6226
vn 0.6340 -0.5524 0.5412
vn 0.8253 -0.4011 -0.3976
vn 0.6291 -0.7769 -0.0265
vn 0.7685 -0.6391 -0.0307
vn 0.3895 -0.8111 -0.4363
vn -0.0031 1.0000 -0.0001
vn 0.0207 0.9991 0.0378
vn -0.0003 -0.4963 0.8681
vn 0.0022 -0.4941 0.8694
vn 0.0008 -0.9972 0.0753
vn 0.0000 -0.9980 0.0637
vn -0.0873 -0.1008 0.9911
vn -0.0030 -0.0305 0.9995
vn -0.0010 -0.0240 0.9997
vn 0.0000 0.0002 1.0000
vn -0.0000 0.0001 1.0000
vn 0.0508 -0.0826 0.9953
vn -0.0021 -1.0000 0.0053
vn -0.0098 -0.9999 -0.0128
vn -0.0003 -0.0161 -0.9999
vn -0.0120 -0.0065 -0.9999
vn -0.0016 -0.0112 -0.9999
vn -0.0086 0.0022 -1.0000
vn -0.0071 -0.0066 -1.0000
vn -0.0037 -0.0033 -1.0000
vn 0.0019 -0.0002 -1.0000
vn -0.0008 0.0011 -1.0000
vn -0.0017 0.0004 -1.0000
vn -0.0030 -0.0039 -1.0000
vn 0.0407 0.0225 -0.9989
vn 0.0071 -0.0159 -0.9998
vn 0.0056 0.0056 -1.0000
vn 0.0111 -0.0064 -0.9999
vn -0.0047 0.0019 -1.0000
vn 0.0002 -0.0016 -1.0000
vn 0.0109 -0.0066 -0.9999
vn -0.0046 0.0037 -1.0000
vn -0.0000 -0.0035 -1.0000
vn -0.0000 -0.9924 -0.1230
vn -0.0048 -0.9823 -0.1872
vn -0.0056 0.4931 -0.8699
vn -0.0002 0.4979 -0.8673
vn -0.0009 -0.0313 -0.9995
vn -0.0003 -0.0394 -0.9992
vn 0.9928 -0.0113 -0.1193
vn -0.9565 -0.0098 -0.2916
vn -0.0015 -0.0065 1.0000
vn 0.0021 -0.0006 1.0000
vn -0.0175 0.9993 0.0323
vn 0.0034 1.0000 -0.0003
vn 1.0000 0.0015 -0.0057
vn 0.9999 0.0112 0.0100
vn 0.9990 0.0444 0.0027
vn 0.9998 0.0209 -0.0062
vn -1.0000 0.0021 -0.0043
vn -0.9999 0.0118 0.0117
vn -0.9993 0.0363 0.0041
vn -0.9999 0.0138 -0.0045
vn -0.9960 -0.0884 0.0135
vn -0.9963 -0.0859 -0.0050
vn 0.1565 0.9877 -0.0012
vn -0.8820 0.4711 -0.0069
vn -0.9992 -0.0181 -0.0351
vn -1.0000 -0.0077 -0.0014
vn 1.0000 -0.0060 -0.0014
vn 0.9992 -0.0166 -0.0352
vn 0.9862 0.1616 -0.0360
vn 0.9268 0.3755 -0.0052
vn 0.8828 0.4697 -0.0022
vn 0.9960 -0.0884 0.0138
vn 0.9963 -0.0847 -0.0140
vn -0.0010 0.7043 -0.7099
vn 0.0012 0.6942 -0.7198
vn -0.0043 0.7048 0.7094
vn -0.0020 0.7201 0.6939
vn 0.0006 0.7112 0.7030
vn 0.0078 0.7076 0.7066
vn -0.5236 -0.8519 0.0038
vn -0.4968 -0.8676 0.0219
vn -0.7222 -0.6909 -0.0321
vn -0.8979 -0.4385 0.0372
vn -0.9598 -0.2795 -0.0248
vn 0.9417 -0.3365 0.0032
vn 0.8855 -0.4621 -0.0492
vn 0.6451 -0.7641 0.0007
vn 0.5888 -0.8080 -0.0226
vn 0.3185 -0.9463 0.0559
vn 0.6455 -0.7629 0.0361
vn 0.7021 0.3141 -0.6390
vn 0.7093 -0.0020 -0.7049
vn 0.4014 -0.6252 -0.6693
vn 0.0073 -0.7123 -0.7018
vn -0.4307 -0.2837 -0.8567
vn 0.6988 -0.0071 -0.7153
vn -0.6998 -0.0007 -0.7143
vn 0.9143 0.4050 0.0034
vn -0.6694 -0.7428 -0.0104
vn -0.7016 0.3131 -0.6401
vn 0.7415 -0.3831 0.5508
vn -0.6961 -0.0067 -0.7179
vn 0.6727 -0.7398 0.0104
vn 0.6373 -0.7700 0.0292
vn -0.8727 0.4883 0.0047
vn 0.5791 -0.0082 0.8152
vn 0.7010 -0.0039 0.7131
vn 0.8712 -0.3110 0.3798
vn 0.3404 -0.2906 0.8942
vn -0.6369 -0.2727 0.7211
vn -0.7100 -0.0047 0.7042
vn -0.7233 -0.0053 0.6905
vn -0.7359 -0.3873 0.5554
vn -0.6753 -0.7374 0.0110
vn -0.6596 -0.7513 0.0194
vn -0.7152 -0.0688 -0.6956
vn -0.5688 -0.4424 -0.6933
vn 0.7013 -0.1423 -0.6985
vn 0.5474 -0.4589 -0.6999
vn 0.2154 -0.6839 -0.6971
vn -0.2573 -0.6665 -0.6997
vn 0.0021 -0.3638 -0.9315
vn 0.8815 -0.4655 -0.0793
vn 0.8730 -0.4790 -0.0918
vn 0.0429 0.9990 -0.0160
vn 0.1344 0.9902 0.0376
vn 0.5741 -0.8182 0.0305
vn 0.5090 0.8591 -0.0537
vn 0.3076 -0.9513 -0.0193
vn 0.2946 -0.9551 -0.0310
vn 0.6375 0.7692 0.0432
vn 0.9089 0.4170 0.0081
vn 0.9517 0.2955 -0.0828
vn 0.9975 0.0694 0.0139
vn 0.3854 0.4647 -0.7972
vn 0.6791 0.5829 -0.4461
vn -0.4735 0.1332 -0.8707
vn 0.5196 0.2411 -0.8197
vn -0.4938 0.4476 -0.7455
vn -0.7730 0.5124 -0.3741
vn 0.9405 0.0190 -0.3392
vn -0.2958 0.6787 -0.6722
vn -0.3007 0.7254 -0.6192
vn 0.0851 0.6106 -0.7874
vn 0.2100 0.8435 -0.4943
vn -0.0003 -0.0002 1.0000
vn 0.0000 -0.0001 1.0000
vn 0.0002 0.0001 1.0000
vn -0.0015 0.0001 1.0000
vn -0.0418 -0.0360 0.9985
vn -0.0057 -0.0223 0.9997
vn -0.0023 -0.0195 0.9998
vn 0.0665 0.0149 0.9977
vn -0.4831 -0.5632 -0.6704
vn -0.5432 -0.7170 -0.4369
vn -0.5466 -0.2202 -0.8079
vn -0.9770 -0.1932 -0.0903
vn 0.5603 -0.6809 -0.4717
vn 0.1733 -0.5522 -0.8155
vn 0.0399 -0.9451 -0.3244
vn -0.1252 -0.5263 -0.8410
vn -0.9616 0.2694 -0.0523
vn -0.7397 0.6707 0.0542
vn -0.3073 -0.9505 -0.0455
vn -0.2228 -0.9748 0.0134
vn -0.4904 0.8700 -0.0503
vn -0.3967 0.9179 0.0135
vn -0.6520 -0.7560 0.0578
vn -0.8745 -0.4798 -0.0705
vn -0.9278 -0.3726 0.0207
vn -0.9548 0.2965 -0.0230
vn 0.0000 0.0000 -1.0000
vn 0.8691 -0.4768 -0.1314
vn 0.6814 -0.7297 0.0573
vn 0.9068 0.4214 0.0085
vn 0.9506 0.2952 -0.0956
vn 0.9895 -0.1395 0.0384
vn 0.3697 0.4457 -0.8153
vn -0.9627 0.0459 -0.2666
vn -0.5336 0.1500 -0.8323
vn 0.6228 0.2434 -0.7435
vn -0.6888 0.5868 -0.4256
vn -0.3595 0.8401 -0.4061
vn 0.0713 0.5073 -0.8588
vn 0.4362 0.8982 0.0548
vn -0.0003 -0.0001 1.0000
vn 0.0003 0.0001 1.0000
vn -0.2044 0.2929 0.9340
vn 0.0970 -0.0212 0.9951
vn 0.0007 -0.0002 1.0000
vn -0.0001 0.0002 1.0000
vn 0.2618 -0.0088 0.9651
vn -0.3163 -0.7757 -0.5461
vn -0.3803 -0.4445 -0.8111
vn -0.7461 -0.5168 -0.4199
vn -0.5038 -0.2030 -0.8396
vn 0.5498 -0.5075 -0.6634
vn 0.1725 -0.5495 -0.8175
vn 0.1149 -0.8999 -0.4207
vn -0.1377 -0.5819 -0.8015
vn -0.7877 0.6150 0.0375
vn -0.4897 0.8688 -0.0740
vn -0.3658 0.9306 0.0113
vn -0.9590 -0.2711 -0.0821
vn -0.9707 0.2394 0.0203
vn -0.3562 0.9340 -0.0258
vn -0.2114 0.9753 -0.0631
vn -0.5970 -0.8020 0.0208
vn -0.8966 0.4343 -0.0864
vn -0.8203 0.5694 0.0545
vn -0.0186 -0.9953 -0.0948
vn -0.3569 0.9178 -0.1741
vn -0.6077 -0.7896 -0.0856
vn -0.6940 -0.7195 0.0274
vn -0.9793 -0.1886 -0.0740
vn -0.9901 -0.1371 -0.0311
vn 0.9979 0.0517 0.0384
vn 0.9530 0.2626 -0.1509
vn 0.2413 -0.9672 -0.0789
vn 0.2029 -0.9790 -0.0191
vn 0.8043 0.5915 0.0565
vn 0.5881 0.7948 -0.1500
vn 0.2938 0.9545 0.0514
vn 0.0095 0.9890 -0.1474
vn 0.8421 -0.5393 -0.0059
vn 0.8765 -0.4673 -0.1155
vn -0.0076 -0.0073 0.9999
vn -0.0031 -0.0091 1.0000
vn -0.0109 -0.0023 0.9999
vn -0.0083 -0.0077 0.9999
vn -0.0073 0.0061 1.0000
vn -0.0070 0.0064 1.0000
vn 0.0142 -0.0073 0.9999
vn -0.0084 -0.0195 0.9998
vn 0.0148 0.0082 0.9999
vn 0.0084 -0.0071 0.9999
vn 0.0068 0.0058 1.0000
vn 0.0099 0.0090 0.9999
vn -0.9996 -0.0269 -0.0055
vn -0.9997 -0.0216 0.0124
vn -0.9999 -0.0100 0.0042
vn -0.9997 0.0062 0.0228
vn -0.9998 -0.0005 0.0181
vn 0.9998 -0.0181 0.0032
vn 0.9997 -0.0129 0.0196
vn 0.9998 0.0047 0.0217
vn 0.9999 -0.0019 0.0171
vn 0.9999 -0.0027 0.0132
vn 0.5751 -0.0065 0.8180
vn 0.5750 -0.0065 0.8181
vn 0.5749 0.0072 0.8182
vn 0.5759 0.0067 0.8175
vn -0.5750 -0.0065 0.8181
vn -0.5751 -0.0065 0.8180
vn -0.5761 0.0067 0.8174
vn -0.5748 0.0074 0.8183
vn 0.0025 0.9998 0.0188
vn 0.0076 0.9997 0.0224
vn -0.0074 0.9997 0.0222
vn -0.0028 0.9998 0.0189
vn 0.0000 0.9999 0.0137
vn 0.0080 -0.9999 0.0075
vn 0.0292 -0.9993 0.0220
vn 0.0412 -0.9989 -0.0223
vn -0.0114 -0.9997 0.0200
vn -0.0116 -0.9997 0.0194
vn 0.0398 0.0285 -0.9988
vn 0.0375 0.0283 -0.9989
vn -0.0362 -0.0000 -0.9993
vn -0.0192 -0.0334 -0.9993
vn 0.0111 -0.0172 -0.9998
vn -0.0002 0.0563 -0.9984
vn 0.0191 -0.0221 -0.9996
vn -0.0558 0.0001 -0.9984
vn -0.0456 0.0019 -0.9990
vn -0.0000 0.0573 -0.9984
vn 0.0004 0.0543 -0.9985
vn 0.0550 0.0002 -0.9985
vn 0.0453 0.0019 -0.9990
vn 0.0322 -0.0087 -0.9994
vn -0.0442 -0.0391 -0.9983
vn -0.0136 -0.0174 -0.9998
vn 0.0293 -0.0028 -0.9996
vn 0.0008 -0.0269 -0.9996
vn -0.0286 -0.0201 -0.9994
vn 0.0198 0.0576 -0.9981
vn -0.0496 -0.0203 -0.9986
vn 0.0198 0.0360 -0.9992
vn -0.0399 -0.0078 -0.9992
vn 0.0001 -0.0294 -0.9996
vn 0.0373 -0.0001 -0.9993
vn -0.0490 -0.0003 -0.9988
vn -0.0012 0.0541 -0.9985
vn -0.0168 0.0428 -0.9989
vn -0.0172 0.0409 -0.9990
vn -0.0421 0.0155 -0.9990
vn -0.0001 -0.0306 -0.9995
vn 0.0002 0.0012 -1.0000
vn -0.0013 0.0000 -1.0000
vn -0.0353 0.0168 -0.9992
vn 0.0365 -0.0415 -0.9985
vn -0.0381 0.0431 -0.9983
vn 0.0001 0.0561 -0.9984
vn 0.0014 -0.0003 -1.0000
vn 0.0321 -0.0223 -0.9992
vn -0.0318 -0.0012 -0.9995
vn 0.0195 -0.0465 -0.9987
vn 0.0484 -0.0179 -0.9987
vn -0.0027 -0.0234 -0.9997
vn 0.0082 -0.0377 -0.9993
vn -0.0013 -0.0014 -1.0000
vn -0.0003 0.0014 -1.0000
vn 0.0004 -0.0007 -1.0000
vn 0.0016 -0.0068 -1.0000
vn 0.0487 -0.0075 -0.9988
vn -0.0003 -0.0495 -0.9988
vn 0.0013 -0.0001 -1.0000
vn 0.0335 0.0027 -0.9994
vn -0.0093 -0.0260 -0.9996
vn -0.0166 -0.0456 -0.9988
vn -0.7972 -0.6037 0.0039
vn -0.8372 -0.5464 0.0247
vn -0.3908 -0.9202 0.0242
vn -0.3492 -0.9369 0.0141
vn 0.6208 -0.7836 0.0256
vn 0.5425 -0.8401 -0.0011
vn 0.9117 -0.4105 0.0162
vn 0.9116 -0.4107 0.0161
vn 0.9998 0.0003 -0.0203
vn 0.9998 0.0008 -0.0207
vn -0.0121 0.9995 -0.0286
vn 0.0045 0.9998 -0.0215
vn -0.3399 0.9401 -0.0257
vn -0.4087 0.9126 -0.0136
vn -0.6902 0.7226 -0.0392
vn -0.8504 0.5261 0.0020
vn -0.9351 0.3528 -0.0326
vn -0.9997 -0.0009 -0.0226
vn -0.9998 -0.0057 -0.0205
vn 0.0000 -0.9998 -0.0209
vn 0.0006 -0.9998 -0.0214
vn -0.0069 -0.0006 -1.0000
vn -0.0000 -0.0036 -1.0000
vn 0.0025 0.0009 -1.0000
vn 0.0030 -0.0001 -1.0000
vn -0.0000 -0.9998 -0.0214
vn 0.0001 -0.9998 -0.0215
vn 0.9997 -0.0020 -0.0225
vn 0.9998 -0.0071 -0.0203
vn 0.8812 0.4713 -0.0364
vn 0.9005 0.4342 -0.0235
vn 0.3985 0.9168 -0.0267
vn 0.4344 0.9006 -0.0165
vn -0.0019 0.9998 -0.0210
vn -0.0031 0.9998 -0.0205
vn -0.9998 0.0001 -0.0207
vn -0.9998 -0.0006 -0.0201
vn -0.0001 -0.0053 -1.0000
vn -0.0054 -0.0001 -1.0000
vn 0.0104 -0.0001 -0.9999
vn -0.0002 0.0104 -0.9999
vn -0.6565 0.7536 -0.0331
vn -0.6075 0.7942 -0.0119
vn -0.9990 0.0423 -0.0161
vn -0.9987 0.0472 -0.0190
vn -0.0045 -0.9998 -0.0215
vn 0.0121 -0.9995 -0.0286
vn 0.3397 -0.9402 -0.0257
vn 0.4085 -0.9127 -0.0136
vn 0.6902 -0.7226 -0.0393
vn 0.8505 -0.5259 0.0020
vn 0.9351 -0.3528 -0.0326
vn 0.9998 0.0058 -0.0206
vn 0.9997 0.0010 -0.0226
vn -0.0238 0.9994 -0.0259
vn -0.0141 0.9997 -0.0210
vn -0.0031 -0.0026 -1.0000
vn -0.0019 -0.0018 -1.0000
vn -0.0005 0.0012 -1.0000
vn 0.0055 0.0049 -1.0000
vn 0.9140 0.4033 -0.0441
vn 0.5443 0.8380 -0.0385
vn 0.7085 0.7057 0.0073
vn 0.0297 0.9994 -0.0202
vn 0.0158 0.9998 -0.0124
vn -0.9998 0.0045 -0.0209
vn -0.9995 -0.0135 -0.0286
vn -0.9401 -0.3399 -0.0257
vn -0.9127 -0.4085 -0.0136
vn -0.7226 -0.6902 -0.0393
vn -0.5259 -0.8505 0.0020
vn -0.3529 -0.9351 -0.0326
vn 0.0021 -0.9997 -0.0226
vn 0.0057 -0.9998 -0.0210
vn 1.0000 0.0061 -0.0075
vn 0.9994 0.0289 -0.0202
vn -0.0013 0.0028 -1.0000
vn -0.0015 0.0031 -1.0000
vn 0.0049 -0.0055 -1.0000
vn 0.0008 -0.0020 -1.0000
vn 0.0075 -0.0111 -0.9999
vn -0.0107 0.0062 -0.9999
vn -0.0023 -0.0066 -1.0000
vn -0.0080 -0.0032 -1.0000
vn 0.0021 0.0130 -0.9999
vn -0.0083 -0.0035 -1.0000
vn 0.0050 0.0120 -0.9999
vn -0.0031 -0.0074 -1.0000
vn -0.0108 0.0117 -0.9999
vn 0.0152 -0.0065 -0.9999
vn -0.0114 0.0069 -0.9999
vn -0.0218 0.0132 -0.9997
vn -0.0049 0.0094 -0.9999
vn 0.0040 0.0106 -0.9999
vn -0.0113 0.0327 -0.9994
vn 0.0092 -0.0160 -0.9998
vn 0.0349 0.0047 -0.9994
vn -0.0182 -0.0004 -0.9998
vn -0.0004 0.0137 -0.9999
vn -0.9743 -0.2234 -0.0273
vn -0.9558 -0.2738 -0.1073
vn -0.3331 0.9378 0.0975
vn -0.5196 -0.8542 0.0181
vn -0.6077 0.7783 -0.1577
vn -0.4544 -0.8865 -0.0875
vn -0.9131 0.4069 0.0274
vn -0.8992 0.4369 -0.0217
vn 0.7316 -0.6674 -0.1390
vn -0.0204 0.9967 0.0785
vn 0.7062 -0.7021 -0.0908
vn 0.3489 0.9270 -0.1380
vn 0.1099 -0.9934 0.0325
vn 0.6971 0.7129 0.0761
vn 0.9202 0.3257 -0.2171
vn 0.9950 -0.0281 0.0954
vn 0.9590 0.2711 -0.0821
vn 0.9707 -0.2394 0.0203
vn 0.3562 -0.9340 -0.0258
vn 0.2114 -0.9754 -0.0631
vn 0.5970 0.8020 0.0208
vn -0.2475 -0.0521 -0.9675
vn 0.2216 -0.2108 -0.9521
vn -0.0022 -0.1895 -0.9819
vn -0.0362 0.0946 -0.9949
vn 0.0397 0.0532 -0.9978
vn -0.1493 0.0380 -0.9881
vn -0.0574 0.0264 -0.9980
vn -0.0395 0.0994 -0.9943
vn -0.0677 -0.0811 -0.9944
vn -0.0516 -0.0692 -0.9963
vn 0.5420 0.1955 -0.8174
vn 0.0532 0.1429 -0.9883
vn 0.0429 -0.0118 -0.9990
vn 0.0304 -0.0753 -0.9967
vn -0.0003 0.0002 -1.0000
vn 0.0065 -0.5759 0.8175
vn 0.0084 -0.5724 0.8199
vn 0.0077 0.5727 0.8197
vn 0.0065 0.5750 0.8181
vn -0.0076 0.5743 0.8186
vn -0.0071 0.5754 0.8178
vn -0.0071 -0.5761 0.8173
vn -0.0081 -0.5740 0.8188
vn 0.9590 -0.2711 0.0821
vn 0.9707 0.2394 -0.0203
vn 0.3562 0.9340 0.0258
vn 0.2115 0.9753 0.0631
vn 0.5970 -0.8020 -0.0208
vn 0.8966 0.4343 0.0864
vn 0.8203 0.5694 -0.0545
vn 0.0186 -0.9953 0.0948
vn 0.3569 0.9178 0.1741
vn 0.6077 -0.7896 0.0856
vn 0.6940 -0.7195 -0.0274
vn 0.9793 -0.1886 0.0740
vn 0.9901 -0.1371 0.0311
vn -0.9979 0.0517 -0.0384
vn -0.9530 0.2626 0.1509
vn -0.2413 -0.9672 0.0789
vn -0.2029 -0.9790 0.0191
vn -0.8043 0.5915 -0.0565
vn -0.5881 0.7948 0.1500
vn -0.2938 0.9545 -0.0514
vn -0.0095 0.9890 0.1474
vn -0.8421 -0.5393 0.0059
vn -0.8765 -0.4673 0.1155
vn 0.0076 -0.0073 -0.9999
vn 0.0031 -0.0091 -1.0000
vn 0.0109 -0.0023 -0.9999
vn 0.0083 -0.0077 -0.9999
vn 0.0073 0.0061 -1.0000
vn 0.0070 0.0064 -1.0000
vn -0.0142 -0.0073 -0.9999
vn 0.0084 -0.0195 -0.9998
vn -0.0148 0.0082 -0.9999
vn -0.0084 -0.0071 -0.9999
vn -0.0068 0.0058 -1.0000
vn -0.0099 0.0090 -0.9999
vn 0.9996 -0.0269 0.0055
vn 0.9997 -0.0216 -0.0124
vn 0.9999 -0.0100 -0.0042
vn 0.9997 0.0062 -0.0228
vn 0.9998 -0.0005 -0.0181
vn -0.9998 -0.0181 -0.0032
vn -0.9997 -0.0129 -0.0196
vn -0.9998 0.0047 -0.0217
vn -0.9999 -0.0019 -0.0171
vn -0.9999 -0.0027 -0.0132
vn -0.5751 -0.0065 -0.8180
vn -0.5750 -0.0065 -0.8181
vn -0.5749 0.0072 -0.8182
vn -0.5759 0.0067 -0.8175
vn 0.5750 -0.0065 -0.8181
vn 0.5751 -0.0065 -0.8180
vn 0.5761 0.0067 -0.8174
vn 0.5748 0.0074 -0.8183
vn -0.0025 0.9998 -0.0188
vn -0.0076 0.9997 -0.0224
vn 0.0074 0.9997 -0.0222
vn 0.0028 0.9998 -0.0189
vn -0.0000 0.9999 -0.0137
vn -0.0080 -0.9999 -0.0075
vn -0.0292 -0.9993 -0.0220
vn -0.0412 -0.9989 0.0223
vn 0.0114 -0.9997 -0.0200
vn 0.0116 -0.9997 -0.0194
vn -0.0398 0.0285 0.9988
vn -0.0375 0.0283 0.9989
vn 0.0362 -0.0000 0.9993
vn 0.0192 -0.0334 0.9993
vn -0.0111 -0.0172 0.9998
vn 0.0002 0.0563 0.9984
vn -0.0191 -0.0221 0.9996
vn 0.0558 0.0001 0.9984
vn 0.0456 0.0019 0.9990
vn 0.0000 0.0573 0.9984
vn -0.0004 0.0543 0.9985
vn -0.0550 0.0002 0.9985
vn -0.0453 0.0019 0.9990
vn -0.0322 -0.0087 0.9994
vn 0.0442 -0.0391 0.9983
vn 0.0136 -0.0174 0.9998
vn -0.0293 -0.0028 0.9996
vn -0.0008 -0.0269 0.9996
vn 0.0286 -0.0201 0.9994
vn -0.0198 0.0576 0.9981
vn 0.0496 -0.0203 0.9986
vn -0.0198 0.0360 0.9992
vn 0.0399 -0.0078 0.9992
vn -0.0001 -0.0294 0.9996
vn -0.0373 -0.0001 0.9993
vn 0.0490 -0.0003 0.9988
vn 0.0012 0.0541 0.9985
vn 0.0168 0.0428 0.9989
vn 0.0172 0.0409 0.9990
vn 0.0421 0.0155 0.9990
vn 0.0001 -0.0306 0.9995
vn -0.0002 0.0012 1.0000
vn 0.0013 0.0000 1.0000
vn 0.0353 0.0168 0.9992
vn -0.0365 -0.0415 0.9985
vn 0.0381 0.0431 0.9983
vn -0.0001 0.0561 0.9984
vn -0.0014 -0.0003 1.0000
vn -0.0321 -0.0223 0.9992
vn 0.0318 -0.0012 0.9995
vn -0.0195 -0.0465 0.9987
vn -0.0484 -0.0179 0.9987
vn 0.0027 -0.0234 0.9997
vn -0.0081 -0.0377 0.9993
vn 0.0013 -0.0014 1.0000
vn 0.0003 0.0014 1.0000
vn -0.0004 -0.0007 1.0000
vn -0.0016 -0.0068 1.0000
vn -0.0487 -0.0075 0.9988
vn 0.0003 -0.0495 0.9988
vn -0.0013 -0.0001 1.0000
vn -0.0335 0.0027 0.9994
vn 0.0093 -0.0260 0.9996
vn 0.0166 -0.0456 0.9988
vn 0.7972 -0.6037 -0.0039
vn 0.8372 -0.5464 -0.0247
vn 0.3908 -0.9202 -0.0241
vn 0.3492 -0.9369 -0.0141
vn -0.6208 -0.7836 -0.0256
vn -0.5425 -0.8401 0.0011
vn -0.9117 -0.4105 -0.0162
vn -0.9116 -0.4107 -0.0161
vn -0.9998 0.0003 0.0203
vn -0.9998 0.0008 0.0207
vn 0.0121 0.9995 0.0286
vn -0.0045 0.9998 0.0215
vn 0.3399 0.9401 0.0257
vn 0.4087 0.9126 0.0136
vn 0.6902 0.7226 0.0392
vn 0.8504 0.5261 -0.0020
vn 0.9351 0.3528 0.0326
vn 0.9997 -0.0009 0.0226
vn 0.9998 -0.0057 0.0205
vn -0.0000 -0.9998 0.0209
vn -0.0006 -0.9998 0.0214
vn 0.0069 -0.0006 1.0000
vn 0.0000 -0.0036 1.0000
vn -0.0025 0.0009 1.0000
vn -0.0030 -0.0001 1.0000
vn 0.0000 -0.9998 0.0214
vn -0.0001 -0.9998 0.0215
vn -0.9997 -0.0020 0.0225
vn -0.9998 -0.0071 0.0203
vn -0.8812 0.4713 0.0364
vn -0.9005 0.4342 0.0235
vn -0.3985 0.9168 0.0267
vn -0.4344 0.9006 0.0165
vn 0.0019 0.9998 0.0210
vn 0.0031 0.9998 0.0205
vn 0.9998 0.0001 0.0207
vn 0.9998 -0.0006 0.0201
vn 0.0001 -0.0053 1.0000
vn 0.0054 -0.0001 1.0000
vn -0.0104 -0.0001 0.9999
vn 0.0002 0.0104 0.9999
vn 0.6565 0.7536 0.0331
vn 0.6075 0.7943 0.0119
vn 0.9990 0.0423 0.0161
vn 0.9987 0.0472 0.0190
vn 0.0045 -0.9998 0.0215
vn -0.0121 -0.9995 0.0286
vn -0.3397 -0.9402 0.0257
vn -0.4085 -0.9127 0.0136
vn -0.6902 -0.7226 0.0393
vn -0.8505 -0.5259 -0.0020
vn -0.9351 -0.3528 0.0326
vn -0.9998 0.0058 0.0206
vn -0.9997 0.0010 0.0226
vn 0.0238 0.9994 0.0259
vn 0.0141 0.9997 0.0210
vn 0.0031 -0.0026 1.0000
vn 0.0019 -0.0018 1.0000
vn 0.0005 0.0012 1.0000
vn -0.0055 0.0049 1.0000
vn -0.9140 0.4033 0.0441
vn -0.5443 0.8380 0.0385
vn -0.7085 0.7057 -0.0073
vn -0.0297 0.9994 0.0202
vn -0.0158 0.9998 0.0124
vn 0.9998 0.0045 0.0209
vn 0.9995 -0.0135 0.0286
vn 0.9401 -0.3399 0.0257
vn 0.9127 -0.4085 0.0136
vn 0.7226 -0.6902 0.0393
vn 0.5259 -0.8505 -0.0020
vn 0.3529 -0.9351 0.0326
vn -0.0021 -0.9997 0.0226
vn -0.0057 -0.9998 0.0210
vn -1.0000 0.0061 0.0075
vn -0.9994 0.0289 0.0202
vn 0.0013 0.0028 1.0000
vn 0.0015 0.0031 1.0000
vn -0.0049 -0.0055 1.0000
vn -0.0008 -0.0020 1.0000
vn -0.0075 -0.0111 0.9999
vn 0.0107 0.0062 0.9999
vn 0.0023 -0.0066 1.0000
vn 0.0080 -0.0032 1.0000
vn -0.0021 0.0130 0.9999
vn 0.0083 -0.0035 1.0000
vn -0.0050 0.0120 0.9999
vn 0.0031 -0.0074 1.0000
vn 0.0108 0.0117 0.9999
vn -0.0152 -0.0065 0.9999
vn 0.0115 0.0069 0.9999
vn 0.0218 0.0132 0.9997
vn 0.0049 0.0094 0.9999
vn -0.0040 0.0106 0.9999
vn 0.0113 0.0327 0.9994
vn -0.0092 -0.0160 0.9998
vn -0.0349 0.0047 0.9994
vn 0.0182 -0.0004 0.9998
vn 0.0004 0.0137 0.9999
vn 0.9743 -0.2234 0.0273
vn 0.9558 -0.2738 0.1073
vn 0.3331 0.9378 -0.0975
vn 0.5196 -0.8542 -0.0181
vn 0.6077 0.7783 0.1577
vn 0.4544 -0.8865 0.0875
vn 0.9131 0.4069 -0.0274
vn 0.8992 0.4369 0.0217
vn -0.7316 -0.6674 0.1390
vn 0.0204 0.9967 -0.0785
vn -0.7062 -0.7021 0.0908
vn -0.3489 0.9270 0.1380
vn -0.1099 -0.9934 -0.0325
vn -0.6971 0.7129 -0.0761
vn -0.9202 0.3257 0.2171
vn -0.9950 -0.0281 -0.0954
vn -0.9590 0.2711 0.0821
vn -0.9707 -0.2394 -0.0203
vn -0.3562 -0.9340 0.0258
vn -0.2114 -0.9754 0.0631
vn -0.5970 0.8020 -0.0208
vn 0.2476 -0.0521 0.9675
vn -0.2215 -0.2108 0.9521
vn 0.0022 -0.1895 0.9819
vn 0.0362 0.0946 0.9949
vn -0.0397 0.0532 0.9978
vn 0.1493 0.0380 0.9881
vn 0.0574 0.0264 0.9980
vn 0.0395 0.0994 0.9943
vn 0.0677 -0.0811 0.9944
vn 0.0516 -0.0692 0.9963
vn -0.5419 0.1955 0.8174
vn -0.0532 0.1429 0.9883
vn -0.0429 -0.0118 0.9990
vn -0.0304 -0.0753 0.9967
vn 0.0003 0.0002 1.0000
vn -0.0065 -0.5759 -0.8175
vn -0.0084 -0.5724 -0.8199
vn -0.0077 0.5727 -0.8197
vn -0.0065 0.5750 -0.8181
vn 0.0076 0.5743 -0.8186
vn 0.0071 0.5754 -0.8179
vn 0.0071 -0.5761 -0.8173
vn 0.0081 -0.5740 -0.8188
vn -1.0000 0.0000 0.0000
vn -0.0175 -0.9998 0.0000
vn -0.0310 -0.9995 -0.0031
vn -0.0313 -0.9995 -0.0032
vn 0.0185 -0.0001 0.9998
vn 0.0186 0.0000 0.9998
vn -0.8151 0.3238 -0.4804
vn -0.6262 0.2053 -0.7521
vn -0.1920 0.1842 -0.9640
vn -0.6639 0.1848 -0.7247
vn -0.6869 0.3846 -0.6166
vn -0.4232 0.2095 -0.8815
vn -0.4229 0.2097 -0.8816
vn -0.2194 0.5410 -0.8119
vn -0.2478 0.5255 -0.8139
vn -0.8642 0.3117 -0.3951
vn -0.0949 0.2337 -0.9677
vn -0.5659 0.5089 -0.6487
vn -0.2055 0.3092 -0.9285
vn -0.7525 0.1101 -0.6493
vn -0.9563 0.0583 -0.2864
vn -0.9772 0.0862 -0.1941
vn -0.7479 0.2449 -0.6170
vn -0.5991 0.5119 -0.6157
vn -0.8182 0.2109 -0.5349
vn -0.8122 0.0747 -0.5786
vn -0.1986 0.6993 -0.6866
vn -0.2328 0.3843 -0.8934
vn -0.4253 0.2525 -0.8691
vn -0.5563 -0.3452 0.7559
vn -0.1450 0.6688 -0.7291
vn -0.3054 0.1808 -0.9349
vn -0.0299 0.3757 -0.9263
vn -0.9989 0.0264 -0.0398
vn -0.9395 0.0866 -0.3313
vn -0.8760 0.2112 -0.4336
vn -0.6531 0.0729 -0.7538
vn -0.9472 0.1636 -0.2757
vn -0.0639 0.1048 -0.9924
vn -0.9750 0.1254 -0.1832
vn -0.6043 0.3757 -0.7026
vn -0.3823 0.1315 -0.9146
vn -0.9330 0.0913 -0.3480
vn -0.8877 0.1257 -0.4429
vn -0.9992 -0.0097 -0.0391
vn -0.9987 0.0012 -0.0517
vn -0.9994 -0.0003 -0.0335
vn -0.9986 0.0069 -0.0533
vn -1.0000 -0.0036 0.0090
vn -0.9991 -0.0246 -0.0356
vn -0.9997 0.0112 -0.0238
vn -0.9995 -0.0215 -0.0252
vn -0.9950 0.0511 -0.0856
vn -0.9996 -0.0100 -0.0279
vn -0.1732 0.6407 -0.7480
vn -0.1040 0.5390 -0.8359
vn -0.9995 -0.0314 0.0011
vn -0.9983 0.0581 0.0000
vn -0.9984 0.0558 0.0017
vn -0.9897 0.1428 0.0102
vn -0.9987 0.0505 0.0002
vn -0.9992 0.0411 -0.0001
vn -0.9999 0.0111 0.0000
vn -0.9873 -0.1588 -0.0006
vn -0.9872 -0.1595 0.0000
vn -0.8267 -0.5627 0.0026
vn -0.8165 -0.5774 0.0007
vn -0.5227 -0.8525 -0.0051
vn -0.4111 -0.9116 0.0068
vn 0.0175 -0.9998 -0.0008
vn 0.0181 -0.9998 -0.0006
vn 0.0177 -0.9998 -0.0007
vn 0.0189 -0.9998 0.0021
vn 0.0173 -0.9999 -0.0009
vn 0.0174 -0.9998 -0.0012
vn 0.0177 -0.9998 0.0007
vn 0.0188 -0.9998 0.0021
vn 0.0175 -0.9998 0.0010
vn 0.0183 -0.9998 0.0008
vn 0.0418 -0.9991 -0.0110
vn 0.0194 -0.9998 0.0006
vn 0.0236 -0.9997 -0.0000
vn 0.0234 -0.9997 -0.0000
vn 0.0175 0.9998 0.0000
vn 0.0174 0.9998 -0.0000
vn 0.0172 0.9999 0.0000
vn 0.0212 0.9998 -0.0018
vn 0.0216 0.9998 -0.0004
vn 0.0198 0.9998 -0.0010
vn 0.0175 0.9998 0.0006
vn 0.0177 0.9998 0.0009
vn 0.0174 0.9998 0.0004
vn 0.0178 0.9998 0.0006
vn 0.0192 0.9997 0.0116
vn 0.0193 0.9998 0.0042
vn 0.0223 0.9996 -0.0154
vn 0.0247 0.9996 -0.0108
vn 0.0211 0.0209 -0.9996
vn 0.0205 0.1258 -0.9918
vn 0.0181 0.1308 -0.9912
vn 0.0206 0.0051 -0.9998
vn 0.0152 0.0470 -0.9988
vn 0.0244 0.0677 -0.9974
vn 0.0167 0.1699 -0.9853
vn 0.0195 0.2014 -0.9793
vn 0.0198 0.1621 -0.9866
vn 0.0165 0.1686 -0.9855
vn 0.0205 0.1977 -0.9800
vn 0.0227 0.0843 -0.9962
vn 0.0181 0.2098 -0.9776
vn 0.0180 0.0927 -0.9955
vn 0.0210 0.1889 -0.9818
vn 0.0183 0.0000 -0.9998
vn 0.0222 0.1918 -0.9812
vn 0.1299 -0.6323 -0.7638
vn 0.7129 -0.4414 -0.5449
vn 0.8068 -0.3399 -0.4832
vn 0.8485 -0.3349 -0.4097
vn 0.8089 -0.3620 -0.4633
vn 0.8475 -0.3353 -0.4114
vn 0.8290 -0.3055 -0.4685
vn 0.8924 -0.2397 -0.3823
vn 0.9331 -0.2473 -0.2610
vn 0.9085 -0.2430 -0.3400
vn 0.9203 -0.1624 -0.3558
vn 0.9292 -0.2488 -0.2733
vn 0.9501 -0.2677 -0.1601
vn 0.9931 0.0185 -0.1159
vn 0.9861 0.0260 -0.1641
vn 0.9917 0.0214 -0.1269
vn 0.9833 0.0310 -0.1791
vn 0.9533 -0.2196 -0.2074
vn 0.9833 0.0402 -0.1772
vn 0.9848 0.0373 -0.1694
vn 0.9898 0.0337 -0.1382
vn 0.9929 0.0350 -0.1139
vn 0.9860 0.0573 -0.1565
vn 0.9848 0.0639 -0.1614
vn 0.9580 -0.2607 -0.1194
vn 0.2097 -0.5957 -0.7753
vn 0.1623 -0.6771 -0.7178
vn 0.9918 0.0430 -0.1204
vn 0.9858 0.0776 -0.1489
vn 0.1653 -0.6710 -0.7228
vn 0.9354 -0.2138 -0.2815
vn 0.9711 -0.2213 -0.0897
vn 0.9886 0.0882 -0.1223
vn 0.9718 -0.1767 -0.1561
vn 0.9886 0.0908 -0.1199
vn 0.2878 -0.6161 -0.7332
vn 0.9899 0.1011 -0.0990
vn 0.9658 -0.1355 -0.2212
vn 0.9665 -0.1142 -0.2297
vn 0.1905 -0.6825 -0.7057
vn 0.9874 0.1305 -0.0897
vn 0.2874 -0.6165 -0.7330
vn 0.2823 -0.6453 -0.7099
vn 0.9899 0.1315 -0.0539
vn 0.9885 0.1366 -0.0643
vn 0.9884 0.1368 -0.0655
vn 0.2921 -0.6228 -0.7258
vn 0.9928 0.0866 -0.0830
vn 0.9902 0.1153 -0.0783
vn 0.9864 0.1614 -0.0324
vn 0.9821 -0.1575 -0.1036
vn 0.3766 -0.6409 -0.6689
vn 0.4226 -0.5864 -0.6911
vn 0.9789 -0.0567 -0.1963
vn 0.9839 -0.0866 -0.1561
vn 0.9866 -0.1082 -0.1222
vn 0.9764 -0.0373 -0.2125
vn 0.4699 -0.5954 -0.6517
vn 0.4787 -0.5754 -0.6631
vn 0.9784 -0.2057 -0.0201
vn 0.9893 -0.1258 -0.0740
vn 0.0188 -0.7383 -0.6742
vn 0.0168 -0.5956 -0.8031
vn 0.0343 -0.6833 -0.7293
vn 0.5602 -0.5287 -0.6377
vn 0.6378 -0.5535 -0.5356
vn 0.6860 -0.4722 -0.5536
vn 0.0456 -0.6457 -0.7623
vn 0.0161 -0.8092 -0.5873
vn 0.9922 -0.0417 -0.1175
vn 0.0472 -0.6689 -0.7419
vn 0.0352 -0.7567 -0.6528
vn 0.9919 -0.0929 -0.0862
vn 0.8197 -0.4207 -0.3887
vn 0.9795 0.0143 -0.2009
vn 0.8167 -0.4213 -0.3944
vn 0.9954 -0.0207 -0.0930
vn 0.0498 -0.7445 -0.6658
vn 0.0697 -0.6893 -0.7211
vn 0.9927 -0.1177 -0.0278
vn 0.9835 -0.1807 0.0103
vn 0.0874 -0.6017 -0.7939
vn 0.9840 -0.1781 0.0041
vn 0.8882 -0.3567 -0.2896
vn 0.4204 -0.5659 -0.7092
vn 0.1253 -0.6526 -0.7473
vn 0.8971 -0.3570 -0.2602
vn 0.4033 -0.5755 -0.7115
vn 0.0697 -0.7154 -0.6952
vn 0.4921 -0.5363 -0.6857
vn 0.5377 -0.5215 -0.6625
vn 0.6384 -0.4645 -0.6138
vn 0.7027 -0.4897 -0.5162
vn 0.6720 -0.4257 -0.6060
vn 0.9970 -0.0002 -0.0768
vn 0.9568 -0.1087 -0.2696
vn 0.9977 0.0009 -0.0674
vn 0.9917 -0.0218 -0.1264
vn 0.9570 -0.0953 -0.2738
vn 0.9999 0.0140 0.0001
vn 0.9999 0.0157 -0.0053
vn 0.9980 -0.0049 -0.0624
vn 0.9988 -0.0037 -0.0488
vn 0.9997 0.0129 -0.0212
vn 0.9969 -0.0022 -0.0784
vn 0.9999 0.0129 0.0089
vn 0.9983 -0.0206 -0.0543
vn 0.9999 0.0153 0.0001
vn 0.9861 -0.0730 -0.1493
vn 0.9148 -0.1965 -0.3528
vn 0.9888 -0.0661 -0.1340
vn 0.9022 -0.2114 -0.3759
vn 0.9999 -0.0006 0.0107
vn 0.9963 -0.0114 -0.0848
vn 0.9993 -0.0113 -0.0360
vn 0.9996 0.0081 -0.0275
vn 0.9111 -0.1755 -0.3729
vn 0.9211 -0.1660 -0.3521
vn 0.9067 -0.1691 -0.3865
vn 0.9995 0.0138 -0.0280
vn 0.9999 0.0026 0.0118
vn 0.8948 -0.2162 -0.3907
vn 0.8902 -0.2240 -0.3967
vn 0.9905 -0.0266 -0.1349
vn 0.9999 0.0139 -0.0025
vn 0.9130 -0.1572 -0.3766
vn 0.8952 -0.2002 -0.3983
vn 0.9999 0.0173 0.0000
vn 0.9584 -0.0938 -0.2697
vn 0.9999 0.0162 0.0034
vn 0.9369 -0.1677 -0.3067
vn 0.9211 -0.1915 -0.3389
vn 0.9685 -0.1166 -0.2202
vn 0.9987 0.0467 -0.0204
vn 0.9998 0.0182 -0.0001
vn 0.9997 0.0077 -0.0216
vn 0.9718 -0.0850 -0.2198
vn 0.9092 -0.1765 -0.3772
vn 0.9600 -0.1345 -0.2454
vn 0.9876 0.1571 -0.0006
vn 0.9868 0.1617 -0.0012
vn 0.9795 -0.1786 -0.0928
vn 0.9046 -0.4081 -0.1229
vn 0.9866 -0.0962 -0.1319
vn 0.8577 -0.3487 -0.3779
vn 0.8124 -0.4725 -0.3417
vn 0.8183 -0.5550 -0.1496
vn 0.8397 -0.3921 -0.3758
vn 0.8474 -0.4825 -0.2216
vn 1.0000 0.0042 0.0088
vn 0.7843 -0.5993 -0.1602
vn 0.8281 -0.5037 -0.2460
vn 0.8257 -0.4857 -0.2869
vn 0.9998 0.0062 0.0177
vn 0.8386 -0.4438 -0.3159
vn 0.6804 -0.7318 -0.0393
vn 0.7290 -0.6658 -0.1591
vn 0.9619 -0.2645 -0.0688
vn 0.8204 -0.4568 -0.3439
vn 0.9988 -0.0443 0.0209
vn 0.9984 -0.0564 0.0006
vn 0.9710 -0.1552 -0.1816
vn 0.9436 -0.2675 -0.1948
vn 0.8868 -0.4510 -0.1010
vn 0.9388 -0.1686 -0.3004
vn 0.8894 -0.3874 -0.2427
vn 0.8566 -0.5159 -0.0076
vn 0.9453 -0.0699 -0.3186
vn 0.8887 -0.3846 -0.2496
vn 1.0000 0.0016 0.0095
vn 0.8524 -0.3978 -0.3394
vn 0.8429 -0.5379 -0.0164
vn 0.8523 -0.4964 -0.1651
vn 0.7959 -0.5937 -0.1187
vn 0.7353 -0.6773 -0.0255
vn 0.7977 -0.5991 -0.0691
vn 0.8366 -0.3547 -0.4175
vn 0.8175 -0.1027 -0.5667
vn 0.8238 -0.4147 -0.3864
vn 0.7783 -0.5371 -0.3251
vn 0.7918 -0.5596 -0.2447
vn 0.9459 0.0279 -0.3231
vn 0.9905 0.0137 -0.1365
vn 0.7412 -0.6650 -0.0917
vn 0.6979 -0.7120 -0.0776
vn 0.7386 -0.4780 -0.4754
vn 0.6840 -0.4525 -0.5722
vn 0.7206 -0.5945 -0.3569
vn 0.6285 -0.4841 -0.6088
vn 0.7666 -0.6421 0.0022
vn 0.5449 0.0885 -0.8338
vn 0.6348 -0.6177 -0.4642
vn 0.6435 -0.4990 -0.5805
vn 0.6533 -0.7092 -0.2649
vn 0.9997 0.0221 0.0041
vn 0.7690 -0.6392 -0.0028
vn 0.6860 -0.7276 0.0019
vn 0.4501 -0.1444 -0.8812
vn 0.6316 -0.7085 -0.3149
vn 0.5989 -0.7861 -0.1531
vn 0.6167 -0.6948 -0.3699
vn 0.7649 -0.6442 0.0024
vn 0.9997 0.0032 0.0234
vn 0.9996 -0.0249 0.0124
vn 0.8140 -0.5809 0.0035
vn 0.7458 -0.6576 -0.1067
vn 0.6641 -0.7472 0.0252
vn 0.8866 -0.3563 -0.2949
vn 0.9072 -0.2927 -0.3021
vn 0.6171 -0.7858 0.0405
vn 0.9993 -0.0183 0.0339
vn 0.9996 -0.0128 0.0254
vn 0.8710 -0.3367 -0.3576
vn 0.7593 -0.6077 -0.2329
vn 0.9993 -0.0058 0.0359
vn 0.9988 -0.0144 0.0465
vn 0.9987 -0.0501 -0.0002
vn 0.8154 -0.2970 -0.4969
vn 0.8346 -0.5508 0.0020
vn 0.7049 -0.6365 -0.3132
vn 0.9991 -0.0297 0.0287
vn 0.5931 -0.5859 -0.5523
vn 0.7851 -0.5421 -0.2996
vn 0.8698 -0.2932 -0.3968
vn 0.9983 -0.0578 0.0007
vn 0.5904 -0.8036 -0.0756
vn 0.5913 -0.8034 -0.0703
vn 0.9985 -0.0554 0.0002
vn 0.9989 -0.0475 -0.0000
vn 0.9903 -0.1390 -0.0014
vn 0.9683 -0.2485 -0.0246
vn 0.9706 -0.2307 -0.0689
vn 0.9158 -0.3988 -0.0482
vn 0.9700 -0.0718 -0.2324
vn 0.9751 -0.1185 -0.1877
vn 0.9765 -0.0270 -0.2139
vn 0.9180 -0.0490 -0.3936
vn 0.9227 -0.1696 -0.3463
vn 0.9709 -0.0096 -0.2392
vn 0.9688 -0.2433 -0.0473
vn 0.8962 -0.0988 -0.4325
vn 0.8058 -0.5902 -0.0483
vn 0.9992 -0.0321 -0.0252
vn 0.9414 0.0241 -0.3363
vn 0.9899 -0.1223 -0.0724
vn 0.9635 -0.2595 -0.0663
vn 0.6854 -0.2099 -0.6973
vn 0.8752 0.0554 -0.4806
vn 0.8550 0.0372 -0.5172
vn 0.7410 -0.6474 -0.1784
vn 0.7391 -0.6454 -0.1928
vn 0.7904 0.0689 -0.6087
vn 0.6688 -0.7369 -0.0986
vn 0.6569 0.0478 -0.7525
vn 0.7175 -0.0336 -0.6958
vn 0.7034 -0.6841 -0.1931
vn 0.8109 -0.1171 -0.5733
vn 0.6946 0.1116 -0.7107
vn 0.6898 -0.3964 -0.6059
vn 0.6365 -0.7667 -0.0836
vn 0.9998 -0.0107 0.0181
vn 0.6601 -0.6977 -0.2785
vn 0.7228 -0.2261 -0.6531
vn 0.6632 -0.7308 -0.1613
vn 0.5867 -0.3109 -0.7478
vn 0.5059 -0.0853 -0.8583
vn 0.5996 -0.8003 -0.0066
vn 0.5821 -0.0147 -0.8130
vn 0.5272 -0.3537 -0.7726
vn 0.6574 -0.3479 -0.6684
vn 0.6616 -0.1840 -0.7269
vn 0.9605 -0.2782 -0.0002
vn 0.9503 -0.3112 0.0003
vn 0.6708 -0.7408 -0.0351
vn 0.5911 -0.2502 -0.7668
vn 0.5876 -0.7783 -0.2212
vn 0.6688 -0.7432 0.0172
vn 0.6969 -0.7172 0.0035
vn 0.8946 -0.4469 0.0004
vn 0.7073 -0.7069 0.0097
vn 0.5437 -0.1213 -0.8305
vn 0.6261 -0.7795 0.0171
vn 0.6351 -0.7669 -0.0925
vn 0.7929 -0.6094 0.0060
vn 0.4467 0.1451 -0.8829
vn 0.9993 -0.0111 0.0367
vn 0.9995 -0.0145 0.0287
vn 0.9712 -0.1836 -0.1517
vn 0.8262 -0.5533 -0.1065
vn 0.5467 -0.3776 -0.7473
vn 0.7161 -0.6978 0.0141
vn 0.9028 -0.3828 -0.1957
vn 0.8819 -0.4149 -0.2238
vn 0.7367 -0.6754 -0.0331
vn 0.9525 -0.2333 -0.1956
vn 0.6784 -0.7342 0.0264
vn 0.5983 -0.5907 -0.5414
vn 0.9469 -0.2138 -0.2401
vn 0.9995 -0.0313 0.0087
vn 0.7906 -0.5762 -0.2073
vn 0.6404 -0.7671 0.0379
vn 0.6196 -0.7847 0.0172
vn 0.7225 -0.6818 -0.1150
vn 0.9075 -0.2600 -0.3299
vn 0.8552 -0.4068 -0.3210
vn 0.5794 -0.8146 -0.0280
vn 0.7837 -0.5563 -0.2763
vn 0.5804 -0.8136 0.0344
vn 0.5887 -0.8079 0.0278
vn 0.8835 -0.3054 -0.3553
vn 0.7686 -0.5920 -0.2426
vn 0.8030 -0.5959 0.0025
vn 0.9185 -0.3842 -0.0935
vn 0.9931 -0.0064 -0.1173
vn 0.6594 0.0110 -0.7517
vn 0.9260 0.0058 -0.3774
vn 0.9915 -0.0014 -0.1299
vn 0.8488 0.0566 -0.5256
vn 0.7119 0.0273 -0.7018
vn 0.9706 0.0090 -0.2404
vn 0.5495 0.0047 -0.8355
vn 0.5210 0.0118 -0.8535
vn 0.9385 -0.0004 -0.3452
vn 0.7704 0.0253 -0.6371
vn 0.6738 0.0104 -0.7388
vn 0.8552 0.0009 -0.5183
vn 0.8534 0.0002 -0.5212
vn 0.7440 -0.0007 -0.6682
vn 0.7273 0.0043 -0.6863
vn 0.5817 -0.0055 -0.8134
vn 0.8719 0.0544 -0.4867
vn 0.5082 0.0060 -0.8612
vn 0.4256 -0.0088 -0.9049
vn 0.9451 0.0930 -0.3131
vn 0.9546 0.0918 -0.2834
vn 0.3906 0.0030 -0.9205
vn 0.3816 0.0092 -0.9243
vn 0.9848 0.1170 -0.1281
vn 1.0000 0.0084 -0.0045
vn 0.9873 -0.0785 0.1381
vn 0.9782 -0.0663 0.1966
vn 0.9856 -0.0700 0.1541
vn 0.9876 -0.0698 0.1406
vn 0.9846 -0.0681 0.1611
vn 0.9886 -0.0654 0.1359
vn 0.9841 -0.0583 0.1679
vn 0.9898 -0.0484 0.1336
vn 0.9896 -0.0494 0.1354
vn 0.9909 -0.0403 0.1287
vn 0.9857 -0.0491 0.1610
vn 0.9918 -0.0269 0.1252
vn 0.9918 -0.0259 0.1252
vn 0.9684 -0.2494 -0.0023
vn 0.9781 -0.2065 -0.0267
vn 0.9440 -0.3130 0.1044
vn 0.0139 -0.8189 0.5738
vn 0.9580 -0.2756 0.0795
vn 0.8653 -0.4335 0.2517
vn 0.9106 -0.3581 0.2064
vn 0.6940 -0.5389 0.4774
vn 0.6723 -0.5417 0.5046
vn 0.5559 -0.5956 0.5799
vn 0.4986 -0.5934 0.6319
vn 0.1223 -0.7174 0.6859
vn 0.3726 -0.6474 0.6649
vn 0.3839 -0.6375 0.6680
vn 0.1894 -0.6873 0.7012
vn 0.2246 -0.6942 0.6839
vn 0.0473 -0.7208 0.6915
vn 0.0767 -0.7058 0.7042
vn 0.2075 -0.6528 0.7285
vn 0.3144 -0.6170 0.7214
vn 0.9773 -0.2100 0.0295
vn 0.5265 -0.5506 0.6478
vn 0.6318 -0.4946 0.5968
vn 0.0313 -0.6818 0.7308
vn 0.0423 -0.6272 0.7777
vn 0.1765 -0.6205 0.7641
vn 0.0895 -0.6302 0.7712
vn 0.1190 -0.6060 0.7865
vn 0.3603 -0.5756 0.7341
vn 0.9963 0.0012 0.0861
vn 0.4374 -0.5535 0.7087
vn 0.9965 0.0004 0.0835
vn 0.9947 -0.0074 0.1026
vn 0.9946 -0.0075 0.1037
vn 0.2362 -0.5881 0.7736
vn 0.9933 -0.0167 0.1139
vn 0.3365 -0.5739 0.7466
vn 0.9930 -0.0176 0.1169
vn 0.4742 -0.5326 0.7011
vn 0.0296 -0.7541 0.6561
vn 0.9269 -0.2523 0.2779
vn 0.9817 -0.1565 0.1086
vn 0.9825 -0.1555 0.1029
vn 0.8785 -0.2972 0.3740
vn 0.8972 -0.2728 0.3472
vn 0.9819 -0.1565 0.1071
vn 0.9570 -0.1933 0.2164
vn 0.9541 -0.1679 0.2480
vn 0.9887 -0.1288 0.0770
vn 0.9673 -0.1217 0.2224
vn 0.9729 -0.1152 0.2003
vn 0.9763 -0.0678 0.2054
vn 0.1012 -0.6768 0.7292
vn 0.1702 -0.6439 0.7459
vn 0.9595 -0.2701 0.0805
vn 0.9469 -0.2635 0.1845
vn 0.6846 -0.4835 0.5455
vn 0.7811 -0.4201 0.4621
vn 0.9014 -0.3388 0.2696
vn 0.9644 -0.2194 0.1476
vn 0.9500 -0.2522 0.1841
vn 0.0313 -0.6008 0.7988
vn 0.9817 -0.1814 0.0573
vn 0.9826 -0.1799 0.0458
vn 0.8573 -0.3423 0.3846
vn 0.7896 -0.3996 0.4657
vn 0.9735 -0.1791 0.1422
vn 0.6586 -0.4683 0.5890
vn 0.9830 -0.1818 -0.0275
vn 0.9799 -0.1941 -0.0457
vn 0.9007 -0.3404 0.2701
vn 0.8416 -0.4137 0.3473
vn 0.8320 -0.4204 0.3619
vn 0.8037 -0.3862 0.4527
vn 0.8839 -0.3234 0.3379
vn 0.9218 -0.2747 0.2734
vn 0.6334 -0.4867 0.6016
vn 0.9874 -0.0897 0.1303
vn 0.9789 -0.0821 0.1874
vn 0.9753 -0.0760 0.2074
vn 0.9868 -0.0880 0.1359
vn 0.0164 0.9958 0.0906
vn 0.0176 0.6992 0.7147
vn 0.0188 0.9973 0.0710
vn 0.0186 0.9056 0.4238
vn 0.0177 0.4915 0.8707
vn 0.0168 0.7036 0.7104
vn 0.0195 0.4756 0.8795
vn 0.0191 0.5633 0.8260
vn 0.0195 0.6354 0.7720
vn 0.0174 0.7940 0.6077
vn 0.0189 0.9530 0.3022
vn 0.0195 0.7787 0.6271
vn 0.0169 0.4095 0.9121
vn 0.0157 0.5939 0.8044
vn 0.0201 0.8378 0.5457
vn 0.0177 0.9556 0.2942
vn 0.0176 0.9091 0.4163
vn 0.0166 0.8576 0.5141
vn 0.0163 0.2584 0.9659
vn 0.0199 0.3827 0.9237
vn 0.0184 0.3332 0.9427
vn 0.0201 0.3174 0.9481
vn 0.0163 0.9799 0.1987
vn 0.0201 0.9854 0.1689
vn 0.0149 0.0275 0.9995
vn 0.0213 0.1072 0.9940
vn 0.0165 0.1526 0.9881
vn 0.0219 0.1390 0.9901
vn 0.0218 0.0693 0.9974
vn 0.0174 0.1960 0.9804
vn 0.0154 0.0938 0.9955
vn 0.0219 0.2122 0.9770
vn 0.0218 0.0273 0.9994
vn 0.0178 0.0097 0.9998
vn 0.0165 0.0464 0.9988
vn 0.0212 0.1755 0.9842
vn 0.9822 -0.1876 -0.0004
vn 0.9825 -0.1864 0.0001
vn 0.9818 -0.1900 -0.0001
vn 0.9978 0.0038 0.0663
vn 0.9978 0.0034 0.0664
vn 0.9982 -0.0086 0.0594
vn 0.0196 0.8159 -0.5778
vn 0.0238 0.8304 -0.5566
vn 0.0268 0.3254 -0.9452
vn 0.0161 0.2714 -0.9623
vn 0.0168 0.7442 -0.6677
vn 0.0257 0.9686 -0.2473
vn 0.0222 0.7675 -0.6406
vn 0.0279 0.2413 -0.9701
vn 0.0163 0.9521 -0.3052
vn 0.0229 0.6741 -0.7383
vn 0.0214 0.9431 -0.3318
vn 0.0178 0.6435 -0.7652
vn 0.0179 0.9986 -0.0500
vn 0.0183 0.9986 -0.0489
vn 0.0248 0.6018 -0.7983
vn 0.0227 0.9072 -0.4202
vn 0.0149 0.5248 -0.8511
vn 0.0146 0.8902 -0.4553
vn 0.0244 0.4897 -0.8716
vn 0.0243 0.9927 -0.1185
vn 0.0125 0.9868 -0.1614
vn 0.0191 0.3915 -0.9200
vn 0.0172 0.3854 -0.9226
vn 1.0000 0.0086 -0.0000
vn 1.0000 0.0003 -0.0006
vn 1.0000 0.0004 -0.0007
vn 1.0000 0.0046 0.0007
vn 1.0000 0.0006 -0.0000
vn 0.9999 -0.0095 -0.0060
vn 1.0000 0.0005 -0.0006
vn 1.0000 -0.0004 -0.0064
vn 1.0000 0.0002 -0.0006
vn 1.0000 0.0004 -0.0001
vn 1.0000 0.0003 -0.0001
vn 1.0000 0.0002 -0.0002
vn 1.0000 -0.0007 -0.0011
vn 0.9995 0.0166 -0.0254
vn -0.5936 0.0003 -0.8048
vn -0.5816 -0.0001 -0.8135
vn -0.5768 0.0002 -0.8169
vn -0.5703 -0.0001 -0.8215
vn -0.5941 -0.0001 -0.8044
vn -0.5512 0.0016 -0.8344
vn -0.5172 -0.0002 -0.8559
vn -0.5325 0.0010 -0.8464
vn 0.5360 -0.0034 0.8442
vn -0.4971 -0.0048 -0.8677
vn -0.0442 0.9990 0.0031
vn -0.0568 0.9984 0.0001
vn -0.0244 -0.0023 0.9997
vn -0.4896 0.0021 0.8719
vn -0.5245 -0.0003 0.8514
vn -0.5443 0.0003 0.8389
vn -0.5511 0.0001 0.8344
vn -0.1147 -0.0088 0.9934
vn -0.5442 0.0003 0.8390
vn -0.1199 0.0078 0.9927
vn -0.2105 0.0065 0.9776
vn -0.5721 0.0002 0.8202
vn -0.2153 -0.0084 0.9765
vn -0.5816 -0.0005 0.8135
vn -0.5187 -0.0011 0.8549
vn -0.3139 -0.0041 0.9495
vn -0.3249 0.0300 0.9453
vn -0.3845 -0.0246 0.9228
vn -0.4179 0.0308 0.9080
vn -0.5089 0.0010 0.8608
vn -0.4686 -0.0062 0.8834
vn -0.4611 -0.0183 0.8872
vn -0.4774 -0.0005 0.8787
vn -0.5154 0.0005 0.8570
vn -0.5144 -0.0023 0.8575
vn 0.4552 0.7502 -0.4796
vn 0.2381 0.9423 -0.2356
vn 0.4825 0.7287 -0.4860
vn 0.3982 0.8291 -0.3924
vn 0.5013 0.7677 -0.3991
vn 0.8142 0.3690 -0.4482
vn 0.7154 0.5778 -0.3927
vn 0.7148 0.5809 -0.3893
vn 0.9851 0.1717 0.0101
vn 0.7861 0.5575 -0.2670
vn 0.7867 0.5558 -0.2686
vn 0.6095 0.7461 -0.2680
vn 0.8118 0.1352 -0.5680
vn 0.8111 0.1644 -0.5613
vn 0.8553 0.5180 -0.0074
vn 0.8892 0.2313 -0.3947
vn 0.8716 0.2460 -0.4241
vn 0.9670 0.2192 -0.1299
vn 0.7387 0.3042 -0.6015
vn 0.7909 0.3877 -0.4735
vn 0.7526 0.3667 -0.5470
vn 0.9529 0.2218 -0.2069
vn 0.6969 0.3102 -0.6467
vn 0.8000 0.5265 -0.2877
vn 0.8547 0.5165 -0.0522
vn 0.7625 0.5293 -0.3720
vn 0.8164 0.5736 -0.0670
vn 0.5846 0.5263 -0.6174
vn 0.6729 0.7373 -0.0594
vn 0.4482 0.5381 -0.7138
vn 0.6143 0.7883 -0.0357
vn 0.7293 0.6635 -0.1670
vn 0.3989 0.1985 -0.8953
vn 0.5293 0.8464 -0.0579
vn 0.4625 0.8447 -0.2695
vn 0.7227 0.6633 -0.1940
vn 0.3764 0.3792 -0.8453
vn 0.6435 0.7322 -0.2232
vn 0.4013 0.9154 -0.0318
vn 0.5247 0.8443 -0.1088
vn 0.4163 0.8521 -0.3172
vn 0.3491 0.7712 -0.5323
vn 0.4317 0.8875 -0.1612
vn 0.3762 0.3079 -0.8739
vn 0.2724 0.9169 -0.2918
vn 0.2890 0.9531 -0.0896
vn 0.2987 0.9501 -0.0899
vn 0.2055 0.9618 -0.1809
vn 0.9557 0.2792 -0.0931
vn 0.8984 0.4301 -0.0883
vn 0.4207 0.4962 -0.7594
vn 0.1976 0.9027 -0.3823
vn 0.9109 0.3102 -0.2721
vn 0.0906 0.9865 -0.1367
vn 0.8772 0.4105 -0.2491
vn 0.5519 0.2087 -0.8074
vn 0.7177 0.3885 -0.5779
vn 0.7122 0.3479 -0.6097
vn 0.8789 0.1871 -0.4388
vn 0.2127 0.9678 -0.1348
vn 0.8135 0.3801 -0.4403
vn 0.2418 0.9598 -0.1428
vn 0.2603 0.9467 -0.1898
vn 0.3948 0.9015 -0.1773
vn 0.8936 0.3060 -0.3284
vn 0.8944 0.3424 -0.2879
vn 0.6087 0.3979 -0.6864
vn 0.6626 0.6352 -0.3967
vn 0.5811 0.6485 -0.4917
vn 0.6145 0.7432 -0.2649
vn 0.4787 0.5820 -0.6574
vn 0.6365 0.1384 -0.7587
vn 0.4451 0.7595 -0.4745
vn 0.3348 0.5907 -0.7342
vn 0.5034 0.1309 -0.8541
vn 0.3471 0.4834 -0.8037
vn 0.2280 0.8956 -0.3821
vn 0.4939 0.2969 -0.8173
vn 0.5344 0.3491 -0.7698
vn 0.5528 0.3672 -0.7481
vn 0.6286 0.1377 -0.7655
vn 0.5674 0.4295 -0.7025
vn 0.4762 0.4183 -0.7735
vn 0.7696 0.1868 -0.6106
vn 0.7531 0.1314 -0.6447
vn 0.6132 0.6009 -0.5127
vn 0.1424 0.9744 -0.1740
vn 0.3245 0.8778 -0.3523
vn 0.6489 0.5681 -0.5061
vn 0.4713 0.8210 -0.3222
vn 0.6774 0.6406 -0.3618
vn 0.3289 0.9119 -0.2454
vn 0.4488 0.8460 -0.2880
vn 0.6146 0.7480 -0.2504
vn 0.5757 0.5416 -0.6125
vn 0.2920 0.6833 -0.6692
vn 0.3866 0.7536 -0.5316
vn 0.2812 0.7464 -0.6032
vn 0.4819 0.2718 -0.8330
vn 0.2326 0.8181 -0.5259
vn 0.4222 0.6589 -0.6226
vn 0.6497 0.2445 -0.7198
vn 0.4224 0.6250 -0.6565
vn 0.3500 0.7391 -0.5756
vn 0.1224 0.9598 -0.2526
vn 0.2778 0.8740 -0.3986
vn 0.5615 0.5422 -0.6251
vn 0.9724 0.2250 0.0622
vn 0.9528 0.2972 0.0626
vn 0.9100 0.4104 0.0587
vn 0.8525 0.5197 0.0568
vn 0.7790 0.6250 0.0500
vn 0.6264 0.7785 0.0391
vn 0.6885 0.7238 0.0449
vn 0.5094 0.8599 0.0336
vn 0.3269 0.9449 0.0200
vn 0.3362 0.9416 0.0204
vn 0.1262 0.9920 0.0075
vn 0.1702 0.9854 0.0091
vn 0.9678 0.2276 0.1079
vn 0.1509 0.9721 0.1796
vn 0.9506 0.2975 0.0884
vn 0.8560 0.5061 0.1054
vn 0.8691 0.4854 0.0945
vn 0.7146 0.0964 0.6928
vn 0.9316 0.0107 0.3632
vn 0.5939 0.1280 0.7943
vn 0.6465 0.4276 0.6318
vn 0.6741 0.5401 0.5038
vn 0.9101 0.0411 0.4123
vn 0.3267 0.2045 0.9227
vn 0.6698 0.6173 0.4126
vn 0.2660 0.2178 0.9390
vn 0.7213 0.1356 0.6793
vn 0.8541 0.0728 0.5149
vn 0.6530 0.6819 0.3297
vn 0.6641 0.6899 0.2880
vn 0.5618 0.1843 0.8065
vn 0.5839 0.1850 0.7904
vn 0.7621 0.1359 0.6331
vn 0.6896 0.7184 0.0912
vn 0.4484 0.2190 0.8666
vn 0.7125 0.2823 0.6424
vn 0.6924 0.2960 0.6580
vn 0.5756 0.3255 0.7501
vn 0.7827 0.2496 0.5702
vn 0.7355 0.1846 0.6519
vn 0.7464 0.1885 0.6382
vn 0.4505 0.4208 0.7874
vn 0.1821 0.2902 0.9395
vn 0.2660 0.4881 0.8312
vn 0.4328 0.5032 0.7480
vn 0.3736 0.2839 0.8831
vn 0.2751 0.5471 0.7905
vn 0.9082 0.0916 0.4085
vn 0.5793 0.2565 0.7737
vn 0.5769 0.2567 0.7755
vn 0.9613 0.0326 0.2736
vn 0.8797 0.1326 0.4566
vn 0.2806 0.3065 0.9096
vn 0.5455 0.6320 0.5504
vn 0.7311 0.5151 0.4474
vn 0.4619 0.2948 0.8365
vn 0.2177 0.3619 0.9064
vn 0.5235 0.7172 0.4600
vn 0.7185 0.5972 0.3566
vn 0.3791 0.3587 0.8530
vn 0.8561 0.1809 0.4842
vn 0.7213 0.6594 0.2119
vn 0.2704 0.3826 0.8834
vn 0.5656 0.7950 0.2191
vn 0.7756 0.6065 0.1749
vn 0.7508 0.6430 0.1510
vn 0.7647 0.6343 0.1138
vn 0.5907 0.7948 0.1390
vn 0.5906 0.7988 0.1143
vn 0.8849 0.1945 0.4233
vn 0.9546 0.0907 0.2837
vn 0.4750 0.3821 0.7927
vn 0.5913 0.3996 0.7005
vn 0.5023 0.4334 0.7482
vn 0.9199 0.1641 0.3562
vn 0.4598 0.7168 0.5242
vn 0.4261 0.8156 0.3914
vn 0.9831 0.0301 0.1805
vn 0.7725 0.3319 0.5413
vn 0.2314 0.5256 0.8187
vn 0.5193 0.8362 0.1764
vn 0.4421 0.8815 0.1661
vn 0.7468 0.3667 0.5549
vn 0.9051 0.2235 0.3616
vn 0.4998 0.8613 0.0914
vn 0.3958 0.9127 0.1017
vn 0.5493 0.5093 0.6625
vn 0.8452 0.3234 0.4256
vn 0.4739 0.5279 0.7048
vn 0.9506 0.1636 0.2638
vn 0.7719 0.3869 0.5043
vn 0.3550 0.7617 0.5421
vn 0.4266 0.7929 0.4350
vn 0.4091 0.8274 0.3847
vn 0.2745 0.6226 0.7328
vn 0.5515 0.5454 0.6312
vn 0.6932 0.4835 0.5345
vn 0.3620 0.9248 0.1171
vn 0.2610 0.6615 0.7031
vn 0.1729 0.4552 0.8734
vn 0.4431 0.6377 0.6301
vn 0.2260 0.6061 0.7626
vn 0.2796 0.7318 0.6215
vn 0.8309 0.4040 0.3826
vn 0.3030 0.7666 0.5661
vn 0.2971 0.8201 0.4891
vn 0.3765 0.6642 0.6458
vn 0.2380 0.8954 0.3763
vn 0.1667 0.9353 0.3121
vn 0.1485 0.7032 0.6953
vn 0.2424 0.9464 0.2133
vn 0.2627 0.9577 0.1173
vn 0.8739 0.3599 0.3269
vn 0.9170 0.2812 0.2829
vn 0.5697 0.1249 0.8123
vn 0.1272 0.7504 0.6486
vn 0.9471 0.2346 0.2190
vn 0.1126 0.9910 0.0721
vn 0.8072 0.4976 0.3174
vn 0.0895 0.8372 0.5395
vn 0.1875 0.8524 0.4881
vn 0.9375 0.2840 0.2011
vn 0.8703 0.4339 0.2328
vn 0.8663 0.4403 0.2359
vn 0.9690 0.1993 0.1461
vn 0.0970 0.8963 0.4328
vn 0.7228 0.6419 0.2560
vn 0.5334 0.8040 0.2627
vn 0.9595 0.2498 0.1301
vn 0.4217 0.8590 0.2904
vn 0.2756 0.9210 0.2752
vn 0.8642 0.4764 0.1621
vn 0.8704 0.4664 0.1577
vn 0.7356 0.0338 0.6765
vn 0.8858 -0.0190 0.4637
vn 0.5143 0.0835 0.8535
vn 0.3208 0.1106 0.9407
vn 0.3140 0.0874 0.9454
vn 0.3018 -0.0155 0.9532
vn 0.5735 0.0420 0.8181
vn 0.7361 0.0059 0.6769
vn 0.0905 0.0020 0.9959
vn 0.0618 -0.1275 0.9899
vn 0.2533 0.0764 0.9644
vn 0.7573 -0.0031 0.6530
vn 0.0995 0.2057 0.9735
vn 0.5378 0.0227 0.8428
vn 0.2870 0.0603 0.9560
vn 0.9355 -0.0608 0.3481
vn 0.5510 0.0165 0.8343
vn 0.7061 -0.0178 0.7079
vn 0.9111 -0.0593 0.4079
vn 0.8000 -0.0426 0.5984
vn 0.7059 -0.0178 0.7080
vn 0.2724 -0.4177 0.8668
vn 0.1911 -0.3680 0.9100
vn 0.1797 -0.4322 0.8837
vn 0.5470 -0.0332 0.8365
vn 0.5936 -0.0450 0.8035
vn 0.0715 -0.3878 0.9190
vn 0.8230 -0.0913 0.5607
vn 0.9203 -0.0970 0.3790
vn 0.3628 -0.0339 0.9313
vn 0.8919 -0.1114 0.4384
vn 0.7853 0.0479 0.6173
vn 0.7844 -0.1554 0.6004
vn 0.8862 -0.1809 0.4265
vn 0.6580 -0.3876 0.6456
vn 0.4140 0.1521 0.8975
vn 0.9095 -0.0126 0.4156
vn 0.3826 0.1436 0.9127
vn 0.6007 0.0972 0.7935
vn 0.2554 0.1477 0.9555
vn 0.2825 0.1070 0.9533
vn 0.5740 0.0639 0.8163
vn 0.8825 -0.0281 0.4694
vn 0.5668 0.0421 0.8228
vn 0.8246 -0.0215 0.5653
vn 0.2447 0.0461 0.9685
vn 0.8570 -0.0439 0.5134
vn 0.2958 0.0292 0.9548
vn 0.4857 0.0039 0.8741
vn 0.6616 -0.0901 0.7444
vn 0.7574 -0.1178 0.6423
vn 0.9112 -0.1600 0.3796
vn 0.4835 -0.1304 0.8656
vn 0.5677 -0.1475 0.8100
vn 0.4244 -0.1786 0.8877
vn 0.7416 -0.2213 0.6333
vn 0.6350 -0.1984 0.7466
vn 0.2181 -0.1294 0.9673
vn 0.7741 -0.2870 0.5643
vn 0.2284 -0.2157 0.9494
vn 0.5865 -0.3310 0.7392
vn 0.4970 -0.3191 0.8070
vn 0.7563 -0.3376 0.5604
vn 0.3425 -0.3526 0.8709
vn 0.1568 -0.2565 0.9537
vn 0.4307 -0.3839 0.8168
vn 0.0955 -0.4400 0.8929
vn 0.0474 -0.2326 0.9714
vn 0.0325 -0.1958 0.9801
vn 0.0343 -0.4638 0.8853
vn 0.0155 -0.3381 0.9410
vn 0.8318 0.0318 0.5541
vn 0.3169 0.1510 0.9364
vn 0.5036 0.1097 0.8570
vn 0.8994 -0.0030 0.4371
vn 0.7422 0.0506 0.6682
vn 0.8767 -0.0121 0.4808
vn 0.7550 0.0327 0.6549
vn 0.1771 -0.8849 0.4308
vn 0.0925 -0.8606 0.5008
vn 0.1173 -0.8968 0.4265
vn 0.0643 -0.9593 0.2749
vn 0.0905 -0.9844 0.1509
vn 0.8541 -0.4622 0.2385
vn 0.4856 -0.8740 -0.0188
vn 0.3185 -0.9459 0.0612
vn 0.4902 -0.8611 0.1351
vn 0.3571 -0.9264 0.1189
vn 0.7402 -0.6722 -0.0197
vn 0.8972 -0.4403 -0.0329
vn 0.6776 -0.6296 0.3800
vn 0.5790 -0.7852 0.2198
vn 0.4808 -0.7147 0.5080
vn 0.5479 -0.7633 0.3423
vn 0.5133 -0.7777 0.3630
vn 0.3236 -0.8004 0.5046
vn 0.4091 -0.8444 0.3458
vn 0.2517 -0.8297 0.4983
vn 0.8889 -0.4483 0.0946
vn 0.1357 -0.9907 0.0033
vn 0.2952 -0.9299 0.2194
vn 0.2089 -0.9505 0.2299
vn 0.8466 -0.5138 0.1390
vn 0.3982 -0.9171 0.0205
vn 0.7333 -0.6700 0.1158
vn 0.0208 -0.9706 0.2399
vn 0.7026 -0.6843 0.1952
vn 0.0223 -0.8670 0.4978
vn 0.7381 -0.6223 0.2605
vn 0.3665 -0.7599 0.5369
vn 0.0189 -0.9662 0.2571
vn 0.7096 -0.7003 0.0772
vn 0.9310 -0.3640 -0.0271
vn 0.8954 -0.4448 -0.0205
vn 0.7945 -0.6063 -0.0344
vn 0.6863 -0.7270 -0.0211
vn 0.5951 -0.8036 -0.0118
vn 0.8463 -0.5327 0.0107
vn 0.2827 -0.9592 -0.0102
vn 0.7928 -0.6094 0.0094
vn 0.3774 -0.9261 -0.0043
vn 0.5807 -0.8129 0.0436
vn 0.5585 -0.8282 0.0470
vn -0.6322 -0.7748 -0.0008
vn 0.9277 -0.3734 0.0000
vn 0.8809 -0.4734 -0.0009
vn 0.3731 -0.9278 -0.0012
vn 0.7869 -0.6170 0.0005
vn 0.9421 -0.3352 0.0004
vn 0.3815 -0.9244 0.0001
vn 0.4072 -0.9133 -0.0009
vn 0.5044 -0.8635 0.0000
vn 0.5953 -0.8035 -0.0007
vn 0.4083 -0.9128 0.0002
vn 0.7818 -0.6235 -0.0018
vn 0.9092 -0.4163 0.0041
vn 0.7557 -0.6549 0.0014
vn 0.7982 -0.6023 0.0005
vn 0.2897 -0.9571 0.0076
vn 0.7376 -0.6753 0.0001
vn 0.2113 -0.9774 -0.0001
vn 0.3983 -0.9173 0.0002
vn 0.4769 -0.8790 0.0014
vn 0.9352 -0.3541 -0.0002
vn 0.3831 -0.9237 -0.0008
vn 0.2282 -0.9736 0.0001
vn 0.6519 -0.7583 0.0020
vn 0.6511 -0.7589 -0.0012
vn 0.7811 -0.6245 -0.0008
vn 0.9274 -0.3741 -0.0004
vn 0.6872 -0.7265 0.0001
vn 0.3498 -0.9368 -0.0004
vn 0.7546 -0.6562 0.0066
vn 0.8762 -0.4820 -0.0031
vn 0.5064 -0.8623 0.0018
vn 0.3023 -0.9532 -0.0003
vn 0.3251 -0.9457 -0.0008
vn 0.7883 -0.6153 0.0003
vn 0.5842 -0.8116 -0.0019
vn 0.6361 -0.7716 0.0065
vn 0.2700 -0.9629 0.0021
vn 0.5076 -0.8616 0.0009
vn 0.9364 -0.3509 0.0008
vn 0.7598 -0.6502 -0.0006
vn 0.6744 -0.7384 0.0003
vn 0.5223 -0.8528 0.0004
vn 0.8017 -0.5977 0.0001
vn 0.6844 -0.7291 0.0019
vn 0.8868 -0.4621 -0.0004
vn 0.9430 -0.3328 0.0006
vn 0.5498 -0.8353 -0.0004
vn 0.7188 -0.6952 0.0038
vn 0.8535 -0.5211 0.0005
vn 0.8960 -0.4441 -0.0045
vn 0.8583 -0.5131 -0.0010
vn 0.6521 -0.7581 0.0002
vn 0.4201 -0.9075 -0.0002
vn 0.5937 -0.8047 0.0002
vn 0.6118 -0.7910 -0.0004
vn 0.4185 -0.9082 0.0011
vn 0.4680 -0.8837 -0.0010
vn 0.3691 -0.9294 0.0005
vn 0.5262 -0.8503 -0.0006
vn 0.3174 -0.9483 -0.0004
vn 0.8688 -0.4950 0.0144
vn 0.7474 -0.6644 0.0016
vn 0.8644 -0.5027 0.0123
vn 0.7296 -0.6838 0.0116
vn 0.9513 -0.3076 0.0201
vn 0.5712 -0.8207 0.0142
vn 0.6759 -0.7370 -0.0053
vn 0.9080 -0.4169 -0.0413
vn 0.6903 -0.7235 -0.0046
vn 0.7832 -0.6201 -0.0455
vn 0.1249 -0.9845 -0.1229
vn 0.1318 -0.9597 -0.2480
vn 0.5583 -0.7877 -0.2603
vn 0.2098 -0.9204 -0.3298
vn 0.9140 -0.3970 -0.0838
vn 0.7424 -0.6123 -0.2720
vn 0.2342 -0.8656 -0.4426
vn 0.4326 -0.7843 -0.4448
vn 0.0278 -0.9142 -0.4043
vn 0.0235 -0.9885 -0.1494
vn 0.0570 -0.9036 -0.4245
vn 0.0161 -0.9601 -0.2793
vn 0.4296 -0.9030 -0.0012
vn 0.2474 -0.9688 -0.0175
vn 0.3149 -0.9368 -0.1525
vn 0.3354 -0.9073 -0.2535
vn 0.5727 -0.7968 -0.1925
vn 0.4429 -0.8395 -0.3148
vn 0.6323 -0.6952 -0.3419
vn 0.6009 -0.6630 -0.4464
vn 0.8716 -0.4898 -0.0208
vn 0.5015 -0.8643 -0.0384
vn 0.5835 -0.8110 -0.0415
vn 0.4133 -0.9066 -0.0854
vn 0.7829 -0.6186 -0.0662
vn 0.3808 -0.9207 -0.0854
vn 0.8418 -0.5262 -0.1204
vn 0.6789 -0.7253 -0.1138
vn 0.8255 -0.5356 -0.1779
vn 0.6774 -0.7193 -0.1539
vn 0.7547 -0.6215 -0.2099
vn 0.3608 -0.7873 -0.4999
vn 0.0687 -0.9631 -0.2602
vn 0.1434 -0.8351 -0.5311
vn 0.0804 -0.8651 -0.4951
vn 0.8951 0.4458 -0.0012
vn 0.9305 0.3663 -0.0000
vn 0.8311 0.5562 -0.0001
vn 0.7274 0.6863 -0.0012
vn 0.7417 0.6707 -0.0007
vn 0.5257 0.8506 0.0002
vn 0.4912 0.8710 -0.0007
vn 0.2861 0.9582 -0.0009
vn 0.2361 0.9717 0.0001
vn 0.3622 0.9229 -0.1303
vn 0.3084 0.9439 -0.1178
vn 0.8285 0.5426 -0.1384
vn 0.5231 0.8455 -0.1074
vn 0.9334 0.3439 -0.1028
vn 0.9194 0.3800 -0.1017
vn 0.6106 0.7817 -0.1268
vn 0.7098 0.6971 -0.1016
vn 0.7951 0.5970 -0.1066
vn 0.2871 0.9566 -0.0501
vn 0.3332 0.9406 -0.0656
vn 0.5158 0.8548 -0.0574
vn 0.5172 0.8539 -0.0577
vn 0.8458 0.5295 -0.0655
vn 0.7095 0.7030 -0.0489
vn 0.7164 0.6957 -0.0523
vn 0.8961 0.4407 -0.0523
vn 0.9179 0.3926 -0.0571
vn 0.2962 0.2317 -0.9266
vn 0.3520 0.2184 -0.9102
vn 0.4673 0.2168 -0.8571
vn 0.6259 0.1907 -0.7562
vn 0.6498 0.1963 -0.7343
vn 0.8610 0.1250 -0.4930
vn 0.7740 0.1794 -0.6072
vn 0.9207 0.1173 -0.3723
vn 0.2361 0.6818 -0.6924
vn 0.2601 0.7132 -0.6509
vn 0.4082 0.6918 -0.5956
vn 0.3211 0.3173 -0.8923
vn 0.3422 0.3083 -0.8876
vn 0.5299 0.2816 -0.7999
vn 0.4967 0.7395 -0.4543
vn 0.2821 0.8629 -0.4194
vn 0.2825 0.8626 -0.4196
vn 0.5564 0.2684 -0.7864
vn 0.4597 0.7846 -0.4159
vn 0.5759 0.6883 -0.4410
vn 0.7009 0.6349 -0.3251
vn 0.6811 0.6513 -0.3344
vn 0.2959 0.8917 -0.3425
vn 0.5794 0.7411 -0.3392
vn 0.7277 0.2457 -0.6404
vn 0.9527 0.2589 -0.1593
vn 0.3601 0.8834 -0.2998
vn 0.7853 0.2179 -0.5794
vn 0.3408 0.3641 -0.8667
vn 0.8160 0.2147 -0.5367
vn 0.2292 0.4091 -0.8832
vn 0.4454 0.3630 -0.8184
vn 0.5325 0.3267 -0.7809
vn 0.9104 0.1594 -0.3818
vn 0.6264 0.3262 -0.7080
vn 0.2352 0.4656 -0.8532
vn 0.2951 0.4732 -0.8301
vn 0.3339 0.5059 -0.7953
vn 0.9262 0.1553 -0.3435
vn 0.2737 0.5719 -0.7733
vn 0.5679 0.3993 -0.7197
vn 0.3471 0.6030 -0.7182
vn 0.6465 0.3569 -0.6743
vn 0.7042 0.3434 -0.6214
vn 0.5347 0.7998 -0.2728
vn 0.7980 0.2880 -0.5294
vn 0.5204 0.4672 -0.7148
vn 0.3628 0.2005 -0.9100
vn 0.8483 0.2739 -0.4532
vn 0.9286 0.1940 -0.3164
vn 0.9145 0.2182 -0.3408
vn 0.5827 0.4991 -0.6414
vn 0.6936 0.4458 -0.5658
vn 0.7121 0.4299 -0.5551
vn 0.5065 0.5636 -0.6525
vn 0.5268 0.5952 -0.6068
vn 0.8062 0.3635 -0.4669
vn 0.4689 0.4059 -0.7845
vn 0.3596 0.7130 -0.6019
vn 0.8561 0.3452 -0.3846
vn 0.6473 0.5599 -0.5172
vn 0.6970 0.5099 -0.5042
vn 0.9194 0.2657 -0.2901
vn 0.9273 0.2494 -0.2792
vn 0.2436 0.8176 -0.5217
vn 0.3421 0.7715 -0.5365
vn 0.8175 0.4184 -0.3957
vn 0.6409 0.6062 -0.4710
vn 0.6309 0.6155 -0.4723
vn 0.7715 0.5151 -0.3733
vn 0.5669 0.2488 -0.7853
vn 0.8256 0.4481 -0.3428
vn 0.8774 0.3910 -0.2780
vn 0.9153 0.3256 -0.2373
vn 0.1843 0.9560 -0.2282
vn 0.7750 0.5770 -0.2578
vn 0.8757 0.4349 -0.2097
vn 0.3039 0.9234 -0.2344
vn 0.9125 0.3692 -0.1761
vn 0.8278 0.5132 -0.2269
vn 0.3782 0.9033 -0.2027
vn 0.5906 0.7747 -0.2260
vn 0.5670 0.7979 -0.2046
vn 0.7271 0.6543 -0.2077
vn 0.8121 0.5618 -0.1580
vn 0.1835 0.9741 -0.1318
vn 0.3325 0.1707 -0.9275
vn 0.4276 0.1591 -0.8899
vn 0.7116 0.1169 -0.6928
vn 0.6297 0.1248 -0.7667
vn 0.7762 0.0989 -0.6227
vn 0.2218 0.1508 -0.9634
vn 0.3698 0.1388 -0.9187
vn 0.9078 -0.0300 -0.4183
vn 0.8820 -0.0450 -0.4690
vn 0.4427 0.1229 -0.8882
vn 0.5672 0.1111 -0.8161
vn 0.5989 0.0997 -0.7946
vn 0.8191 0.0676 -0.5696
vn 0.5888 0.0873 -0.8035
vn 0.3917 0.0857 -0.9161
vn 0.6228 0.0770 -0.7786
vn 0.7758 0.0594 -0.6282
vn 0.8775 -0.0971 -0.4696
vn 0.7921 0.0471 -0.6086
vn 0.7723 -0.2196 -0.5961
vn 0.3972 0.0624 -0.9156
vn 0.5698 0.0605 -0.8196
vn 0.9111 0.0363 -0.4106
vn 0.2042 0.0243 -0.9786
vn 0.1216 0.0099 -0.9925
vn 0.3849 0.0600 -0.9210
vn 0.1203 -0.3583 -0.9258
vn 0.1178 -0.2501 -0.9610
vn 0.0833 -0.3769 -0.9225
vn 0.6386 -0.0003 -0.7696
vn 0.3917 0.0248 -0.9198
vn 0.5710 -0.0054 -0.8210
vn 0.4200 -0.4344 -0.7968
vn 0.4515 -0.3066 -0.8379
vn 0.2949 -0.2541 -0.9211
vn 0.2425 -0.1517 -0.9582
vn 0.9392 0.0657 -0.3371
vn 0.2881 0.1850 -0.9395
vn 0.8621 0.0862 -0.4993
vn 0.8974 0.0733 -0.4351
vn 0.7673 0.0902 -0.6349
vn 0.9217 0.0484 -0.3848
vn 0.2425 0.1447 -0.9593
vn 0.7682 0.0382 -0.6390
vn 0.6746 0.0324 -0.7375
vn 0.8587 0.1111 -0.5002
vn 0.1724 0.1285 -0.9766
vn 0.9065 0.0550 -0.4186
vn 0.3036 0.1048 -0.9470
vn 0.3066 0.0993 -0.9467
vn 0.9199 0.0306 -0.3909
vn 0.1655 0.0575 -0.9845
vn 0.8128 -0.0201 -0.5822
vn 0.7243 -0.0384 -0.6884
vn 0.3380 0.0159 -0.9410
vn 0.7404 -0.0832 -0.6670
vn 0.8054 -0.1178 -0.5809
vn 0.6330 -0.3263 -0.7020
vn 0.6824 -0.2229 -0.6962
vn 0.6385 -0.1499 -0.7549
vn 0.4879 -0.1189 -0.8647
vn 0.5324 -0.1136 -0.8388
vn 0.3350 -0.0634 -0.9401
vn 0.4604 -0.3019 -0.8348
vn 0.3208 -0.4453 -0.8359
vn 0.3237 -0.4385 -0.8384
vn 0.2673 -0.0639 -0.9615
vn 0.2692 -0.3020 -0.9145
vn 0.2027 -0.5013 -0.8412
vn 0.0586 -0.0715 -0.9957
vn 0.0737 -0.5210 -0.8504
vn 0.0320 -0.4943 -0.8687
vn 0.0284 -0.2181 -0.9755
vn 0.0178 -0.2871 -0.9577
vn 0.8627 0.1085 -0.4939
vn 0.6384 0.1599 -0.7529
vn 0.7152 0.1386 -0.6851
vn 0.5366 0.1644 -0.8276
vn 0.5085 0.1561 -0.8468
vn 0.0099 -0.0462 0.9989
vn 0.0398 -0.1117 0.9929
vn -0.9995 0.0142 0.0290
vn -0.9162 -0.1459 -0.3732
vn -0.1266 -0.5427 -0.8303
vn -0.4505 -0.4771 -0.7546
vn -0.2137 -0.5553 -0.8038
vn -0.8218 -0.2779 -0.4974
vn -0.5613 -0.4550 -0.6913
vn -0.9655 -0.1160 -0.2330
vn -0.7999 -0.2865 -0.5273
vn -0.4427 -0.4814 -0.7565
vn -0.0654 -0.6563 -0.7517
vn -0.2329 -0.1358 -0.9630
vn -0.2316 -0.1349 -0.9634
vn -0.4354 -0.6059 -0.6658
vn -0.2141 -0.6155 -0.7584
vn -0.6914 -0.0956 -0.7161
vn -0.6216 -0.5124 -0.5925
vn -0.7330 -0.4605 -0.5007
vn -0.0441 -0.2645 -0.9634
vn -0.8226 -0.3692 -0.4324
vn -0.9480 -0.2079 -0.2411
vn -0.3828 -0.3350 -0.8609
vn -0.2324 -0.2467 -0.9408
vn -0.9342 -0.2262 -0.2758
vn -0.6020 -0.1816 -0.7776
vn -0.6451 -0.1939 -0.7391
vn -0.2582 -0.3656 -0.8943
vn -0.8070 -0.1327 -0.5754
vn -0.8329 -0.1326 -0.5373
vn -0.9672 -0.0704 -0.2441
vn -0.6261 -0.2760 -0.7292
vn -0.3662 -0.3643 -0.8563
vn -0.6820 -0.2872 -0.6726
vn -0.1386 -0.4051 -0.9037
vn -0.4607 -0.3740 -0.8049
vn -0.8720 -0.1937 -0.4496
vn -0.9297 -0.0023 -0.3682
vn -0.9233 -0.0031 -0.3841
vn -0.8297 -0.0010 -0.5581
vn -0.7591 -0.0056 -0.6509
vn -0.5973 0.0017 -0.8020
vn -0.2319 -0.0027 -0.9727
vn -0.2534 -0.0005 -0.9674
vn -0.3407 0.9402 0.0012
vn -0.6083 0.7937 0.0045
vn -0.7354 0.6776 0.0048
vn -0.3001 0.9539 0.0012
vn -0.9177 0.3971 0.0090
vn -0.5849 0.8111 0.0016
vn -0.9268 0.3754 -0.0026
vn -0.9441 0.3297 0.0029
vn -0.7522 0.6589 0.0011
vn -0.1454 0.9894 -0.0009
vn -0.5026 0.8645 -0.0018
vn -0.6934 0.7205 0.0006
vn -0.2971 0.9549 -0.0010
vn -0.8583 0.5132 -0.0008
vn -0.0608 0.9982 0.0002
vn -0.7774 0.6290 -0.0042
vn -0.6786 0.7345 0.0035
vn -0.4428 0.8966 -0.0027
vn -0.3045 0.9525 0.0013
vn -0.7784 0.6277 0.0006
vn -0.4441 0.8960 -0.0008
vn -0.9675 0.2527 -0.0010
vn -0.6833 0.7302 -0.0022
vn -0.5006 0.8656 0.0026
vn -0.1085 0.9941 0.0014
vn -0.4675 0.8840 -0.0001
vn -0.8471 0.5314 0.0013
vn -0.7833 0.6217 -0.0021
vn -0.0967 0.9953 0.0035
vn -0.9671 0.2543 -0.0011
vn -0.4666 0.8845 0.0012
vn -0.4104 0.9119 -0.0086
vn -0.8936 0.4488 0.0017
vn -0.5657 0.8246 -0.0010
vn -0.7793 0.6267 0.0007
vn -0.5549 0.8319 0.0003
vn -0.1364 0.7286 -0.6712
vn -0.0077 0.7337 -0.6795
vn -0.1328 0.7244 -0.6764
vn -0.1984 0.7294 -0.6547
vn -0.1973 0.7269 -0.6578
vn -0.3311 0.7318 -0.5958
vn -0.0396 0.7127 -0.7003
vn -0.3144 0.7423 -0.5917
vn -0.0671 0.7375 -0.6720
vn -0.2700 0.7375 -0.6190
vn -0.2922 0.7218 -0.6274
vn -0.3442 0.7326 0.5873
vn -0.3342 0.7224 0.6054
vn -0.3016 0.7330 0.6097
vn -0.2973 0.7283 0.6174
vn -0.2583 0.7233 0.6403
vn -0.2530 0.7273 0.6380
vn -0.1992 0.7398 0.6427
vn -0.1669 0.7121 0.6819
vn -0.1322 0.7370 0.6628
vn -0.0642 0.7314 0.6790
vn -0.0722 0.7247 0.6853
vn -0.0060 0.7280 0.6856
vn -0.0067 0.7285 0.6850
vn 0.0114 -0.5565 0.8308
vn 0.0511 -0.6276 0.7769
vn 0.0120 -0.7642 0.6449
vn 0.0449 -0.8331 0.5513
vn 0.0097 -0.9036 0.4283
vn 0.0499 -0.9492 0.3108
vn 0.0060 -0.9856 0.1690
vn 0.0264 -0.2828 0.9588
vn 0.0325 -0.2798 0.9595
vn 0.0383 -0.3284 0.9438
vn 0.0309 -0.3320 0.9428
vn 0.0068 0.3957 0.9184
vn 0.0622 0.2542 0.9651
vn 0.0163 0.1293 0.9915
vn 0.0250 0.9711 0.2373
vn 0.0309 0.9731 0.2282
vn 0.0052 0.9086 0.4176
vn 0.0592 0.8337 0.5491
vn 0.0187 0.7573 0.6528
vn 0.0385 0.6144 0.7880
vn 0.0306 0.6030 0.7971
vn 0.0496 0.9988 0.0003
vn 0.0330 0.9995 0.0000
vn 0.0318 0.9091 -0.4153
vn 0.0166 0.9228 -0.3849
vn 0.0457 0.9745 -0.2196
vn 0.0246 0.9900 -0.1389
vn 0.0179 -0.0952 -0.9953
vn 0.0417 0.0674 -0.9969
vn 0.0448 0.0744 -0.9962
vn 0.0455 0.3226 -0.9454
vn 0.0285 0.2837 -0.9585
vn 0.0407 0.6086 -0.7924
vn 0.0183 0.5706 -0.8210
vn 0.0250 0.7716 -0.6356
vn 0.0332 0.7832 -0.6209
vn 0.0445 -0.3226 -0.9455
vn 0.0182 -0.3356 -0.9418
vn 0.0298 -0.2804 -0.9594
vn 0.0520 -0.2671 -0.9623
vn 0.0196 -0.9872 -0.1584
vn 0.0457 -0.9555 -0.2914
vn 0.0356 -0.9486 -0.3146
vn 0.0433 -0.8239 -0.5650
vn 0.0273 -0.8419 -0.5390
vn 0.0516 -0.5765 -0.8155
vn 0.0082 -0.6445 -0.7646
vn 0.0436 -0.9991 0.0000
vn 0.0427 -0.9991 0.0000
vn 0.0400 -0.9992 0.0001
vn 0.0488 -0.9988 0.0005
vn 0.8300 0.5578 -0.0000
vn 0.5003 0.8658 -0.0001
vn 0.7433 0.6690 0.0002
vn 0.6833 0.7301 -0.0039
vn 0.6814 0.7044 0.1985
vn 0.5343 0.8249 0.1846
vn 0.8064 0.5885 -0.0578
vn 0.8175 0.5605 0.1325
vn 0.7752 0.5893 -0.2273
vn 0.6810 0.7008 -0.2126
vn 0.5833 0.7190 0.3779
vn 0.6264 0.6479 -0.4334
vn 0.9510 0.2505 0.1812
vn 0.5922 0.7142 0.3731
vn 0.8096 0.4930 -0.3184
vn 0.7439 0.5141 -0.4269
vn 0.8567 0.3468 0.3818
vn 0.0198 0.7573 0.6528
vn 0.9750 0.1299 -0.1806
vn 0.7315 0.3916 -0.5581
vn 0.5765 0.5204 -0.6299
vn 0.7385 0.4175 0.5294
vn 0.6418 0.4855 0.5936
vn 0.8117 0.2003 -0.5487
vn 0.6642 0.1915 -0.7226
vn 0.8222 -0.0305 -0.5683
vn 0.3977 0.0828 -0.9137
vn 0.7777 -0.0746 -0.6242
vn 0.8452 0.0655 0.5304
vn 0.9099 0.1318 0.3934
vn 0.7094 0.2937 0.6407
vn 0.0952 0.1409 0.9854
vn 0.4557 0.3254 0.8286
vn 0.5813 -0.0511 0.8121
vn 0.7320 0.0448 0.6798
vn 0.8006 -0.1712 -0.5742
vn 0.5935 -0.2538 -0.7637
vn 0.7480 -0.2224 -0.6254
vn 0.6525 -0.2466 0.7165
vn 0.7436 -0.2254 0.6295
vn 0.8969 -0.1449 0.4177
vn 0.8669 -0.1436 0.4773
vn 0.7383 -0.1814 0.6497
vn 0.2593 -0.2751 0.9258
vn 0.9722 -0.1512 0.1787
vn 0.5876 -0.4652 0.6620
vn 0.6290 -0.4368 0.6432
vn 0.7065 -0.6327 0.3172
vn 0.5738 -0.7502 0.3286
vn 0.5059 -0.7564 0.4147
vn 0.4090 -0.6859 0.6019
vn 0.8037 -0.4962 0.3283
vn 0.7961 -0.5723 -0.1967
vn 0.7099 -0.6158 -0.3419
vn 0.5922 -0.6834 -0.4270
vn 0.6577 -0.4699 -0.5887
vn 0.7114 -0.4511 -0.5389
vn 0.6886 -0.7175 0.1050
vn 0.6435 -0.7546 0.1285
vn 0.7382 -0.6657 -0.1088
vn 0.6493 -0.7546 -0.0948
vn 0.5540 -0.8325 0.0000
vn 0.7329 -0.6803 -0.0002
vn 0.6740 -0.7387 -0.0006
vn 0.6638 -0.7479 0.0007
vn 0.6992 -0.7149 0.0003
vn 0.7840 -0.6208 -0.0000
vn 0.6459 -0.7634 -0.0056
vn 0.5970 -0.8022 -0.0024
vn -0.0184 0.0000 0.9998
vn -0.0182 0.0003 0.9998
vn -0.0186 -0.0001 0.9998
vn 0.5221 0.8529 -0.0008
vn 0.6668 0.7453 0.0005
vn 0.7658 0.6431 -0.0007
vn 0.9628 0.2702 -0.0009
vn 0.3095 0.5697 -0.7613
vn 0.4111 0.6840 -0.6026
vn 0.4754 0.6734 -0.5662
vn 0.7608 0.4938 -0.4211
vn 0.8040 0.4375 -0.4028
vn 0.4172 0.8367 -0.3547
vn 0.4508 0.8180 -0.3572
vn 0.9812 0.1732 -0.0850
vn 0.7831 0.5715 -0.2451
vn 0.7785 0.5777 -0.2453
vn 0.9622 0.2396 -0.1297
vn 0.2780 0.9439 -0.1784
vn 0.9719 0.0877 -0.2186
vn 0.5975 0.2192 -0.7713
vn 0.3085 0.3074 -0.9002
vn 0.8125 0.0759 -0.5780
vn 0.8908 0.0724 -0.4485
vn 0.7663 0.2127 -0.6062
vn 0.3293 0.3723 -0.8677
vn 0.4206 0.1382 -0.8967
vn 0.5939 0.1486 -0.7907
vn 0.9098 0.1210 -0.3971
vn 0.5358 0.3763 -0.7559
vn 0.8236 0.2660 -0.5009
vn 0.7478 0.2849 -0.5997
vn 0.4184 0.0027 -0.9082
vn 0.2701 -0.0016 -0.9628
vn 0.7887 -0.0008 -0.6147
vn 0.7772 -0.0016 -0.6292
vn 0.9933 -0.0004 -0.1159
vn 0.9863 -0.0024 -0.1650
vn 0.4204 -0.4893 -0.7641
vn -0.0077 -0.7751 -0.6318
vn 0.7774 -0.3351 -0.5322
vn 0.7909 -0.3315 -0.5144
vn 0.3269 -0.3466 -0.8792
vn 0.4371 -0.7268 -0.5298
vn 0.4578 -0.3509 -0.8169
vn 0.5801 -0.6228 -0.5250
vn 0.8134 -0.2351 -0.5320
vn 0.7653 -0.2463 -0.5947
vn 0.8695 -0.3908 -0.3022
vn 0.3049 -0.2632 -0.9153
vn 0.9705 -0.0806 -0.2271
vn 0.8963 -0.3420 -0.2823
vn 0.7543 -0.1744 -0.6329
vn 0.3985 -0.2250 -0.8891
vn 0.8282 -0.1236 -0.5467
vn 0.2991 -0.1586 -0.9410
vn 0.9343 -0.0804 -0.3473
vn 0.4019 -0.1160 -0.9083
vn 0.4945 -0.6198 -0.6094
vn 0.5893 -0.5422 -0.5989
vn 0.7238 -0.0664 -0.6868
vn 0.9978 -0.0412 -0.0511
vn 0.3007 -0.4680 -0.8310
vn 0.7760 -0.4071 -0.4818
vn 0.2917 -0.5638 -0.7727
vn 0.8753 -0.3213 -0.3613
vn 0.9670 -0.1570 -0.2007
vn -0.0117 0.9999 -0.0001
vn -0.0475 0.9989 0.0011
vn -0.0344 0.9989 -0.0328
vn -0.0129 0.9999 -0.0004
vn -0.0022 1.0000 -0.0011
vn -0.0177 -0.7721 -0.6353
vn -0.0458 -0.7410 -0.6699
vn 0.0130 -0.7195 -0.6944
vn -0.0551 -0.6055 -0.7939
vn -0.0426 -0.6023 -0.7972
vn 0.0065 -0.4799 -0.8773
vn -0.0740 -0.4348 -0.8975
vn 0.0090 -0.3803 -0.9248
vn -0.0446 -0.2834 -0.9580
vn -0.0328 -0.2762 -0.9606
vn -0.0463 -0.1874 -0.9812
vn -0.0049 -0.1621 -0.9868
vn -0.0679 -0.0763 -0.9948
vn 0.0036 -0.0007 -1.0000
vn 0.0055 -0.0009 -1.0000
vn -0.0522 0.0845 -0.9951
vn 0.0551 0.1696 -0.9840
vn -0.0387 0.2381 -0.9705
vn 0.0476 0.2995 -0.9529
vn -0.0562 0.4225 -0.9046
vn -0.0582 0.4233 -0.9041
vn 0.0155 0.5745 -0.8183
vn -0.0821 0.6940 -0.7153
vn 0.0219 0.7842 -0.6201
vn -0.0330 0.8703 -0.4914
vn -0.0016 0.8977 -0.4405
vn -0.0680 0.9427 -0.3267
vn 0.0427 0.9845 -0.1700
vn -0.2558 0.9011 -0.3501
vn -0.4992 0.8360 -0.2278
vn -0.6447 0.6901 -0.3287
vn -0.5158 0.8204 -0.2467
vn -0.9018 0.3502 -0.2531
vn -0.8379 0.4933 -0.2337
vn -0.7416 0.5165 -0.4280
vn -0.5526 0.5854 -0.5932
vn -0.7146 0.5893 -0.3769
vn -0.9307 0.0773 -0.3575
vn -0.5469 0.0893 -0.8324
vn -0.6526 0.2211 -0.7247
vn -0.3208 0.2238 -0.9203
vn -0.7883 0.2712 -0.5522
vn -0.6380 0.3121 -0.7040
vn -0.6183 0.1172 -0.7772
vn -0.7420 0.0025 -0.6704
vn -0.8754 -0.0027 -0.4834
vn -0.8661 -0.1334 -0.4818
vn -0.6782 -0.5388 -0.4997
vn -0.7003 -0.0705 -0.7104
vn -0.8470 -0.4075 -0.3412
vn -0.8998 -0.3385 -0.2751
vn -0.7327 -0.2107 -0.6472
vn -0.4708 -0.3802 -0.7961
vn -0.6933 -0.1229 -0.7101
vn -0.8773 -0.2678 -0.3982
vn -0.6435 -0.4679 -0.6058
vn -0.0181 0.0001 -0.9998
vn -0.0216 0.0000 0.9998
vn -0.0195 0.0069 0.9998
vn -0.8233 -0.4592 -0.3337
vn -0.9547 -0.2398 -0.1761
vn -0.6473 -0.6075 -0.4603
vn -0.7793 -0.4966 -0.3823
vn -0.6009 -0.6277 -0.4949
vn -0.2157 -0.8464 -0.4869
vn -0.0834 -0.7803 -0.6198
vn -0.9994 -0.0240 -0.0256
vn -0.9414 -0.2650 -0.2088
vn -0.1720 -0.8110 -0.5592
vn 1.0000 0.0000 0.0000
vn 0.0175 -0.9998 0.0000
vn 0.0310 -0.9995 -0.0031
vn 0.0313 -0.9995 -0.0032
vn -0.0185 -0.0001 0.9998
vn -0.0186 0.0000 0.9998
vn 0.8151 0.3238 -0.4804
vn 0.6262 0.2053 -0.7521
vn 0.1920 0.1842 -0.9640
vn 0.6639 0.1848 -0.7247
vn 0.6869 0.3846 -0.6166
vn 0.4232 0.2095 -0.8815
vn 0.4229 0.2097 -0.8816
vn 0.2194 0.5410 -0.8119
vn 0.2478 0.5255 -0.8139
vn 0.8642 0.3117 -0.3951
vn 0.0949 0.2337 -0.9677
vn 0.5659 0.5089 -0.6487
vn 0.2055 0.3092 -0.9285
vn 0.7525 0.1101 -0.6493
vn 0.9563 0.0583 -0.2864
vn 0.9772 0.0862 -0.1941
vn 0.7479 0.2449 -0.6170
vn 0.5991 0.5119 -0.6157
vn 0.8182 0.2109 -0.5349
vn 0.8122 0.0747 -0.5786
vn 0.1986 0.6993 -0.6866
vn 0.2328 0.3843 -0.8934
vn 0.4253 0.2525 -0.8691
vn 0.5563 -0.3452 0.7559
vn 0.1450 0.6688 -0.7291
vn 0.3054 0.1808 -0.9349
vn 0.0299 0.3757 -0.9263
vn 0.9989 0.0265 -0.0398
vn 0.9395 0.0866 -0.3313
vn 0.8760 0.2112 -0.4336
vn 0.6531 0.0729 -0.7537
vn 0.9472 0.1636 -0.2757
vn 0.0639 0.1048 -0.9924
vn 0.9750 0.1254 -0.1832
vn 0.6043 0.3757 -0.7026
vn 0.3823 0.1315 -0.9146
vn 0.9330 0.0913 -0.3480
vn 0.8877 0.1257 -0.4429
vn 0.9992 -0.0097 -0.0391
vn 0.9987 0.0012 -0.0517
vn 0.9994 -0.0003 -0.0335
vn 0.9986 0.0069 -0.0533
vn 1.0000 -0.0036 0.0090
vn 0.9991 -0.0246 -0.0356
vn 0.9997 0.0112 -0.0238
vn 0.9995 -0.0215 -0.0252
vn 0.9950 0.0511 -0.0856
vn 0.9996 -0.0100 -0.0279
vn 0.1732 0.6407 -0.7480
vn 0.1040 0.5390 -0.8359
vn 0.9995 -0.0314 0.0011
vn 0.9983 0.0581 0.0000
vn 0.9984 0.0558 0.0017
vn 0.9897 0.1428 0.0102
vn 0.9987 0.0505 0.0002
vn 0.9992 0.0411 -0.0001
vn 0.9999 0.0111 0.0000
vn 0.9873 -0.1588 -0.0006
vn 0.9872 -0.1595 0.0000
vn 0.8267 -0.5627 0.0026
vn 0.8165 -0.5774 0.0007
vn 0.5227 -0.8525 -0.0051
vn 0.4111 -0.9116 0.0068
vn -0.0175 -0.9998 -0.0008
vn -0.0181 -0.9998 -0.0006
vn -0.0177 -0.9998 -0.0007
vn -0.0189 -0.9998 0.0021
vn -0.0173 -0.9999 -0.0009
vn -0.0174 -0.9998 -0.0012
vn -0.0177 -0.9998 0.0007
vn -0.0188 -0.9998 0.0021
vn -0.0175 -0.9998 0.0010
vn -0.0183 -0.9998 0.0008
vn -0.0418 -0.9991 -0.0110
vn -0.0194 -0.9998 0.0006
vn -0.0236 -0.9997 -0.0000
vn -0.0234 -0.9997 -0.0000
vn -0.0175 0.9998 0.0000
vn -0.0174 0.9998 -0.0000
vn -0.0172 0.9999 0.0000
vn -0.0212 0.9998 -0.0018
vn -0.0216 0.9998 -0.0004
vn -0.0198 0.9998 -0.0010
vn -0.0175 0.9998 0.0006
vn -0.0177 0.9998 0.0009
vn -0.0174 0.9998 0.0004
vn -0.0178 0.9998 0.0006
vn -0.0192 0.9997 0.0116
vn -0.0193 0.9998 0.0042
vn -0.0223 0.9996 -0.0154
vn -0.0247 0.9996 -0.0108
vn -0.0211 0.0209 -0.9996
vn -0.0205 0.1258 -0.9918
vn -0.0181 0.1308 -0.9912
vn -0.0206 0.0051 -0.9998
vn -0.0152 0.0470 -0.9988
vn -0.0244 0.0677 -0.9974
vn -0.0167 0.1699 -0.9853
vn -0.0196 0.2014 -0.9793
vn -0.0198 0.1621 -0.9866
vn -0.0165 0.1686 -0.9855
vn -0.0205 0.1977 -0.9800
vn -0.0227 0.0843 -0.9962
vn -0.0181 0.2098 -0.9776
vn -0.0180 0.0927 -0.9955
vn -0.0210 0.1889 -0.9818
vn -0.0183 0.0000 -0.9998
vn -0.0222 0.1918 -0.9812
vn -0.1299 -0.6323 -0.7638
vn -0.7129 -0.4415 -0.5449
vn -0.8068 -0.3399 -0.4832
vn -0.8485 -0.3349 -0.4097
vn -0.8089 -0.3620 -0.4633
vn -0.8475 -0.3353 -0.4114
vn -0.8290 -0.3055 -0.4685
vn -0.8924 -0.2397 -0.3823
vn -0.9331 -0.2473 -0.2610
vn -0.9085 -0.2430 -0.3400
vn -0.9203 -0.1624 -0.3558
vn -0.9292 -0.2488 -0.2733
vn -0.9501 -0.2677 -0.1601
vn -0.9931 0.0185 -0.1159
vn -0.9861 0.0260 -0.1641
vn -0.9917 0.0214 -0.1269
vn -0.9833 0.0310 -0.1791
vn -0.9533 -0.2196 -0.2074
vn -0.9833 0.0402 -0.1772
vn -0.9848 0.0373 -0.1694
vn -0.9898 0.0337 -0.1382
vn -0.9929 0.0350 -0.1139
vn -0.9860 0.0573 -0.1565
vn -0.9848 0.0639 -0.1614
vn -0.9580 -0.2607 -0.1194
vn -0.2097 -0.5957 -0.7753
vn -0.1623 -0.6771 -0.7178
vn -0.9918 0.0430 -0.1204
vn -0.9858 0.0776 -0.1489
vn -0.1653 -0.6710 -0.7228
vn -0.9354 -0.2138 -0.2815
vn -0.9711 -0.2213 -0.0897
vn -0.9886 0.0882 -0.1223
vn -0.9718 -0.1767 -0.1561
vn -0.9886 0.0908 -0.1199
vn -0.2878 -0.6161 -0.7332
vn -0.9899 0.1011 -0.0990
vn -0.9658 -0.1355 -0.2212
vn -0.9665 -0.1142 -0.2297
vn -0.1905 -0.6825 -0.7057
vn -0.9874 0.1305 -0.0897
vn -0.2874 -0.6165 -0.7330
vn -0.2823 -0.6453 -0.7099
vn -0.9899 0.1315 -0.0539
vn -0.9885 0.1366 -0.0643
vn -0.9884 0.1368 -0.0655
vn -0.2921 -0.6228 -0.7258
vn -0.9928 0.0866 -0.0830
vn -0.9902 0.1153 -0.0783
vn -0.9864 0.1614 -0.0324
vn -0.9821 -0.1575 -0.1036
vn -0.3766 -0.6409 -0.6689
vn -0.4226 -0.5864 -0.6911
vn -0.9789 -0.0567 -0.1963
vn -0.9839 -0.0866 -0.1561
vn -0.9866 -0.1082 -0.1222
vn -0.9764 -0.0373 -0.2125
vn -0.4699 -0.5954 -0.6517
vn -0.4787 -0.5754 -0.6631
vn -0.9784 -0.2057 -0.0201
vn -0.9893 -0.1258 -0.0740
vn -0.0188 -0.7383 -0.6742
vn -0.0168 -0.5956 -0.8031
vn -0.0343 -0.6833 -0.7293
vn -0.5602 -0.5287 -0.6377
vn -0.6378 -0.5535 -0.5356
vn -0.6860 -0.4722 -0.5536
vn -0.0456 -0.6457 -0.7623
vn -0.0161 -0.8092 -0.5873
vn -0.9922 -0.0417 -0.1175
vn -0.0472 -0.6689 -0.7419
vn -0.0352 -0.7567 -0.6528
vn -0.9919 -0.0929 -0.0862
vn -0.8197 -0.4207 -0.3887
vn -0.9795 0.0143 -0.2009
vn -0.8167 -0.4213 -0.3944
vn -0.9954 -0.0207 -0.0930
vn -0.0498 -0.7445 -0.6658
vn -0.0697 -0.6893 -0.7211
vn -0.9927 -0.1177 -0.0278
vn -0.9835 -0.1807 0.0103
vn -0.0874 -0.6017 -0.7939
vn -0.9840 -0.1781 0.0041
vn -0.8882 -0.3567 -0.2896
vn -0.4204 -0.5659 -0.7092
vn -0.1254 -0.6526 -0.7473
vn -0.8971 -0.3570 -0.2602
vn -0.4033 -0.5755 -0.7115
vn -0.0697 -0.7154 -0.6952
vn -0.4921 -0.5363 -0.6857
vn -0.5377 -0.5215 -0.6625
vn -0.6384 -0.4645 -0.6138
vn -0.7027 -0.4897 -0.5162
vn -0.6720 -0.4257 -0.6060
vn -0.9970 -0.0002 -0.0768
vn -0.9568 -0.1087 -0.2696
vn -0.9977 0.0009 -0.0674
vn -0.9917 -0.0218 -0.1264
vn -0.9570 -0.0953 -0.2738
vn -0.9999 0.0140 0.0001
vn -0.9999 0.0157 -0.0053
vn -0.9980 -0.0049 -0.0624
vn -0.9988 -0.0037 -0.0488
vn -0.9997 0.0129 -0.0212
vn -0.9969 -0.0022 -0.0784
vn -0.9999 0.0129 0.0089
vn -0.9983 -0.0206 -0.0543
vn -0.9999 0.0153 0.0001
vn -0.9861 -0.0730 -0.1493
vn -0.9148 -0.1965 -0.3528
vn -0.9888 -0.0661 -0.1340
vn -0.9022 -0.2114 -0.3759
vn -0.9999 -0.0006 0.0108
vn -0.9963 -0.0114 -0.0848
vn -0.9993 -0.0113 -0.0360
vn -0.9996 0.0081 -0.0275
vn -0.9111 -0.1755 -0.3729
vn -0.9211 -0.1660 -0.3521
vn -0.9067 -0.1691 -0.3865
vn -0.9995 0.0138 -0.0280
vn -0.9999 0.0026 0.0118
vn -0.8948 -0.2162 -0.3907
vn -0.8902 -0.2240 -0.3967
vn -0.9905 -0.0266 -0.1349
vn -0.9999 0.0139 -0.0025
vn -0.9130 -0.1572 -0.3766
vn -0.8952 -0.2002 -0.3983
vn -0.9999 0.0173 0.0000
vn -0.9584 -0.0938 -0.2697
vn -0.9999 0.0162 0.0034
vn -0.9369 -0.1677 -0.3067
vn -0.9211 -0.1915 -0.3389
vn -0.9685 -0.1166 -0.2202
vn -0.9987 0.0467 -0.0204
vn -0.9998 0.0182 -0.0001
vn -0.9997 0.0077 -0.0216
vn -0.9718 -0.0850 -0.2198
vn -0.9092 -0.1765 -0.3772
vn -0.9600 -0.1345 -0.2454
vn -0.9876 0.1571 -0.0006
vn -0.9868 0.1617 -0.0012
vn -0.9795 -0.1786 -0.0928
vn -0.9046 -0.4081 -0.1229
vn -0.9866 -0.0962 -0.1319
vn -0.8577 -0.3487 -0.3779
vn -0.8124 -0.4725 -0.3417
vn -0.8183 -0.5550 -0.1496
vn -0.8397 -0.3921 -0.3758
vn -0.8474 -0.4825 -0.2216
vn -1.0000 0.0042 0.0088
vn -0.7843 -0.5993 -0.1602
vn -0.8281 -0.5037 -0.2460
vn -0.8257 -0.4857 -0.2869
vn -0.9998 0.0062 0.0177
vn -0.8386 -0.4438 -0.3159
vn -0.6804 -0.7318 -0.0393
vn -0.7290 -0.6658 -0.1591
vn -0.9619 -0.2645 -0.0688
vn -0.8204 -0.4568 -0.3439
vn -0.9988 -0.0443 0.0209
vn -0.9984 -0.0564 0.0006
vn -0.9710 -0.1552 -0.1816
vn -0.9436 -0.2675 -0.1948
vn -0.8868 -0.4510 -0.1010
vn -0.9388 -0.1686 -0.3004
vn -0.8894 -0.3874 -0.2427
vn -0.8566 -0.5159 -0.0076
vn -0.9453 -0.0699 -0.3186
vn -0.8887 -0.3846 -0.2496
vn -1.0000 0.0016 0.0095
vn -0.8524 -0.3978 -0.3394
vn -0.8429 -0.5379 -0.0164
vn -0.8523 -0.4964 -0.1651
vn -0.7959 -0.5937 -0.1187
vn -0.7353 -0.6773 -0.0255
vn -0.7977 -0.5991 -0.0691
vn -0.8366 -0.3547 -0.4175
vn -0.8175 -0.1027 -0.5667
vn -0.8238 -0.4147 -0.3864
vn -0.7783 -0.5371 -0.3251
vn -0.7918 -0.5596 -0.2447
vn -0.9459 0.0279 -0.3231
vn -0.9905 0.0137 -0.1365
vn -0.7412 -0.6650 -0.0917
vn -0.6979 -0.7120 -0.0776
vn -0.7386 -0.4780 -0.4754
vn -0.6840 -0.4525 -0.5722
vn -0.7206 -0.5945 -0.3569
vn -0.6285 -0.4841 -0.6088
vn -0.7666 -0.6421 0.0022
vn -0.5449 0.0885 -0.8338
vn -0.6348 -0.6177 -0.4642
vn -0.6435 -0.4990 -0.5805
vn -0.6533 -0.7092 -0.2649
vn -0.9997 0.0221 0.0041
vn -0.7691 -0.6392 -0.0028
vn -0.6860 -0.7276 0.0019
vn -0.4501 -0.1444 -0.8812
vn -0.6316 -0.7085 -0.3149
vn -0.5989 -0.7861 -0.1531
vn -0.6167 -0.6948 -0.3700
vn -0.7649 -0.6442 0.0024
vn -0.9997 0.0032 0.0234
vn -0.9996 -0.0249 0.0124
vn -0.8140 -0.5809 0.0035
vn -0.7458 -0.6576 -0.1067
vn -0.6641 -0.7472 0.0252
vn -0.8866 -0.3563 -0.2949
vn -0.9072 -0.2927 -0.3020
vn -0.6171 -0.7858 0.0405
vn -0.9993 -0.0183 0.0339
vn -0.9996 -0.0128 0.0254
vn -0.8710 -0.3367 -0.3576
vn -0.7593 -0.6077 -0.2329
vn -0.9993 -0.0058 0.0359
vn -0.9988 -0.0144 0.0465
vn -0.9987 -0.0501 -0.0002
vn -0.8154 -0.2970 -0.4969
vn -0.8346 -0.5508 0.0020
vn -0.7049 -0.6365 -0.3132
vn -0.9991 -0.0297 0.0287
vn -0.5931 -0.5859 -0.5523
vn -0.7851 -0.5421 -0.2996
vn -0.8698 -0.2932 -0.3968
vn -0.9983 -0.0578 0.0007
vn -0.5904 -0.8036 -0.0756
vn -0.5913 -0.8034 -0.0703
vn -0.9985 -0.0554 0.0002
vn -0.9989 -0.0475 -0.0000
vn -0.9903 -0.1390 -0.0014
vn -0.9683 -0.2485 -0.0246
vn -0.9706 -0.2307 -0.0689
vn -0.9158 -0.3988 -0.0482
vn -0.9700 -0.0718 -0.2324
vn -0.9751 -0.1185 -0.1877
vn -0.9765 -0.0270 -0.2139
vn -0.9180 -0.0490 -0.3936
vn -0.9227 -0.1696 -0.3463
vn -0.9709 -0.0096 -0.2392
vn -0.9688 -0.2433 -0.0473
vn -0.8962 -0.0988 -0.4325
vn -0.8058 -0.5902 -0.0483
vn -0.9992 -0.0321 -0.0252
vn -0.9414 0.0241 -0.3363
vn -0.9899 -0.1223 -0.0724
vn -0.9635 -0.2595 -0.0663
vn -0.6854 -0.2099 -0.6973
vn -0.8752 0.0554 -0.4806
vn -0.8550 0.0372 -0.5172
vn -0.7410 -0.6474 -0.1784
vn -0.7391 -0.6454 -0.1928
vn -0.7904 0.0689 -0.6087
vn -0.6688 -0.7369 -0.0986
vn -0.6569 0.0478 -0.7525
vn -0.7175 -0.0336 -0.6958
vn -0.7034 -0.6841 -0.1931
vn -0.8109 -0.1171 -0.5733
vn -0.6946 0.1116 -0.7107
vn -0.6898 -0.3964 -0.6059
vn -0.6365 -0.7667 -0.0836
vn -0.9998 -0.0107 0.0181
vn -0.6601 -0.6977 -0.2785
vn -0.7228 -0.2261 -0.6531
vn -0.6632 -0.7308 -0.1613
vn -0.5867 -0.3108 -0.7478
vn -0.5059 -0.0853 -0.8583
vn -0.5996 -0.8003 -0.0066
vn -0.5821 -0.0147 -0.8130
vn -0.5272 -0.3537 -0.7726
vn -0.6574 -0.3479 -0.6684
vn -0.6616 -0.1840 -0.7269
vn -0.9605 -0.2782 -0.0002
vn -0.9503 -0.3112 0.0003
vn -0.6708 -0.7408 -0.0351
vn -0.5911 -0.2502 -0.7668
vn -0.5876 -0.7783 -0.2212
vn -0.6688 -0.7432 0.0172
vn -0.6969 -0.7172 0.0035
vn -0.8946 -0.4469 0.0004
vn -0.7073 -0.7069 0.0097
vn -0.5437 -0.1213 -0.8305
vn -0.6261 -0.7795 0.0171
vn -0.6351 -0.7669 -0.0925
vn -0.7929 -0.6094 0.0060
vn -0.4467 0.1451 -0.8828
vn -0.9993 -0.0111 0.0367
vn -0.9995 -0.0145 0.0287
vn -0.9712 -0.1836 -0.1517
vn -0.8262 -0.5533 -0.1065
vn -0.5467 -0.3776 -0.7473
vn -0.7161 -0.6978 0.0141
vn -0.9028 -0.3828 -0.1957
vn -0.8819 -0.4149 -0.2238
vn -0.7367 -0.6754 -0.0331
vn -0.9525 -0.2333 -0.1956
vn -0.6784 -0.7342 0.0264
vn -0.5983 -0.5907 -0.5414
vn -0.9469 -0.2138 -0.2401
vn -0.9995 -0.0313 0.0087
vn -0.7906 -0.5762 -0.2073
vn -0.6404 -0.7671 0.0379
vn -0.6196 -0.7847 0.0172
vn -0.7225 -0.6818 -0.1150
vn -0.9075 -0.2600 -0.3299
vn -0.8552 -0.4068 -0.3210
vn -0.5794 -0.8146 -0.0280
vn -0.7837 -0.5563 -0.2763
vn -0.5804 -0.8136 0.0344
vn -0.5887 -0.8079 0.0278
vn -0.8835 -0.3054 -0.3553
vn -0.7686 -0.5920 -0.2426
vn -0.8030 -0.5959 0.0025
vn -0.9185 -0.3842 -0.0935
vn -0.9931 -0.0064 -0.1173
vn -0.6594 0.0110 -0.7517
vn -0.9260 0.0058 -0.3774
vn -0.9915 -0.0014 -0.1299
vn -0.8488 0.0566 -0.5256
vn -0.7119 0.0273 -0.7018
vn -0.9706 0.0090 -0.2404
vn -0.5495 0.0047 -0.8355
vn -0.5210 0.0118 -0.8535
vn -0.9385 -0.0004 -0.3452
vn -0.7704 0.0253 -0.6371
vn -0.6738 0.0104 -0.7388
vn -0.8552 0.0009 -0.5183
vn -0.8534 0.0002 -0.5212
vn -0.7440 -0.0007 -0.6682
vn -0.7273 0.0043 -0.6863
vn -0.5817 -0.0055 -0.8134
vn -0.8719 0.0544 -0.4867
vn -0.5082 0.0060 -0.8612
vn -0.4256 -0.0088 -0.9049
vn -0.9451 0.0930 -0.3131
vn -0.9546 0.0918 -0.2834
vn -0.3906 0.0030 -0.9205
vn -0.3816 0.0092 -0.9243
vn -0.9848 0.1170 -0.1281
vn -1.0000 0.0084 -0.0045
vn -0.9873 -0.0785 0.1381
vn -0.9782 -0.0663 0.1966
vn -0.9856 -0.0700 0.1541
vn -0.9876 -0.0698 0.1406
vn -0.9846 -0.0681 0.1611
vn -0.9886 -0.0654 0.1359
vn -0.9841 -0.0583 0.1679
vn -0.9899 -0.0484 0.1336
vn -0.9896 -0.0494 0.1354
vn -0.9909 -0.0403 0.1287
vn -0.9857 -0.0491 0.1610
vn -0.9918 -0.0269 0.1252
vn -0.9918 -0.0259 0.1252
vn -0.9684 -0.2494 -0.0023
vn -0.9781 -0.2065 -0.0267
vn -0.9440 -0.3130 0.1044
vn -0.0139 -0.8189 0.5738
vn -0.9580 -0.2756 0.0795
vn -0.8653 -0.4335 0.2517
vn -0.9106 -0.3581 0.2064
vn -0.6940 -0.5389 0.4774
vn -0.6723 -0.5417 0.5046
vn -0.5559 -0.5956 0.5799
vn -0.4986 -0.5934 0.6319
vn -0.1223 -0.7174 0.6859
vn -0.3726 -0.6474 0.6649
vn -0.3839 -0.6375 0.6680
vn -0.1894 -0.6873 0.7012
vn -0.2246 -0.6942 0.6839
vn -0.0473 -0.7208 0.6915
vn -0.0767 -0.7058 0.7042
vn -0.2075 -0.6528 0.7285
vn -0.3144 -0.6170 0.7214
vn -0.9773 -0.2100 0.0295
vn -0.5265 -0.5506 0.6478
vn -0.6318 -0.4946 0.5968
vn -0.0313 -0.6818 0.7308
vn -0.0423 -0.6272 0.7777
vn -0.1765 -0.6205 0.7641
vn -0.0895 -0.6302 0.7712
vn -0.1190 -0.6060 0.7865
vn -0.3603 -0.5756 0.7341
vn -0.9963 0.0012 0.0861
vn -0.4374 -0.5535 0.7087
vn -0.9965 0.0004 0.0835
vn -0.9947 -0.0074 0.1026
vn -0.9946 -0.0075 0.1037
vn -0.2362 -0.5881 0.7736
vn -0.9933 -0.0167 0.1139
vn -0.3365 -0.5739 0.7466
vn -0.9930 -0.0176 0.1169
vn -0.4742 -0.5326 0.7011
vn -0.0296 -0.7541 0.6561
vn -0.9269 -0.2523 0.2779
vn -0.9817 -0.1565 0.1086
vn -0.9825 -0.1555 0.1029
vn -0.8785 -0.2972 0.3740
vn -0.8972 -0.2728 0.3472
vn -0.9819 -0.1565 0.1071
vn -0.9570 -0.1933 0.2164
vn -0.9541 -0.1679 0.2480
vn -0.9887 -0.1288 0.0770
vn -0.9673 -0.1217 0.2224
vn -0.9729 -0.1152 0.2003
vn -0.9763 -0.0678 0.2054
vn -0.1012 -0.6768 0.7292
vn -0.1702 -0.6439 0.7459
vn -0.9595 -0.2701 0.0805
vn -0.9469 -0.2635 0.1845
vn -0.6846 -0.4835 0.5455
vn -0.7811 -0.4201 0.4621
vn -0.9014 -0.3388 0.2696
vn -0.9644 -0.2194 0.1476
vn -0.9500 -0.2522 0.1841
vn -0.0313 -0.6008 0.7988
vn -0.9817 -0.1814 0.0574
vn -0.9826 -0.1799 0.0458
vn -0.8573 -0.3423 0.3846
vn -0.7896 -0.3996 0.4657
vn -0.9735 -0.1791 0.1422
vn -0.6586 -0.4683 0.5890
vn -0.9830 -0.1818 -0.0275
vn -0.9799 -0.1941 -0.0457
vn -0.9007 -0.3404 0.2701
vn -0.8416 -0.4137 0.3473
vn -0.8320 -0.4204 0.3620
vn -0.8037 -0.3862 0.4528
vn -0.8839 -0.3234 0.3379
vn -0.9218 -0.2747 0.2734
vn -0.6334 -0.4867 0.6016
vn -0.9874 -0.0897 0.1303
vn -0.9789 -0.0821 0.1874
vn -0.9753 -0.0760 0.2074
vn -0.9868 -0.0880 0.1359
vn -0.0164 0.9958 0.0906
vn -0.0176 0.6992 0.7147
vn -0.0188 0.9973 0.0710
vn -0.0186 0.9056 0.4238
vn -0.0177 0.4915 0.8707
vn -0.0168 0.7036 0.7104
vn -0.0195 0.4756 0.8795
vn -0.0191 0.5633 0.8260
vn -0.0195 0.6354 0.7720
vn -0.0174 0.7940 0.6077
vn -0.0189 0.9530 0.3022
vn -0.0195 0.7787 0.6271
vn -0.0169 0.4095 0.9121
vn -0.0157 0.5939 0.8044
vn -0.0201 0.8378 0.5457
vn -0.0177 0.9556 0.2942
vn -0.0176 0.9091 0.4163
vn -0.0166 0.8576 0.5141
vn -0.0163 0.2584 0.9659
vn -0.0199 0.3827 0.9237
vn -0.0184 0.3332 0.9427
vn -0.0201 0.3174 0.9481
vn -0.0163 0.9799 0.1987
vn -0.0201 0.9854 0.1689
vn -0.0149 0.0275 0.9995
vn -0.0213 0.1072 0.9940
vn -0.0165 0.1526 0.9881
vn -0.0219 0.1390 0.9901
vn -0.0218 0.0693 0.9974
vn -0.0174 0.1960 0.9804
vn -0.0154 0.0938 0.9955
vn -0.0219 0.2122 0.9770
vn -0.0218 0.0273 0.9994
vn -0.0178 0.0097 0.9998
vn -0.0165 0.0464 0.9988
vn -0.0212 0.1755 0.9842
vn -0.9822 -0.1876 -0.0004
vn -0.9825 -0.1864 0.0001
vn -0.9818 -0.1900 -0.0001
vn -0.9978 0.0038 0.0663
vn -0.9978 0.0034 0.0664
vn -0.9982 -0.0086 0.0594
vn -0.0196 0.8159 -0.5778
vn -0.0238 0.8304 -0.5566
vn -0.0268 0.3254 -0.9452
vn -0.0161 0.2714 -0.9623
vn -0.0168 0.7442 -0.6677
vn -0.0257 0.9686 -0.2473
vn -0.0222 0.7675 -0.6406
vn -0.0279 0.2413 -0.9701
vn -0.0163 0.9521 -0.3052
vn -0.0229 0.6741 -0.7383
vn -0.0214 0.9431 -0.3318
vn -0.0178 0.6435 -0.7652
vn -0.0179 0.9986 -0.0500
vn -0.0183 0.9986 -0.0489
vn -0.0248 0.6018 -0.7983
vn -0.0227 0.9072 -0.4202
vn -0.0149 0.5248 -0.8511
vn -0.0146 0.8902 -0.4553
vn -0.0244 0.4897 -0.8716
vn -0.0243 0.9927 -0.1185
vn -0.0125 0.9868 -0.1614
vn -0.0191 0.3915 -0.9200
vn -0.0172 0.3854 -0.9226
vn -1.0000 0.0086 -0.0000
vn -1.0000 0.0003 -0.0006
vn -1.0000 0.0004 -0.0007
vn -1.0000 0.0046 0.0007
vn -1.0000 0.0006 -0.0000
vn -0.9999 -0.0095 -0.0060
vn -1.0000 0.0005 -0.0006
vn -1.0000 -0.0004 -0.0064
vn -1.0000 0.0002 -0.0006
vn -1.0000 0.0004 -0.0001
vn -1.0000 0.0003 -0.0001
vn -1.0000 0.0002 -0.0002
vn -1.0000 -0.0007 -0.0011
vn -0.9995 0.0166 -0.0254
vn 0.5936 0.0003 -0.8048
vn 0.5816 -0.0001 -0.8135
vn 0.5768 0.0002 -0.8169
vn 0.5703 -0.0001 -0.8215
vn 0.5941 -0.0001 -0.8044
vn 0.5512 0.0016 -0.8344
vn 0.5172 -0.0002 -0.8559
vn 0.5325 0.0010 -0.8464
vn -0.5360 -0.0034 0.8442
vn 0.5059 -0.0028 -0.8626
vn 0.0442 0.9990 0.0031
vn 0.0568 0.9984 0.0001
vn 0.0243 -0.0023 0.9997
vn 0.4896 0.0021 0.8719
vn 0.5245 -0.0003 0.8514
vn 0.5443 0.0003 0.8389
vn 0.5511 0.0001 0.8344
vn 0.1147 -0.0088 0.9934
vn 0.5442 0.0003 0.8390
vn 0.1199 0.0078 0.9927
vn 0.2105 0.0065 0.9776
vn 0.5721 0.0002 0.8202
vn 0.2153 -0.0084 0.9765
vn 0.5816 -0.0005 0.8135
vn 0.5187 -0.0011 0.8549
vn 0.3139 -0.0041 0.9495
vn 0.3249 0.0300 0.9453
vn 0.3845 -0.0246 0.9228
vn 0.4179 0.0308 0.9080
vn 0.5089 0.0010 0.8608
vn 0.4686 -0.0062 0.8834
vn 0.4611 -0.0183 0.8872
vn 0.4774 -0.0005 0.8787
vn 0.5154 0.0005 0.8570
vn 0.5144 -0.0023 0.8575
vn -0.4552 0.7502 -0.4796
vn -0.2381 0.9423 -0.2356
vn -0.4825 0.7287 -0.4860
vn -0.3982 0.8291 -0.3924
vn -0.5013 0.7677 -0.3991
vn -0.8142 0.3690 -0.4482
vn -0.7154 0.5778 -0.3927
vn -0.7148 0.5809 -0.3893
vn -0.9851 0.1717 0.0101
vn -0.7861 0.5575 -0.2670
vn -0.7867 0.5559 -0.2686
vn -0.6095 0.7461 -0.2680
vn -0.8118 0.1352 -0.5680
vn -0.8111 0.1644 -0.5613
vn -0.8553 0.5180 -0.0074
vn -0.8892 0.2313 -0.3948
vn -0.8716 0.2461 -0.4241
vn -0.9670 0.2192 -0.1299
vn -0.7387 0.3042 -0.6015
vn -0.7909 0.3877 -0.4735
vn -0.7526 0.3667 -0.5470
vn -0.9529 0.2218 -0.2069
vn -0.6968 0.3102 -0.6467
vn -0.8000 0.5265 -0.2877
vn -0.8547 0.5165 -0.0522
vn -0.7625 0.5293 -0.3720
vn -0.8164 0.5736 -0.0670
vn -0.5846 0.5263 -0.6174
vn -0.6729 0.7373 -0.0594
vn -0.4482 0.5381 -0.7138
vn -0.6143 0.7883 -0.0357
vn -0.7293 0.6636 -0.1670
vn -0.3989 0.1985 -0.8953
vn -0.5293 0.8464 -0.0579
vn -0.4625 0.8447 -0.2695
vn -0.7227 0.6633 -0.1940
vn -0.3764 0.3792 -0.8453
vn -0.6435 0.7322 -0.2232
vn -0.4013 0.9154 -0.0318
vn -0.5247 0.8443 -0.1088
vn -0.4163 0.8521 -0.3172
vn -0.3491 0.7712 -0.5323
vn -0.4317 0.8875 -0.1612
vn -0.3762 0.3079 -0.8739
vn -0.2724 0.9169 -0.2918
vn -0.2890 0.9531 -0.0896
vn -0.2987 0.9501 -0.0899
vn -0.2055 0.9618 -0.1809
vn -0.9557 0.2792 -0.0931
vn -0.8984 0.4301 -0.0883
vn -0.4207 0.4962 -0.7594
vn -0.1976 0.9027 -0.3823
vn -0.9109 0.3102 -0.2721
vn -0.0906 0.9865 -0.1367
vn -0.8772 0.4105 -0.2491
vn -0.5519 0.2087 -0.8074
vn -0.7177 0.3885 -0.5779
vn -0.7122 0.3479 -0.6097
vn -0.8789 0.1871 -0.4388
vn -0.2127 0.9678 -0.1348
vn -0.8135 0.3801 -0.4403
vn -0.2418 0.9598 -0.1428
vn -0.2603 0.9467 -0.1898
vn -0.3948 0.9015 -0.1773
vn -0.8936 0.3060 -0.3284
vn -0.8944 0.3424 -0.2879
vn -0.6087 0.3979 -0.6864
vn -0.6626 0.6352 -0.3967
vn -0.5812 0.6485 -0.4917
vn -0.6145 0.7431 -0.2649
vn -0.4787 0.5820 -0.6574
vn -0.6365 0.1384 -0.7587
vn -0.4451 0.7595 -0.4745
vn -0.3348 0.5907 -0.7342
vn -0.5034 0.1309 -0.8541
vn -0.3471 0.4833 -0.8037
vn -0.2280 0.8956 -0.3821
vn -0.4939 0.2969 -0.8173
vn -0.5344 0.3490 -0.7698
vn -0.5527 0.3672 -0.7481
vn -0.6286 0.1377 -0.7655
vn -0.5674 0.4295 -0.7025
vn -0.4762 0.4183 -0.7735
vn -0.7696 0.1868 -0.6105
vn -0.7531 0.1314 -0.6447
vn -0.6132 0.6009 -0.5127
vn -0.1424 0.9744 -0.1740
vn -0.3245 0.8779 -0.3523
vn -0.6489 0.5681 -0.5061
vn -0.4713 0.8210 -0.3222
vn -0.6774 0.6406 -0.3618
vn -0.3289 0.9119 -0.2454
vn -0.4488 0.8460 -0.2880
vn -0.6146 0.7480 -0.2504
vn -0.5757 0.5416 -0.6125
vn -0.2920 0.6832 -0.6693
vn -0.3866 0.7536 -0.5316
vn -0.2812 0.7464 -0.6032
vn -0.4819 0.2718 -0.8330
vn -0.2326 0.8181 -0.5259
vn -0.4222 0.6589 -0.6226
vn -0.6497 0.2445 -0.7198
vn -0.4224 0.6250 -0.6565
vn -0.3500 0.7391 -0.5755
vn -0.1224 0.9598 -0.2526
vn -0.2778 0.8740 -0.3986
vn -0.5615 0.5422 -0.6251
vn -0.9724 0.2250 0.0622
vn -0.9528 0.2972 0.0626
vn -0.9100 0.4104 0.0587
vn -0.8525 0.5197 0.0568
vn -0.7790 0.6250 0.0500
vn -0.6264 0.7785 0.0391
vn -0.6885 0.7238 0.0449
vn -0.5094 0.8599 0.0336
vn -0.3269 0.9449 0.0200
vn -0.3362 0.9416 0.0204
vn -0.1262 0.9920 0.0075
vn -0.1702 0.9854 0.0091
vn -0.9678 0.2276 0.1079
vn -0.1509 0.9721 0.1796
vn -0.9506 0.2975 0.0884
vn -0.8560 0.5061 0.1054
vn -0.8691 0.4854 0.0945
vn -0.7146 0.0964 0.6928
vn -0.9316 0.0107 0.3633
vn -0.5939 0.1280 0.7943
vn -0.6465 0.4276 0.6319
vn -0.6741 0.5401 0.5038
vn -0.9101 0.0411 0.4123
vn -0.3268 0.2045 0.9227
vn -0.6698 0.6173 0.4126
vn -0.2660 0.2178 0.9391
vn -0.7213 0.1356 0.6792
vn -0.8541 0.0728 0.5149
vn -0.6530 0.6819 0.3297
vn -0.6641 0.6899 0.2880
vn -0.5617 0.1843 0.8065
vn -0.5840 0.1850 0.7904
vn -0.7621 0.1359 0.6331
vn -0.6896 0.7184 0.0912
vn -0.4484 0.2190 0.8666
vn -0.7125 0.2823 0.6424
vn -0.6924 0.2960 0.6580
vn -0.5756 0.3255 0.7501
vn -0.7827 0.2496 0.5702
vn -0.7355 0.1846 0.6519
vn -0.7464 0.1885 0.6382
vn -0.4505 0.4208 0.7874
vn -0.1821 0.2902 0.9395
vn -0.2660 0.4881 0.8312
vn -0.4327 0.5032 0.7480
vn -0.3737 0.2839 0.8830
vn -0.2752 0.5471 0.7905
vn -0.9082 0.0916 0.4085
vn -0.5793 0.2565 0.7737
vn -0.5769 0.2567 0.7755
vn -0.9613 0.0326 0.2736
vn -0.8797 0.1326 0.4566
vn -0.2806 0.3065 0.9096
vn -0.5455 0.6320 0.5504
vn -0.7311 0.5151 0.4474
vn -0.4619 0.2948 0.8365
vn -0.2177 0.3619 0.9064
vn -0.5235 0.7172 0.4600
vn -0.7185 0.5972 0.3566
vn -0.3791 0.3587 0.8530
vn -0.8561 0.1808 0.4842
vn -0.7213 0.6594 0.2119
vn -0.2704 0.3826 0.8834
vn -0.5656 0.7950 0.2191
vn -0.7756 0.6065 0.1749
vn -0.7508 0.6430 0.1510
vn -0.7647 0.6343 0.1138
vn -0.5907 0.7948 0.1390
vn -0.5906 0.7988 0.1143
vn -0.8849 0.1945 0.4233
vn -0.9546 0.0907 0.2837
vn -0.4750 0.3821 0.7927
vn -0.5913 0.3995 0.7005
vn -0.5023 0.4334 0.7482
vn -0.9199 0.1640 0.3562
vn -0.4598 0.7168 0.5242
vn -0.4261 0.8156 0.3914
vn -0.9831 0.0301 0.1805
vn -0.7725 0.3319 0.5413
vn -0.2314 0.5256 0.8187
vn -0.5192 0.8362 0.1764
vn -0.4421 0.8815 0.1661
vn -0.7468 0.3667 0.5549
vn -0.9051 0.2235 0.3616
vn -0.4998 0.8613 0.0914
vn -0.3958 0.9127 0.1017
vn -0.5493 0.5093 0.6625
vn -0.8452 0.3234 0.4256
vn -0.4739 0.5279 0.7048
vn -0.9506 0.1636 0.2638
vn -0.7720 0.3870 0.5043
vn -0.3550 0.7617 0.5421
vn -0.4266 0.7929 0.4350
vn -0.4091 0.8274 0.3847
vn -0.2745 0.6226 0.7328
vn -0.5515 0.5454 0.6312
vn -0.6932 0.4835 0.5345
vn -0.3620 0.9248 0.1171
vn -0.2610 0.6615 0.7031
vn -0.1729 0.4552 0.8734
vn -0.4431 0.6377 0.6301
vn -0.2261 0.6061 0.7626
vn -0.2796 0.7318 0.6215
vn -0.8309 0.4040 0.3826
vn -0.3030 0.7666 0.5661
vn -0.2971 0.8201 0.4891
vn -0.3765 0.6642 0.6458
vn -0.2380 0.8954 0.3763
vn -0.1667 0.9353 0.3121
vn -0.1485 0.7032 0.6953
vn -0.2424 0.9465 0.2133
vn -0.2627 0.9577 0.1173
vn -0.8739 0.3599 0.3269
vn -0.9170 0.2812 0.2829
vn -0.5697 0.1249 0.8123
vn -0.1272 0.7504 0.6486
vn -0.9471 0.2346 0.2190
vn -0.1126 0.9910 0.0722
vn -0.8072 0.4976 0.3174
vn -0.0895 0.8372 0.5395
vn -0.1875 0.8524 0.4881
vn -0.9375 0.2840 0.2011
vn -0.8703 0.4339 0.2328
vn -0.8663 0.4403 0.2359
vn -0.9690 0.1993 0.1461
vn -0.0970 0.8963 0.4328
vn -0.7228 0.6419 0.2560
vn -0.5334 0.8040 0.2628
vn -0.9595 0.2498 0.1301
vn -0.4217 0.8590 0.2904
vn -0.2756 0.9210 0.2752
vn -0.8642 0.4764 0.1621
vn -0.8704 0.4664 0.1577
vn -0.7356 0.0338 0.6765
vn -0.8858 -0.0190 0.4637
vn -0.5143 0.0835 0.8535
vn -0.3208 0.1106 0.9407
vn -0.3140 0.0874 0.9454
vn -0.3018 -0.0155 0.9532
vn -0.5735 0.0420 0.8181
vn -0.7361 0.0059 0.6769
vn -0.0905 0.0019 0.9959
vn -0.0618 -0.1275 0.9899
vn -0.2533 0.0764 0.9644
vn -0.7573 -0.0031 0.6530
vn -0.0995 0.2057 0.9735
vn -0.5378 0.0227 0.8428
vn -0.2870 0.0603 0.9560
vn -0.9355 -0.0608 0.3481
vn -0.5510 0.0165 0.8343
vn -0.7061 -0.0178 0.7079
vn -0.9111 -0.0593 0.4079
vn -0.8000 -0.0426 0.5984
vn -0.7059 -0.0178 0.7080
vn -0.2724 -0.4177 0.8668
vn -0.1911 -0.3680 0.9100
vn -0.1797 -0.4322 0.8837
vn -0.5470 -0.0332 0.8365
vn -0.5936 -0.0450 0.8035
vn -0.0715 -0.3878 0.9190
vn -0.8230 -0.0913 0.5607
vn -0.9203 -0.0970 0.3790
vn -0.3628 -0.0339 0.9313
vn -0.8919 -0.1114 0.4384
vn -0.7853 0.0479 0.6173
vn -0.7844 -0.1554 0.6004
vn -0.8862 -0.1809 0.4265
vn -0.6580 -0.3876 0.6456
vn -0.4140 0.1521 0.8975
vn -0.9095 -0.0126 0.4156
vn -0.3826 0.1436 0.9127
vn -0.6007 0.0972 0.7935
vn -0.2554 0.1477 0.9555
vn -0.2825 0.1070 0.9533
vn -0.5740 0.0639 0.8163
vn -0.8825 -0.0281 0.4694
vn -0.5668 0.0421 0.8228
vn -0.8246 -0.0215 0.5653
vn -0.2446 0.0461 0.9685
vn -0.8570 -0.0439 0.5134
vn -0.2958 0.0292 0.9548
vn -0.4857 0.0039 0.8741
vn -0.6616 -0.0901 0.7444
vn -0.7574 -0.1178 0.6423
vn -0.9112 -0.1599 0.3796
vn -0.4835 -0.1304 0.8656
vn -0.5677 -0.1475 0.8100
vn -0.4244 -0.1786 0.8877
vn -0.7416 -0.2213 0.6333
vn -0.6350 -0.1984 0.7466
vn -0.2181 -0.1294 0.9673
vn -0.7741 -0.2870 0.5643
vn -0.2284 -0.2157 0.9494
vn -0.5866 -0.3310 0.7392
vn -0.4970 -0.3191 0.8070
vn -0.7563 -0.3376 0.5604
vn -0.3425 -0.3526 0.8708
vn -0.1569 -0.2565 0.9537
vn -0.4306 -0.3839 0.8168
vn -0.0955 -0.4400 0.8929
vn -0.0474 -0.2326 0.9714
vn -0.0325 -0.1958 0.9801
vn -0.0343 -0.4638 0.8853
vn -0.0155 -0.3381 0.9410
vn -0.8318 0.0318 0.5541
vn -0.3168 0.1510 0.9364
vn -0.5035 0.1097 0.8570
vn -0.8994 -0.0030 0.4371
vn -0.7422 0.0506 0.6682
vn -0.8767 -0.0121 0.4808
vn -0.7550 0.0327 0.6549
vn -0.1771 -0.8849 0.4308
vn -0.0925 -0.8606 0.5008
vn -0.1173 -0.8968 0.4265
vn -0.0643 -0.9593 0.2749
vn -0.0905 -0.9844 0.1509
vn -0.8541 -0.4622 0.2385
vn -0.4856 -0.8740 -0.0188
vn -0.3185 -0.9459 0.0612
vn -0.4902 -0.8611 0.1351
vn -0.3571 -0.9264 0.1189
vn -0.7402 -0.6722 -0.0197
vn -0.8972 -0.4403 -0.0329
vn -0.6776 -0.6296 0.3800
vn -0.5790 -0.7852 0.2198
vn -0.4808 -0.7147 0.5080
vn -0.5479 -0.7633 0.3423
vn -0.5133 -0.7777 0.3630
vn -0.3236 -0.8004 0.5046
vn -0.4091 -0.8444 0.3458
vn -0.2517 -0.8297 0.4983
vn -0.8889 -0.4483 0.0946
vn -0.1357 -0.9907 0.0033
vn -0.2952 -0.9299 0.2194
vn -0.2089 -0.9505 0.2299
vn -0.8466 -0.5138 0.1390
vn -0.3982 -0.9171 0.0205
vn -0.7333 -0.6700 0.1158
vn -0.0208 -0.9706 0.2399
vn -0.7026 -0.6843 0.1952
vn -0.0223 -0.8670 0.4978
vn -0.7381 -0.6223 0.2605
vn -0.3665 -0.7598 0.5370
vn -0.0189 -0.9662 0.2571
vn -0.7096 -0.7003 0.0772
vn -0.9310 -0.3640 -0.0271
vn -0.8954 -0.4448 -0.0205
vn -0.7945 -0.6063 -0.0344
vn -0.6863 -0.7270 -0.0211
vn -0.5951 -0.8036 -0.0118
vn -0.8463 -0.5327 0.0107
vn -0.2827 -0.9592 -0.0102
vn -0.7928 -0.6094 0.0094
vn -0.3774 -0.9261 -0.0043
vn -0.5807 -0.8129 0.0436
vn -0.5585 -0.8282 0.0470
vn 0.6319 -0.7750 -0.0008
vn -0.9277 -0.3734 0.0000
vn -0.8809 -0.4734 -0.0009
vn -0.3731 -0.9278 -0.0012
vn -0.7870 -0.6170 0.0005
vn -0.9421 -0.3352 0.0004
vn -0.3815 -0.9244 0.0001
vn -0.4072 -0.9133 -0.0009
vn -0.5044 -0.8635 0.0000
vn -0.5953 -0.8035 -0.0007
vn -0.4083 -0.9128 0.0002
vn -0.7818 -0.6235 -0.0018
vn -0.9092 -0.4163 0.0041
vn -0.7557 -0.6549 0.0014
vn -0.7982 -0.6023 0.0005
vn -0.2897 -0.9571 0.0076
vn -0.7376 -0.6753 0.0001
vn -0.2113 -0.9774 -0.0001
vn -0.3983 -0.9173 0.0002
vn -0.4769 -0.8790 0.0014
vn -0.9352 -0.3541 -0.0002
vn -0.3831 -0.9237 -0.0008
vn -0.2282 -0.9736 0.0001
vn -0.6519 -0.7583 0.0020
vn -0.6511 -0.7590 -0.0012
vn -0.7811 -0.6245 -0.0008
vn -0.9274 -0.3741 -0.0004
vn -0.6872 -0.7265 0.0001
vn -0.3498 -0.9368 -0.0004
vn -0.7546 -0.6562 0.0066
vn -0.8762 -0.4820 -0.0031
vn -0.5064 -0.8623 0.0018
vn -0.3023 -0.9532 -0.0003
vn -0.3251 -0.9457 -0.0008
vn -0.7883 -0.6153 0.0003
vn -0.5842 -0.8116 -0.0019
vn -0.6361 -0.7716 0.0065
vn -0.2700 -0.9629 0.0021
vn -0.5076 -0.8616 0.0009
vn -0.9364 -0.3509 0.0008
vn -0.7598 -0.6502 -0.0006
vn -0.6744 -0.7384 0.0003
vn -0.5223 -0.8528 0.0004
vn -0.8017 -0.5977 0.0001
vn -0.6844 -0.7291 0.0019
vn -0.8868 -0.4621 -0.0004
vn -0.9430 -0.3328 0.0006
vn -0.5498 -0.8353 -0.0004
vn -0.7188 -0.6952 0.0038
vn -0.8535 -0.5211 0.0005
vn -0.8960 -0.4441 -0.0045
vn -0.8583 -0.5131 -0.0010
vn -0.6521 -0.7581 0.0002
vn -0.4201 -0.9075 -0.0002
vn -0.5937 -0.8047 0.0002
vn -0.6118 -0.7910 -0.0004
vn -0.4185 -0.9082 0.0011
vn -0.4680 -0.8837 -0.0010
vn -0.3691 -0.9294 0.0005
vn -0.5262 -0.8503 -0.0006
vn -0.3174 -0.9483 -0.0004
vn -0.8688 -0.4950 0.0144
vn -0.7474 -0.6644 0.0016
vn -0.8644 -0.5027 0.0123
vn -0.7296 -0.6838 0.0116
vn -0.9513 -0.3076 0.0201
vn -0.5712 -0.8207 0.0142
vn -0.6759 -0.7370 -0.0053
vn -0.9080 -0.4169 -0.0413
vn -0.6903 -0.7235 -0.0046
vn -0.7832 -0.6201 -0.0455
vn -0.1249 -0.9845 -0.1229
vn -0.1318 -0.9597 -0.2480
vn -0.5583 -0.7877 -0.2603
vn -0.2098 -0.9204 -0.3298
vn -0.9140 -0.3970 -0.0838
vn -0.7424 -0.6123 -0.2720
vn -0.2342 -0.8656 -0.4426
vn -0.4325 -0.7843 -0.4448
vn -0.0278 -0.9142 -0.4043
vn -0.0235 -0.9885 -0.1494
vn -0.0570 -0.9036 -0.4245
vn -0.0161 -0.9601 -0.2793
vn -0.4296 -0.9030 -0.0012
vn -0.2474 -0.9688 -0.0175
vn -0.3149 -0.9368 -0.1525
vn -0.3354 -0.9073 -0.2535
vn -0.5727 -0.7968 -0.1924
vn -0.4430 -0.8395 -0.3148
vn -0.6323 -0.6952 -0.3419
vn -0.6009 -0.6630 -0.4464
vn -0.8716 -0.4898 -0.0208
vn -0.5015 -0.8643 -0.0384
vn -0.5835 -0.8110 -0.0415
vn -0.4133 -0.9066 -0.0854
vn -0.7829 -0.6186 -0.0662
vn -0.3808 -0.9207 -0.0854
vn -0.8418 -0.5262 -0.1204
vn -0.6789 -0.7253 -0.1138
vn -0.8255 -0.5356 -0.1779
vn -0.6774 -0.7193 -0.1539
vn -0.7547 -0.6215 -0.2099
vn -0.3608 -0.7873 -0.4999
vn -0.0687 -0.9631 -0.2602
vn -0.1434 -0.8351 -0.5311
vn -0.0804 -0.8651 -0.4951
vn -0.8951 0.4458 -0.0012
vn -0.9305 0.3663 -0.0000
vn -0.8311 0.5562 -0.0001
vn -0.7274 0.6863 -0.0012
vn -0.7417 0.6707 -0.0007
vn -0.5257 0.8506 0.0002
vn -0.4912 0.8710 -0.0007
vn -0.2861 0.9582 -0.0009
vn -0.2361 0.9717 0.0001
vn -0.3622 0.9229 -0.1303
vn -0.3084 0.9439 -0.1178
vn -0.8285 0.5426 -0.1384
vn -0.5231 0.8455 -0.1075
vn -0.9334 0.3439 -0.1028
vn -0.9194 0.3800 -0.1017
vn -0.6106 0.7817 -0.1268
vn -0.7098 0.6971 -0.1016
vn -0.7951 0.5970 -0.1066
vn -0.2871 0.9566 -0.0501
vn -0.3332 0.9406 -0.0656
vn -0.5158 0.8548 -0.0574
vn -0.5172 0.8539 -0.0577
vn -0.8458 0.5295 -0.0655
vn -0.7095 0.7030 -0.0489
vn -0.7164 0.6957 -0.0523
vn -0.8961 0.4407 -0.0523
vn -0.9179 0.3926 -0.0571
vn -0.2962 0.2317 -0.9266
vn -0.3520 0.2184 -0.9102
vn -0.4673 0.2168 -0.8571
vn -0.6258 0.1907 -0.7563
vn -0.6498 0.1963 -0.7343
vn -0.8610 0.1250 -0.4930
vn -0.7740 0.1794 -0.6072
vn -0.9207 0.1173 -0.3723
vn -0.2361 0.6818 -0.6924
vn -0.2601 0.7132 -0.6509
vn -0.4082 0.6918 -0.5956
vn -0.3211 0.3173 -0.8923
vn -0.3422 0.3083 -0.8876
vn -0.5299 0.2816 -0.7999
vn -0.4967 0.7395 -0.4543
vn -0.2821 0.8629 -0.4194
vn -0.2825 0.8626 -0.4196
vn -0.5564 0.2684 -0.7864
vn -0.4597 0.7846 -0.4160
vn -0.5759 0.6883 -0.4410
vn -0.7009 0.6349 -0.3251
vn -0.6811 0.6513 -0.3344
vn -0.2959 0.8917 -0.3425
vn -0.5794 0.7411 -0.3392
vn -0.7277 0.2457 -0.6404
vn -0.9527 0.2589 -0.1593
vn -0.3601 0.8834 -0.2998
vn -0.7853 0.2179 -0.5794
vn -0.3408 0.3641 -0.8668
vn -0.8160 0.2146 -0.5367
vn -0.2292 0.4091 -0.8832
vn -0.4455 0.3630 -0.8184
vn -0.5325 0.3267 -0.7809
vn -0.9104 0.1594 -0.3818
vn -0.6264 0.3262 -0.7080
vn -0.2352 0.4656 -0.8532
vn -0.2951 0.4732 -0.8301
vn -0.3339 0.5059 -0.7953
vn -0.9262 0.1553 -0.3435
vn -0.2737 0.5719 -0.7733
vn -0.5679 0.3993 -0.7197
vn -0.3471 0.6030 -0.7183
vn -0.6465 0.3569 -0.6743
vn -0.7042 0.3434 -0.6214
vn -0.5347 0.7998 -0.2728
vn -0.7980 0.2880 -0.5294
vn -0.5204 0.4672 -0.7148
vn -0.3628 0.2006 -0.9100
vn -0.8483 0.2739 -0.4532
vn -0.9286 0.1940 -0.3164
vn -0.9145 0.2182 -0.3408
vn -0.5827 0.4991 -0.6414
vn -0.6936 0.4458 -0.5658
vn -0.7121 0.4299 -0.5551
vn -0.5065 0.5636 -0.6525
vn -0.5268 0.5952 -0.6068
vn -0.8062 0.3635 -0.4669
vn -0.4689 0.4059 -0.7845
vn -0.3596 0.7130 -0.6019
vn -0.8561 0.3452 -0.3846
vn -0.6473 0.5599 -0.5172
vn -0.6970 0.5099 -0.5042
vn -0.9194 0.2657 -0.2901
vn -0.9273 0.2494 -0.2792
vn -0.2436 0.8176 -0.5217
vn -0.3421 0.7715 -0.5365
vn -0.8175 0.4184 -0.3957
vn -0.6409 0.6062 -0.4710
vn -0.6309 0.6155 -0.4723
vn -0.7715 0.5151 -0.3733
vn -0.5669 0.2488 -0.7853
vn -0.8256 0.4481 -0.3428
vn -0.8774 0.3910 -0.2780
vn -0.9153 0.3256 -0.2373
vn -0.1843 0.9560 -0.2282
vn -0.7750 0.5770 -0.2578
vn -0.8757 0.4349 -0.2097
vn -0.3039 0.9234 -0.2344
vn -0.9125 0.3692 -0.1761
vn -0.8278 0.5132 -0.2269
vn -0.3782 0.9033 -0.2027
vn -0.5906 0.7747 -0.2260
vn -0.5670 0.7979 -0.2046
vn -0.7271 0.6543 -0.2077
vn -0.8121 0.5618 -0.1580
vn -0.1835 0.9741 -0.1318
vn -0.3325 0.1707 -0.9275
vn -0.4276 0.1591 -0.8899
vn -0.7116 0.1169 -0.6928
vn -0.6297 0.1248 -0.7667
vn -0.7762 0.0989 -0.6227
vn -0.2218 0.1508 -0.9634
vn -0.3698 0.1388 -0.9187
vn -0.9078 -0.0300 -0.4183
vn -0.8820 -0.0450 -0.4690
vn -0.4426 0.1229 -0.8882
vn -0.5672 0.1111 -0.8161
vn -0.5989 0.0997 -0.7946
vn -0.8191 0.0676 -0.5696
vn -0.5888 0.0873 -0.8036
vn -0.3917 0.0857 -0.9161
vn -0.6228 0.0770 -0.7786
vn -0.7758 0.0594 -0.6282
vn -0.8775 -0.0971 -0.4696
vn -0.7921 0.0471 -0.6086
vn -0.7723 -0.2196 -0.5961
vn -0.3972 0.0624 -0.9156
vn -0.5698 0.0605 -0.8196
vn -0.9111 0.0363 -0.4106
vn -0.2042 0.0243 -0.9786
vn -0.1216 0.0099 -0.9925
vn -0.3848 0.0600 -0.9210
vn -0.1203 -0.3583 -0.9258
vn -0.1178 -0.2501 -0.9610
vn -0.0833 -0.3769 -0.9225
vn -0.6386 -0.0003 -0.7696
vn -0.3917 0.0248 -0.9198
vn -0.5710 -0.0054 -0.8209
vn -0.4200 -0.4344 -0.7968
vn -0.4515 -0.3066 -0.8379
vn -0.2949 -0.2541 -0.9211
vn -0.2424 -0.1517 -0.9582
vn -0.9392 0.0657 -0.3371
vn -0.2881 0.1850 -0.9396
vn -0.8621 0.0862 -0.4993
vn -0.8974 0.0733 -0.4351
vn -0.7673 0.0902 -0.6350
vn -0.9217 0.0484 -0.3848
vn -0.2425 0.1447 -0.9593
vn -0.7682 0.0382 -0.6390
vn -0.6746 0.0324 -0.7375
vn -0.8587 0.1111 -0.5002
vn -0.1724 0.1285 -0.9766
vn -0.9065 0.0550 -0.4186
vn -0.3036 0.1048 -0.9470
vn -0.3066 0.0993 -0.9466
vn -0.9199 0.0306 -0.3909
vn -0.1655 0.0575 -0.9845
vn -0.8128 -0.0201 -0.5823
vn -0.7243 -0.0384 -0.6884
vn -0.3380 0.0159 -0.9410
vn -0.7404 -0.0832 -0.6670
vn -0.8054 -0.1178 -0.5809
vn -0.6330 -0.3262 -0.7020
vn -0.6823 -0.2229 -0.6962
vn -0.6384 -0.1499 -0.7549
vn -0.4879 -0.1189 -0.8647
vn -0.5324 -0.1136 -0.8388
vn -0.3350 -0.0634 -0.9401
vn -0.4604 -0.3019 -0.8348
vn -0.3208 -0.4453 -0.8359
vn -0.3238 -0.4385 -0.8384
vn -0.2673 -0.0639 -0.9615
vn -0.2691 -0.3020 -0.9145
vn -0.2027 -0.5013 -0.8412
vn -0.0586 -0.0715 -0.9957
vn -0.0737 -0.5210 -0.8504
vn -0.0320 -0.4943 -0.8687
vn -0.0284 -0.2181 -0.9755
vn -0.0178 -0.2871 -0.9577
vn -0.8627 0.1085 -0.4939
vn -0.6384 0.1599 -0.7529
vn -0.7152 0.1385 -0.6851
vn -0.5367 0.1644 -0.8276
vn -0.5085 0.1561 -0.8468
vn -0.0099 -0.0462 0.9989
vn -0.0398 -0.1117 0.9929
vn 0.9995 0.0142 0.0290
vn 0.9162 -0.1459 -0.3732
vn 0.1266 -0.5427 -0.8303
vn 0.4505 -0.4771 -0.7546
vn 0.2137 -0.5553 -0.8038
vn 0.8218 -0.2779 -0.4974
vn 0.5613 -0.4550 -0.6913
vn 0.9655 -0.1160 -0.2330
vn 0.7999 -0.2865 -0.5273
vn 0.4427 -0.4814 -0.7565
vn 0.0654 -0.6563 -0.7517
vn 0.2329 -0.1358 -0.9630
vn 0.2316 -0.1349 -0.9634
vn 0.4354 -0.6059 -0.6658
vn 0.2141 -0.6155 -0.7584
vn 0.6914 -0.0956 -0.7161
vn 0.6216 -0.5124 -0.5925
vn 0.7330 -0.4605 -0.5007
vn 0.0441 -0.2645 -0.9634
vn 0.8226 -0.3692 -0.4324
vn 0.9480 -0.2079 -0.2411
vn 0.3828 -0.3350 -0.8609
vn 0.2324 -0.2467 -0.9408
vn 0.9342 -0.2262 -0.2758
vn 0.6020 -0.1816 -0.7776
vn 0.6451 -0.1939 -0.7391
vn 0.2582 -0.3656 -0.8943
vn 0.8070 -0.1327 -0.5754
vn 0.8329 -0.1326 -0.5373
vn 0.9672 -0.0704 -0.2441
vn 0.6261 -0.2760 -0.7292
vn 0.3662 -0.3643 -0.8563
vn 0.6820 -0.2872 -0.6726
vn 0.1386 -0.4051 -0.9037
vn 0.4607 -0.3740 -0.8049
vn 0.8720 -0.1937 -0.4496
vn 0.9297 -0.0023 -0.3682
vn 0.9233 -0.0031 -0.3841
vn 0.8297 -0.0010 -0.5581
vn 0.7591 -0.0056 -0.6509
vn 0.5973 0.0017 -0.8020
vn 0.2319 -0.0027 -0.9727
vn 0.2534 -0.0005 -0.9674
vn 0.3407 0.9402 0.0012
vn 0.6083 0.7937 0.0045
vn 0.7354 0.6776 0.0048
vn 0.3001 0.9539 0.0012
vn 0.9177 0.3971 0.0090
vn 0.5849 0.8111 0.0016
vn 0.9268 0.3754 -0.0026
vn 0.9441 0.3297 0.0029
vn 0.7522 0.6589 0.0011
vn 0.1454 0.9894 -0.0009
vn 0.5026 0.8645 -0.0018
vn 0.6934 0.7205 0.0006
vn 0.2971 0.9549 -0.0010
vn 0.8583 0.5132 -0.0008
vn 0.0608 0.9982 0.0002
vn 0.7774 0.6290 -0.0042
vn 0.6786 0.7345 0.0035
vn 0.4428 0.8966 -0.0027
vn 0.3045 0.9525 0.0013
vn 0.7784 0.6277 0.0006
vn 0.4441 0.8960 -0.0008
vn 0.9675 0.2527 -0.0010
vn 0.6833 0.7301 -0.0022
vn 0.5006 0.8657 0.0026
vn 0.1085 0.9941 0.0014
vn 0.4675 0.8840 -0.0001
vn 0.8471 0.5314 0.0013
vn 0.7833 0.6217 -0.0021
vn 0.0967 0.9953 0.0035
vn 0.9671 0.2543 -0.0011
vn 0.4666 0.8845 0.0012
vn 0.4104 0.9119 -0.0086
vn 0.8936 0.4488 0.0017
vn 0.5657 0.8246 -0.0010
vn 0.7793 0.6267 0.0007
vn 0.5549 0.8319 0.0003
vn 0.1364 0.7286 -0.6712
vn 0.0077 0.7337 -0.6795
vn 0.1328 0.7245 -0.6764
vn 0.1984 0.7294 -0.6547
vn 0.1973 0.7269 -0.6578
vn 0.3311 0.7318 -0.5958
vn 0.0396 0.7127 -0.7003
vn 0.3144 0.7423 -0.5917
vn 0.0671 0.7375 -0.6720
vn 0.2700 0.7375 -0.6190
vn 0.2922 0.7218 -0.6274
vn 0.3442 0.7326 0.5873
vn 0.3342 0.7224 0.6054
vn 0.3016 0.7330 0.6097
vn 0.2973 0.7283 0.6174
vn 0.2583 0.7233 0.6403
vn 0.2530 0.7273 0.6380
vn 0.1992 0.7398 0.6427
vn 0.1669 0.7121 0.6819
vn 0.1322 0.7370 0.6628
vn 0.0642 0.7314 0.6790
vn 0.0722 0.7247 0.6853
vn 0.0060 0.7280 0.6856
vn 0.0067 0.7285 0.6850
vn -0.0114 -0.5565 0.8308
vn -0.0511 -0.6276 0.7769
vn -0.0120 -0.7642 0.6449
vn -0.0449 -0.8331 0.5513
vn -0.0097 -0.9036 0.4283
vn -0.0499 -0.9492 0.3108
vn -0.0060 -0.9856 0.1690
vn -0.0264 -0.2828 0.9588
vn -0.0325 -0.2798 0.9595
vn -0.0383 -0.3284 0.9438
vn -0.0309 -0.3320 0.9428
vn -0.0068 0.3957 0.9184
vn -0.0622 0.2542 0.9651
vn -0.0163 0.1293 0.9915
vn -0.0250 0.9711 0.2373
vn -0.0309 0.9731 0.2282
vn -0.0052 0.9086 0.4176
vn -0.0592 0.8337 0.5491
vn -0.0187 0.7573 0.6528
vn -0.0385 0.6144 0.7880
vn -0.0306 0.6030 0.7971
vn -0.0496 0.9988 0.0003
vn -0.0330 0.9995 0.0000
vn -0.0319 0.9091 -0.4153
vn -0.0167 0.9228 -0.3850
vn -0.0457 0.9745 -0.2196
vn -0.0246 0.9900 -0.1389
vn -0.0179 -0.0952 -0.9953
vn -0.0417 0.0674 -0.9969
vn -0.0448 0.0744 -0.9962
vn -0.0455 0.3226 -0.9454
vn -0.0285 0.2837 -0.9585
vn -0.0407 0.6086 -0.7924
vn -0.0184 0.5706 -0.8210
vn -0.0250 0.7716 -0.6356
vn -0.0332 0.7832 -0.6209
vn -0.0446 -0.3226 -0.9455
vn -0.0182 -0.3356 -0.9418
vn -0.0298 -0.2804 -0.9594
vn -0.0520 -0.2671 -0.9623
vn -0.0196 -0.9872 -0.1584
vn -0.0457 -0.9555 -0.2914
vn -0.0356 -0.9486 -0.3146
vn -0.0433 -0.8239 -0.5650
vn -0.0273 -0.8419 -0.5390
vn -0.0516 -0.5765 -0.8155
vn -0.0082 -0.6445 -0.7646
vn -0.0436 -0.9991 0.0000
vn -0.0427 -0.9991 0.0000
vn -0.0400 -0.9992 0.0001
vn -0.0488 -0.9988 0.0005
vn -0.8300 0.5578 -0.0000
vn -0.5003 0.8658 -0.0001
vn -0.7433 0.6690 0.0002
vn -0.6833 0.7301 -0.0039
vn -0.6814 0.7044 0.1985
vn -0.5343 0.8249 0.1846
vn -0.8064 0.5885 -0.0578
vn -0.8175 0.5605 0.1325
vn -0.7752 0.5893 -0.2273
vn -0.6810 0.7008 -0.2126
vn -0.5833 0.7190 0.3779
vn -0.6263 0.6479 -0.4334
vn -0.9510 0.2505 0.1812
vn -0.5923 0.7142 0.3731
vn -0.8097 0.4930 -0.3184
vn -0.7439 0.5141 -0.4270
vn -0.8567 0.3468 0.3818
vn -0.0198 0.7573 0.6528
vn -0.9750 0.1299 -0.1805
vn -0.7315 0.3916 -0.5581
vn -0.5765 0.5204 -0.6299
vn -0.7385 0.4175 0.5294
vn -0.6417 0.4856 0.5936
vn -0.8116 0.2003 -0.5487
vn -0.6642 0.1915 -0.7226
vn -0.8222 -0.0305 -0.5683
vn -0.3978 0.0828 -0.9137
vn -0.7777 -0.0746 -0.6242
vn -0.8452 0.0655 0.5304
vn -0.9099 0.1318 0.3934
vn -0.7094 0.2937 0.6407
vn -0.0951 0.1409 0.9854
vn -0.4556 0.3254 0.8286
vn -0.5813 -0.0511 0.8121
vn -0.7321 0.0448 0.6798
vn -0.8007 -0.1711 -0.5741
vn -0.5935 -0.2538 -0.7637
vn -0.7480 -0.2224 -0.6254
vn -0.6525 -0.2466 0.7165
vn -0.7436 -0.2254 0.6295
vn -0.8969 -0.1449 0.4177
vn -0.8669 -0.1436 0.4774
vn -0.7383 -0.1814 0.6497
vn -0.2594 -0.2751 0.9258
vn -0.9722 -0.1512 0.1787
vn -0.5876 -0.4652 0.6620
vn -0.6289 -0.4368 0.6432
vn -0.7065 -0.6327 0.3172
vn -0.5738 -0.7502 0.3286
vn -0.5059 -0.7564 0.4147
vn -0.4090 -0.6859 0.6019
vn -0.8037 -0.4962 0.3283
vn -0.7961 -0.5723 -0.1967
vn -0.7099 -0.6158 -0.3419
vn -0.5922 -0.6834 -0.4270
vn -0.6577 -0.4699 -0.5887
vn -0.7114 -0.4511 -0.5389
vn -0.6886 -0.7175 0.1050
vn -0.6435 -0.7546 0.1285
vn -0.7382 -0.6657 -0.1088
vn -0.6493 -0.7546 -0.0948
vn -0.5540 -0.8325 0.0000
vn -0.7329 -0.6803 -0.0002
vn -0.6740 -0.7387 -0.0006
vn -0.6638 -0.7479 0.0007
vn -0.6992 -0.7149 0.0003
vn -0.7840 -0.6208 -0.0000
vn -0.6459 -0.7634 -0.0056
vn -0.5970 -0.8022 -0.0024
vn 0.0184 0.0000 0.9998
vn 0.0182 0.0003 0.9998
vn 0.0186 -0.0001 0.9998
vn -0.5221 0.8529 -0.0008
vn -0.6668 0.7453 0.0005
vn -0.7658 0.6431 -0.0007
vn -0.9628 0.2702 -0.0009
vn -0.3095 0.5697 -0.7613
vn -0.4111 0.6840 -0.6026
vn -0.4754 0.6734 -0.5662
vn -0.7608 0.4938 -0.4211
vn -0.8040 0.4375 -0.4028
vn -0.4172 0.8367 -0.3547
vn -0.4508 0.8180 -0.3572
vn -0.9812 0.1732 -0.0850
vn -0.7831 0.5715 -0.2451
vn -0.7785 0.5777 -0.2453
vn -0.9622 0.2396 -0.1297
vn -0.2780 0.9439 -0.1784
vn -0.9719 0.0877 -0.2186
vn -0.5975 0.2192 -0.7713
vn -0.3085 0.3074 -0.9002
vn -0.8125 0.0759 -0.5780
vn -0.8908 0.0724 -0.4485
vn -0.7663 0.2127 -0.6062
vn -0.3293 0.3723 -0.8677
vn -0.4206 0.1382 -0.8967
vn -0.5939 0.1486 -0.7907
vn -0.9098 0.1210 -0.3971
vn -0.5358 0.3763 -0.7559
vn -0.8236 0.2660 -0.5009
vn -0.7478 0.2849 -0.5997
vn -0.4184 0.0027 -0.9082
vn -0.2701 -0.0016 -0.9628
vn -0.7887 -0.0008 -0.6147
vn -0.7772 -0.0016 -0.6292
vn -0.9933 -0.0004 -0.1159
vn -0.9863 -0.0024 -0.1650
vn -0.4204 -0.4893 -0.7641
vn 0.0077 -0.7751 -0.6318
vn -0.7774 -0.3351 -0.5322
vn -0.7909 -0.3315 -0.5144
vn -0.3269 -0.3466 -0.8792
vn -0.4371 -0.7268 -0.5298
vn -0.4578 -0.3509 -0.8169
vn -0.5801 -0.6228 -0.5250
vn -0.8134 -0.2351 -0.5320
vn -0.7653 -0.2463 -0.5947
vn -0.8695 -0.3908 -0.3022
vn -0.3049 -0.2632 -0.9153
vn -0.9705 -0.0806 -0.2271
vn -0.8963 -0.3420 -0.2823
vn -0.7543 -0.1744 -0.6329
vn -0.3985 -0.2250 -0.8891
vn -0.8282 -0.1236 -0.5467
vn -0.2991 -0.1586 -0.9410
vn -0.9343 -0.0804 -0.3473
vn -0.4019 -0.1160 -0.9083
vn -0.4945 -0.6198 -0.6094
vn -0.5893 -0.5422 -0.5989
vn -0.7238 -0.0664 -0.6868
vn -0.9978 -0.0412 -0.0511
vn -0.3007 -0.4680 -0.8310
vn -0.7760 -0.4071 -0.4818
vn -0.2917 -0.5638 -0.7727
vn -0.8753 -0.3213 -0.3613
vn -0.9670 -0.1570 -0.2007
vn 0.0117 0.9999 -0.0001
vn 0.0475 0.9989 0.0011
vn 0.0344 0.9989 -0.0328
vn 0.0129 0.9999 -0.0004
vn 0.0022 1.0000 -0.0011
vn 0.0177 -0.7721 -0.6353
vn 0.0458 -0.7410 -0.6699
vn -0.0130 -0.7195 -0.6944
vn 0.0551 -0.6055 -0.7939
vn 0.0426 -0.6023 -0.7972
vn -0.0065 -0.4799 -0.8773
vn 0.0740 -0.4348 -0.8975
vn -0.0090 -0.3803 -0.9248
vn 0.0446 -0.2834 -0.9580
vn 0.0328 -0.2762 -0.9606
vn 0.0463 -0.1874 -0.9812
vn 0.0049 -0.1621 -0.9868
vn 0.0679 -0.0763 -0.9948
vn -0.0036 -0.0007 -1.0000
vn -0.0055 -0.0009 -1.0000
vn 0.0522 0.0845 -0.9951
vn -0.0551 0.1696 -0.9840
vn 0.0387 0.2381 -0.9705
vn -0.0476 0.2995 -0.9529
vn 0.0562 0.4225 -0.9046
vn 0.0582 0.4233 -0.9041
vn -0.0155 0.5745 -0.8183
vn 0.0821 0.6940 -0.7153
vn -0.0219 0.7842 -0.6201
vn 0.0330 0.8703 -0.4914
vn 0.0016 0.8977 -0.4406
vn 0.0680 0.9427 -0.3267
vn -0.0427 0.9845 -0.1700
vn 0.2558 0.9011 -0.3501
vn 0.4992 0.8360 -0.2278
vn 0.6447 0.6901 -0.3287
vn 0.5158 0.8204 -0.2467
vn 0.9018 0.3502 -0.2532
vn 0.8379 0.4933 -0.2337
vn 0.7416 0.5165 -0.4280
vn 0.5526 0.5854 -0.5932
vn 0.7146 0.5893 -0.3769
vn 0.9307 0.0773 -0.3575
vn 0.5469 0.0893 -0.8324
vn 0.6526 0.2211 -0.7247
vn 0.3208 0.2238 -0.9203
vn 0.7883 0.2712 -0.5522
vn 0.6380 0.3121 -0.7040
vn 0.6183 0.1172 -0.7772
vn 0.7420 0.0025 -0.6704
vn 0.8754 -0.0027 -0.4834
vn 0.8661 -0.1334 -0.4818
vn 0.6782 -0.5388 -0.4997
vn 0.7003 -0.0705 -0.7104
vn 0.8476 -0.4066 -0.3408
vn 0.8998 -0.3385 -0.2751
vn 0.7327 -0.2107 -0.6472
vn 0.4708 -0.3802 -0.7961
vn 0.6933 -0.1229 -0.7101
vn 0.8773 -0.2678 -0.3982
vn 0.6435 -0.4679 -0.6058
vn 0.0191 0.0001 -0.9998
vn 0.0216 0.0000 0.9998
vn 0.0196 0.0069 0.9998
vn 0.8232 -0.4593 -0.3338
vn 0.9547 -0.2398 -0.1761
vn 0.6473 -0.6075 -0.4603
vn 0.7793 -0.4966 -0.3823
vn 0.6009 -0.6277 -0.4949
vn 0.4027 -0.7239 -0.5602
vn 0.0834 -0.7803 -0.6198
vn 0.9994 -0.0238 -0.0253
vn 0.9413 -0.2652 -0.2088
vn 0.1720 -0.8110 -0.5592
vn -0.8476 -0.4066 -0.3408
vn -0.8232 -0.4593 -0.3338
vn -0.6474 -0.6074 -0.4603
vn -0.4027 -0.7239 -0.5602
vn -0.9994 -0.0238 -0.0253
vn -0.9413 -0.2652 -0.2088
vn 0.8470 -0.4075 -0.3412
vn 0.8233 -0.4592 -0.3337
vn 0.6474 -0.6074 -0.4603
vn 0.2157 -0.8464 -0.4869
vn 0.9994 -0.0240 -0.0256
vn 0.9414 -0.2650 -0.2088
vn 0.7999 0.0000 0.6002
vn -0.9497 0.0000 -0.3130
vn 0.0257 0.0000 -0.9997
vn 0.3625 0.0000 0.9320
vn -0.3625 0.0000 0.9320
vn 0.0193 0.0000 0.9998
vn 1.0000 0.0000 0.0003
vn -0.0257 0.0000 -0.9997
vn 0.6664 0.0000 -0.7456
vn 0.9497 0.0000 -0.3130
vn -0.6664 0.0000 -0.7456
vn -0.0193 0.0000 0.9998
vn -0.7999 0.0000 0.6002
vn -1.0000 0.0000 0.0003
vn 0.0174 -0.9998 -0.0001
vn -0.0176 -0.9998 0.0000
vn -0.0175 -0.9998 -0.0002
vn 0.0175 -0.9998 -0.0001
vn 0.0175 -0.9998 -0.0002
vn 0.0176 -0.9998 0.0000
vn -0.0174 -0.9998 -0.0001
vn -0.0175 -0.9998 -0.0001
vn -0.0000 -0.9877 0.1566
vn 0.0000 -0.9917 -0.1284
vn -0.1157 -0.4335 0.8937
vn -0.7510 0.0000 0.6603
vn 0.0000 -0.3441 0.9389
vn 0.1935 -0.4720 0.8601
vn 0.1157 -0.4335 0.8937
vn 0.7517 -0.0000 0.6595
vn -0.1939 -0.4722 0.8599
vn 0.0000 -0.3439 0.9390
vn 0.5027 -0.0038 -0.8645
vn -0.1935 -0.4720 0.8601
vn 0.2120 0.0037 -0.9773
vn -0.0291 -0.0016 -0.9996
vn 0.3062 -0.0061 -0.9519
vn -0.4154 -0.0054 -0.9096
vn 0.2167 0.0017 -0.9762
vn -0.2097 0.0047 -0.9778
vn -0.5026 -0.0031 -0.8645
vn -0.3449 0.0074 -0.9386
vn 0.4415 0.0019 -0.8972
vn -0.2528 0.0086 -0.9675
vn -0.0002 0.0500 -0.9987
vn -0.3613 0.0166 -0.9323
vn 0.0001 -0.3441 0.9389
vn 0.4816 -0.0007 -0.8764
vn 0.0917 0.0037 -0.9958
vn 0.0290 -0.0017 -0.9996
vn 0.1204 -0.0046 -0.9927
vn -0.0190 0.0001 -0.9998
vn -0.4817 -0.0008 -0.8763
vn -0.2169 0.0017 -0.9762
vn 0.3449 0.0074 -0.9386
vn 0.0190 0.0001 -0.9998
vn 0.1931 -0.4719 0.8603
vn -0.0917 0.0037 -0.9958
vn 0.1155 -0.4336 0.8937
vn 0.4155 -0.0054 -0.9096
vn -0.3063 -0.0061 -0.9519
vn -0.1151 -0.4331 0.8939
vn -0.4415 0.0019 -0.8973
vn -0.0191 0.0001 -0.9998
vn -0.5119 -0.0080 -0.8590
vn 0.5058 -0.0028 -0.8627
vn 0.5055 -0.0029 -0.8628
vn 0.0184 0.0001 -0.9998
vn -0.7513 -0.0000 0.6600
vn 0.7511 0.0000 0.6602
vn 0.7510 0.0000 0.6603
vn 0.5026 -0.0038 -0.8645
vn -0.0290 -0.0017 -0.9996
vn 0.3063 -0.0061 -0.9519
vn -0.4153 -0.0054 -0.9096
vn 0.2169 0.0017 -0.9762
vn -0.5180 -0.0061 -0.8554
vn 0.4410 0.0017 -0.8975
vn 0.4415 0.0019 -0.8973
vn -0.1204 -0.0046 -0.9927
vn 0.4511 0.0425 -0.8915
vn -0.0059 0.0502 -0.9987
vn -0.0042 0.0489 -0.9988
vn -0.0001 0.0500 -0.9987
vn 0.0000 0.0499 -0.9988
vn 0.0099 0.4053 -0.9141
vn -0.2775 0.0373 -0.9600
vn -0.0645 0.2397 -0.9687
vn -0.4738 0.0240 -0.8803
vn -0.2774 0.0373 -0.9600
vn 0.0289 -0.0017 -0.9996
vn 0.1209 -0.0046 -0.9927
vn -0.2167 0.0017 -0.9762
vn -0.0916 0.0037 -0.9958
vn 0.4154 -0.0054 -0.9096
vn -0.3062 -0.0061 -0.9519
vn -0.3879 0.8189 0.4230
vn -0.1460 0.8436 -0.5167
vn -0.1069 0.6182 0.7787
vn -0.5896 -0.0082 -0.8077
vn -0.6427 0.6938 -0.3249
vn -0.5374 0.8430 0.0243
vn -0.9027 -0.2764 0.3296
vn -0.1883 0.6692 0.7188
vn -0.2149 0.7627 0.6100
vn -0.3844 0.6512 0.6543
vn -0.4020 0.7428 0.5354
vn -0.5258 0.6633 0.5324
vn -0.5168 0.7483 0.4158
vn -0.6397 0.6565 0.3998
vn -0.6510 0.7195 0.2418
vn -0.6303 0.7439 0.2219
vn -0.7261 0.6832 0.0777
vn -0.6841 0.7280 0.0451
vn -0.7295 0.6787 -0.0845
vn -0.6362 0.7600 -0.1329
vn -0.7237 0.6273 -0.2877
vn -0.5486 0.7693 -0.3275
vn -0.5910 0.6411 -0.4895
vn -0.4253 0.7597 -0.4919
vn -0.4359 0.6577 -0.6143
vn -0.2228 0.7521 -0.6203
vn -0.2496 0.7190 -0.6487
vn -0.0716 0.6704 -0.7385
vn -0.0253 0.7569 0.6531
vn -0.0079 0.7442 -0.6679
vn -0.0246 0.6032 0.7972
vn -0.0935 0.8009 0.5915
vn -0.2219 0.5951 0.7724
vn -0.2683 0.7671 0.5827
vn -0.3244 0.7075 0.6278
vn -0.4120 0.7129 0.5675
vn -0.4381 0.6837 0.5837
vn -0.4931 0.7285 0.4755
vn -0.4945 0.7271 0.4761
vn -0.6183 0.6478 0.4450
vn -0.5607 0.7682 0.3089
vn -0.6058 0.7300 0.3164
vn -0.7192 0.6469 0.2533
vn -0.6266 0.7671 0.1373
vn -0.6672 0.7330 0.1325
vn -0.7619 0.6464 0.0408
vn -0.6410 0.7661 -0.0462
vn -0.6744 0.7359 -0.0603
vn -0.7431 0.6458 -0.1753
vn -0.6029 0.7649 -0.2266
vn -0.6273 0.7388 -0.2465
vn -0.6643 0.6451 -0.3776
vn -0.5150 0.7637 -0.3893
vn -0.5298 0.7420 -0.4107
vn -0.5310 0.6393 -0.5562
vn -0.3935 0.7614 -0.5152
vn -0.4059 0.7058 -0.5806
vn -0.2900 0.7206 -0.6298
vn -0.2962 0.6784 -0.6723
vn -0.1231 0.7270 -0.6755
vn -0.1198 0.6992 -0.7048
vn -0.6242 0.0111 0.7812
vn -0.1649 0.0107 -0.9863
vn -0.5877 -0.0012 0.8091
vn -0.2682 -0.0077 -0.9633
vn -0.6072 0.0084 -0.7945
vn -0.2081 -0.0076 0.9781
vn -0.0190 0.0344 0.9992
vn -0.5914 0.0124 -0.8063
vn -0.9243 0.0037 -0.3816
vn -0.9437 0.0162 -0.3303
vn -0.9988 -0.0199 0.0450
vn -0.9385 0.0172 0.3448
vn -0.9268 0.0115 0.3754
vn -0.2550 0.0295 0.9665
vn -0.2393 -0.0157 0.9708
vn -0.4567 -0.0396 0.8887
vn -0.5014 0.0642 0.8628
vn -0.6667 -0.0730 0.7418
vn -0.7018 0.0435 0.7110
vn -0.8505 0.0086 0.5259
vn -0.8715 -0.1257 0.4740
vn -0.9372 0.1049 0.3326
vn -0.9943 -0.0059 0.1062
vn -0.9886 -0.0729 0.1319
vn -0.9931 0.0234 -0.1150
vn -0.9847 -0.0749 -0.1575
vn -0.9235 0.1143 -0.3661
vn -0.8842 -0.1103 -0.4539
vn -0.7686 0.0695 -0.6360
vn -0.7434 -0.0227 -0.6684
vn -0.5694 0.0069 -0.8220
vn -0.5788 -0.0284 -0.8150
vn -0.3548 0.0684 -0.9324
vn -0.3013 -0.0690 -0.9510
vn -0.0983 -0.0928 -0.9908
vn -0.0571 0.0451 -0.9973
vn -0.0353 0.0325 0.9988
vn -0.9680 -0.0086 -0.2506
vn -0.9742 0.0094 -0.2254
vn -0.4387 -0.0149 0.8985
vn -0.4322 -0.0093 0.9017
vn -0.7699 -0.0080 -0.6381
vn -0.7860 0.0080 -0.6182
vn -0.7699 0.0080 0.6381
vn -0.7860 -0.0080 0.6182
vn -0.4859 0.0069 -0.8740
vn -0.4387 -0.0195 -0.8984
vn -0.1948 0.0245 -0.9805
vn -0.9680 0.0086 0.2506
vn -0.9742 -0.0094 0.2254
vn 0.0130 -0.0503 -0.9987
vn -0.9737 0.0682 -0.2175
vn -0.9099 -0.0775 -0.4075
vn -0.1798 0.0353 0.9831
vn -0.5523 0.0000 0.8336
vn -0.6000 -0.0518 0.7983
vn -0.6819 0.0582 -0.7291
vn -0.4790 -0.0546 -0.8761
vn -0.3447 0.0199 -0.9385
vn -0.9241 0.0496 0.3790
vn -0.9666 -0.0589 0.2495
vn -0.8171 -0.0096 -0.5764
vn -0.7970 0.0089 -0.6039
vn -0.2474 -0.0536 0.9674
vn -0.2478 -0.0094 -0.9688
vn -0.2144 0.0108 -0.9767
vn -0.5315 0.0374 0.8462
vn -0.7912 -0.0311 0.6107
vn -0.8864 0.0180 0.4626
vn -0.9964 -0.0171 0.0825
vn -0.9997 0.0083 0.0231
vn -0.7942 -0.0415 -0.6062
vn -0.0149 -0.0156 0.9998
vn -0.4527 0.0455 -0.8905
vn -0.3183 -0.0169 -0.9479
vn -0.5257 -0.0216 0.8504
vn -0.4426 0.0095 0.8967
vn -0.8004 0.0330 0.5986
vn -0.9239 -0.0339 0.3810
vn -0.9930 0.0234 0.1157
vn -0.9936 -0.0223 -0.1106
vn -0.9217 0.0334 -0.3864
vn 0.6045 0.0142 0.7965
vn 0.5993 0.0074 0.8005
vn 0.7094 -0.0057 0.7048
vn 0.7204 0.0057 0.6935
vn 0.8020 -0.0059 0.5973
vn 0.8117 0.0059 0.5841
vn 0.8786 -0.0059 0.4775
vn 0.8864 0.0060 0.4629
vn 0.9374 -0.0060 0.3481
vn 0.9432 0.0061 0.3322
vn 0.9773 -0.0062 0.2118
vn 0.9808 0.0063 0.1948
vn 0.9975 -0.0062 0.0710
vn 0.9986 0.0064 0.0534
vn 0.9975 -0.0063 -0.0710
vn 0.9960 0.0065 -0.0890
vn 0.9773 -0.0064 -0.2118
vn 0.9733 0.0065 -0.2296
vn 0.9374 -0.0066 -0.3481
vn 0.9307 0.0067 -0.3656
vn 0.8786 -0.0067 -0.4775
vn 0.8694 0.0068 -0.4941
vn 0.8020 -0.0068 -0.5973
vn 0.7903 0.0069 -0.6127
vn 0.7094 -0.0069 -0.7048
vn 0.6907 0.0114 -0.7230
vn 0.6047 -0.0139 -0.7963
vn 0.5718 0.0065 -0.8204
vn 0.0003 1.0000 0.0000
vn 0.0000 1.0000 -0.0000
vn 0.0001 1.0000 0.0002
vn -0.0002 1.0000 -0.0002
vn -0.0002 1.0000 -0.0003
vn -0.0001 1.0000 -0.0003
vn 0.0002 1.0000 -0.0001
vn 0.0001 1.0000 0.0000
vn 0.0002 1.0000 -0.0000
vn -0.0101 0.9970 0.0763
vn -0.0001 1.0000 -0.0000
vn -0.0124 0.9995 -0.0275
vn -0.0360 0.9992 0.0197
vn 0.0080 1.0000 0.0045
vn -0.0006 1.0000 -0.0005
vn 0.0000 1.0000 -0.0001
vn 0.0244 0.9997 -0.0096
vn -0.0938 0.9956 -0.0054
vn 0.0002 1.0000 0.0002
vn 0.0223 0.9992 -0.0320
vn 0.6096 -0.0148 0.7926
vn 0.6375 0.0025 0.7704
vn 0.1642 -0.0083 -0.9864
vn 0.2838 0.0427 -0.9579
vn 0.6621 -0.0466 -0.7480
vn 0.0671 0.0195 0.9976
vn 0.8731 0.0649 -0.4831
vn 0.9828 -0.0458 -0.1791
vn 0.9446 0.0318 0.3266
vn 0.9609 0.0025 0.2767
vn 0.4835 -0.0273 0.8749
vn 0.5591 0.0055 0.8291
vn 0.5466 -0.0118 -0.8373
vn 0.5755 0.0118 -0.8177
vn 0.0522 0.0458 0.9976
vn 0.9876 -0.0109 -0.1567
vn 0.9910 0.0029 -0.1340
vn 0.8803 0.0030 0.4744
vn 0.8701 -0.0061 0.4928
vn -0.0003 1.0000 0.0026
vn 0.0000 1.0000 -0.0026
vn 0.0003 1.0000 -0.0026
vn -0.0796 0.9964 0.0305
vn 0.0795 0.9964 -0.0305
vn 0.0997 0.9943 0.0380
vn -0.0652 0.9976 -0.0248
vn 0.0126 -0.9999 0.0007
vn 0.0039 -1.0000 0.0022
vn 0.0197 -0.9998 0.0007
vn 0.0023 -1.0000 -0.0007
vn 0.0137 -0.9999 0.0012
vn -0.0001 -1.0000 -0.0001
vn -0.0001 -1.0000 -0.0002
vn 0.0035 -1.0000 -0.0008
vn 0.0029 -1.0000 0.0005
vn 0.0038 -1.0000 -0.0002
vn 0.0009 -1.0000 -0.0008
vn -0.0000 -1.0000 0.0001
vn -0.5735 0.0088 -0.8191
vn -0.6232 -0.0213 -0.7818
vn -0.6906 0.0169 -0.7230
vn -0.7339 -0.0138 -0.6791
vn -0.7903 0.0138 -0.6126
vn -0.8227 -0.0137 -0.5683
vn -0.8693 0.0138 -0.4941
vn -0.8950 -0.0136 -0.4459
vn -0.9307 0.0138 -0.3656
vn -0.9491 -0.0137 -0.3146
vn -0.9732 0.0137 -0.2296
vn -0.9842 -0.0137 -0.1768
vn -0.9959 0.0136 -0.0890
vn -0.9993 -0.0136 -0.0356
vn -0.9985 0.0136 0.0535
vn -0.9942 -0.0136 0.1065
vn -0.9807 0.0136 0.1948
vn -0.9691 -0.0135 0.2463
vn -0.9431 0.0136 0.3321
vn -0.9244 -0.0135 0.3812
vn -0.8863 0.0135 0.4628
vn -0.8610 -0.0134 0.5084
vn -0.8116 0.0135 0.5841
vn -0.7688 -0.0227 0.6391
vn -0.7202 0.0212 0.6934
vn -0.6003 -0.0133 0.7996
vn -0.6112 0.0043 0.7915
vn -0.0123 -0.9999 -0.0003
vn -0.0028 -1.0000 -0.0022
vn -0.0072 -1.0000 -0.0017
vn 0.0000 -1.0000 -0.0001
vn -0.0029 -1.0000 -0.0005
vn -0.0035 -1.0000 0.0008
vn 0.0001 -1.0000 0.0001
vn -0.0200 -0.9998 -0.0006
vn -0.0010 -1.0000 0.0008
vn -0.0026 -1.0000 0.0007
vn -0.0040 -1.0000 0.0003
vn -0.0000 1.0000 0.0001
vn -0.0001 1.0000 0.0026
vn -0.0001 1.0000 -0.0002
vn 0.0003 1.0000 0.0027
vn 0.0000 1.0000 0.0002
vn -0.0005 1.0000 -0.0025
vn 0.0005 1.0000 0.0027
vn -0.0000 1.0000 -0.0002
vn 0.0004 1.0000 0.0018
vn 0.9959 0.0265 0.0866
vn 0.0214 -0.0062 -0.9998
vn 0.0229 -0.0071 -0.9997
vn 0.9602 -0.0311 0.2776
vn 0.8716 0.0396 0.4885
vn 0.3840 0.0095 -0.9233
vn 0.3877 0.0070 -0.9218
vn 0.7598 -0.0441 0.6486
vn 0.6695 -0.0225 -0.7425
vn 0.5585 0.0398 0.8285
vn 0.7601 0.0351 -0.6489
vn 0.3875 -0.0308 0.9214
vn 0.8853 -0.0309 -0.4640
vn 0.2094 0.0263 0.9775
vn 0.9602 0.0311 -0.2776
vn -0.0270 -0.0432 0.9987
vn 0.9959 -0.0264 -0.0866
vn 0.9737 0.0682 0.2174
vn 0.9099 -0.0775 0.4075
vn 0.1798 0.0353 -0.9831
vn 0.5523 0.0001 -0.8336
vn 0.5999 -0.0518 -0.7984
vn 0.6819 0.0583 0.7292
vn 0.5075 -0.0400 0.8607
vn 0.3447 0.0231 0.9384
vn 0.0909 -0.0346 0.9953
vn 0.9241 0.0496 -0.3790
vn 0.9666 -0.0588 -0.2495
vn 0.1052 0.0972 -0.9897
vn 0.2607 -0.1383 -0.9555
vn 0.3543 0.0713 -0.9324
vn 0.5453 -0.0088 -0.8382
vn 0.5564 -0.0436 -0.8297
vn 0.7064 0.0362 -0.7068
vn 0.7397 -0.0588 -0.6703
vn 0.8433 0.0759 -0.5321
vn 0.8934 -0.0734 -0.4433
vn 0.9375 0.0616 -0.3426
vn 0.9716 -0.0806 -0.2225
vn 0.9892 0.1121 -0.0943
vn 0.9934 -0.1034 0.0488
vn 0.9783 0.0855 0.1888
vn 0.9536 -0.0692 0.2931
vn 0.8969 0.0738 0.4360
vn 0.8709 -0.0465 0.4892
vn 0.7419 0.0145 0.6704
vn 0.7423 0.0130 0.6699
vn 0.5693 -0.0135 0.8220
vn 0.5729 -0.0259 0.8192
vn 0.3551 0.0684 0.9323
vn 0.3013 -0.0694 0.9510
vn 0.0658 0.0172 0.9977
vn 0.0571 0.0461 0.9973
vn -0.0004 1.0000 -0.0002
vn 0.0002 1.0000 0.0001
vn -0.0001 1.0000 -0.0001
vn 0.0001 1.0000 0.0001
vn -0.0004 1.0000 0.0004
vn 0.0002 1.0000 -0.0002
vn -0.0000 1.0000 0.0003
vn -0.6256 -0.7801 -0.0005
vn -0.9701 -0.2427 -0.0001
vn -0.8287 -0.5597 -0.0009
vn -0.9630 -0.2693 0.0003
vn -0.7448 -0.6673 0.0004
vn -0.2605 -0.9655 0.0007
vn -0.3817 -0.9243 -0.0007
vn -0.5197 -0.8543 0.0006
vn -0.8733 -0.4871 0.0000
vn 0.6171 -0.7869 0.0005
vn 0.5586 -0.8294 -0.0003
vn 0.9701 -0.2426 0.0001
vn 0.8313 -0.5559 0.0009
vn 0.9631 -0.2692 -0.0003
vn 0.7506 -0.6608 -0.0004
vn 0.2729 -0.9620 -0.0008
vn 0.3765 -0.9264 0.0007
vn 0.8733 -0.4871 -0.0000
vn -0.9338 -0.0070 0.3578
vn -0.9348 -0.0088 0.3549
vn -0.8153 0.0151 0.5789
vn -0.7322 -0.0035 0.6811
vn -0.7296 -0.0113 0.6838
vn -0.7214 -0.0152 0.6924
vn -0.6213 0.0058 0.7835
vn -0.5635 0.0046 -0.8261
vn -0.7064 0.0011 -0.7079
vn -0.7462 -0.0096 -0.6657
vn -0.7461 -0.0096 -0.6657
vn -0.8153 0.0076 -0.5790
vn -0.9069 -0.0154 -0.4210
vn -0.9344 0.0156 -0.3558
vn 0.9338 -0.0070 -0.3577
vn 0.9348 -0.0087 -0.3550
vn 0.8152 0.0151 -0.5790
vn 0.7258 -0.0052 -0.6879
vn 0.7257 -0.0124 -0.6879
vn 0.7278 -0.0111 -0.6857
vn 0.5733 0.0069 -0.8193
vn 0.5715 0.0013 0.8206
vn 0.7093 -0.0024 0.7049
vn 0.7402 -0.0107 0.6723
vn 0.7406 -0.0109 0.6718
vn 0.8149 0.0077 0.5795
vn 0.9070 -0.0154 0.4209
vn 0.9344 0.0155 0.3558
vn 0.5897 -0.0147 -0.8075
vn 0.3519 -0.0127 0.9360
vn 0.4199 0.0249 -0.9072
vn 0.1796 -0.0128 -0.9837
vn 0.6650 0.0141 0.7467
vn 0.6603 0.0124 0.7509
vn 0.9200 -0.0151 0.3915
vn 0.9819 0.0163 0.1887
vn 0.9989 -0.0118 -0.0450
vn 0.9304 0.0191 -0.3662
vn 0.8812 -0.0079 -0.4726
vn -0.7917 -0.4844 0.3721
vn -0.7736 -0.4703 0.4248
vn -0.6811 -0.5109 0.5246
vn -0.9394 -0.1141 0.3234
vn -0.8968 -0.2559 0.3609
vn -0.8871 -0.2565 0.3838
vn -0.4582 -0.6905 -0.5598
vn -0.4437 -0.7405 -0.5047
vn -0.5609 -0.6449 -0.5191
vn -0.5512 -0.7424 -0.3808
vn -0.5358 -0.7634 -0.3608
vn -0.6837 -0.6454 -0.3407
vn -0.6145 -0.7648 -0.1937
vn -0.6396 -0.7389 -0.2120
vn -0.7514 -0.6459 -0.1350
vn -0.6773 -0.7353 -0.0241
vn -0.7350 -0.6765 -0.0463
vn -0.6921 -0.7172 0.0808
vn -0.6729 -0.7363 0.0721
vn -0.7399 -0.6458 0.1881
vn -0.5993 -0.7645 0.2374
vn -0.6221 -0.7397 0.2566
vn -0.6579 -0.6452 0.3884
vn -0.5212 -0.7548 0.3983
vn -0.5607 -0.6843 0.4661
vn -0.4502 -0.7322 0.5111
vn -0.4659 -0.6868 0.5579
vn -0.6155 -0.6120 -0.4966
vn -0.8851 -0.3323 -0.3260
vn -0.9351 -0.1044 -0.3387
vn -0.6492 -0.6155 -0.4469
vn -0.8590 -0.3322 -0.3896
vn -0.9050 -0.2116 -0.3690
vn -0.7508 -0.4561 -0.4778
vn 0.8013 -0.3747 -0.4664
vn 0.6595 -0.5925 -0.4626
vn 0.6579 -0.5951 -0.4615
vn 0.9392 -0.1139 -0.3240
vn 0.8856 -0.2838 -0.3678
vn 0.8914 -0.2876 -0.3503
vn 0.4472 -0.7000 0.5568
vn 0.4402 -0.7453 0.5008
vn 0.5341 -0.6582 0.5307
vn 0.5717 -0.7013 0.4258
vn 0.5236 -0.7755 0.3527
vn 0.6600 -0.6601 0.3587
vn 0.6709 -0.6984 0.2491
vn 0.6016 -0.7760 0.1896
vn 0.7326 -0.6619 0.1588
vn 0.7169 -0.6953 0.0511
vn 0.7025 -0.7103 0.0442
vn 0.6610 -0.7464 -0.0772
vn 0.7253 -0.6865 -0.0517
vn 0.7453 -0.6469 -0.1615
vn 0.6402 -0.7305 -0.2377
vn 0.5956 -0.7679 -0.2359
vn 0.6693 -0.6478 -0.3638
vn 0.5505 -0.7272 -0.4100
vn 0.5258 -0.7496 -0.4019
vn 0.5300 -0.6646 -0.5267
vn 0.4533 -0.7270 -0.5157
vn 0.4632 -0.6726 -0.5771
vn 0.6229 -0.6024 0.4991
vn 0.7732 -0.4264 0.4694
vn 0.8851 -0.3323 0.3260
vn 0.9351 -0.1043 0.3387
vn 0.6552 -0.6088 0.4472
vn 0.8590 -0.3322 0.3897
vn 0.9050 -0.2116 0.3690
vn 0.0219 0.7038 -0.7101
vn 0.0270 0.7232 -0.6902
vn 0.2018 0.6825 -0.7025
vn 0.2008 0.7250 -0.6588
vn 0.3330 0.6964 -0.6357
vn 0.3304 0.7656 -0.5520
vn 0.4199 0.6778 -0.6036
vn 0.5002 0.6894 -0.5239
vn 0.4597 0.7756 -0.4326
vn 0.5940 0.6596 -0.4605
vn 0.6214 0.6993 -0.3532
vn 0.5630 0.7760 -0.2842
vn 0.6984 0.6610 -0.2743
vn 0.6983 0.6966 -0.1647
vn 0.6201 0.7764 -0.1127
vn 0.7459 0.6628 -0.0666
vn 0.7189 0.6941 0.0385
vn 0.6261 0.7768 0.0678
vn 0.7330 0.6645 0.1456
vn 0.6813 0.6916 0.2400
vn 0.5808 0.7771 0.2425
vn 0.6610 0.6663 0.3452
vn 0.5882 0.6891 0.4233
vn 0.4878 0.7774 0.3971
vn 0.5360 0.6682 0.5160
vn 0.4342 0.6886 0.5808
vn 0.3967 0.7328 0.5529
vn 0.2897 0.7124 0.6392
vn 0.2944 0.6791 0.6725
vn 0.1066 0.7304 0.6747
vn 0.1087 0.7608 0.6398
vn 0.0785 0.6565 -0.7502
vn 0.2141 0.7640 -0.6087
vn 0.2466 0.7254 -0.6427
vn 0.4117 0.6556 -0.6330
vn 0.4285 0.7555 -0.4956
vn 0.5146 0.6850 -0.5157
vn 0.5925 0.7128 -0.3754
vn 0.5743 0.7435 -0.3427
vn 0.7096 0.6553 -0.2589
vn 0.6363 0.7599 -0.1329
vn 0.7484 0.6592 -0.0738
vn 0.6532 0.7559 0.0430
vn 0.7442 0.6514 0.1479
vn 0.6166 0.7532 0.2291
vn 0.6863 0.6460 0.3342
vn 0.5458 0.6789 0.4910
vn 0.5243 0.7397 0.4218
vn 0.4165 0.6862 0.5963
vn 0.4133 0.7254 0.5505
vn 0.1976 0.7713 0.6051
vn 0.2552 0.7037 0.6631
vn 0.0512 0.6267 0.7776
vn 0.8532 0.0309 -0.5207
vn 0.2927 0.8681 -0.4010
vn 0.3560 -0.0565 0.9328
vn 0.1654 0.4053 -0.8991
vn 0.1617 0.3266 -0.9312
vn 0.3338 0.8628 0.3796
vn 0.7635 0.5581 0.3249
vn 0.9464 -0.0117 0.3229
vn 0.4999 0.8658 -0.0226
vn 0.7674 0.4916 -0.4116
vn -0.0003 1.0000 -0.0027
vn 0.9110 0.3003 0.2826
vn 0.0165 0.9984 0.0537
vn 0.5269 0.8193 0.2261
vn 0.9206 -0.0396 0.3885
vn -0.0183 -0.9995 0.0242
vn 0.8186 -0.5457 0.1790
vn 0.9363 -0.2929 0.1938
vn 0.9682 -0.1573 0.1946
vn 0.9791 -0.0668 0.1919
vn 0.9800 -0.0563 0.1909
vn 0.9823 -0.0208 0.1860
vn 0.9835 0.0456 0.1752
vn 0.9792 0.1253 0.1597
vn 0.9671 0.2125 0.1400
vn 0.9183 0.3845 0.0941
vn 0.7491 0.6624 0.0000
vn 0.8972 0.4308 -0.0969
vn 0.9418 0.3058 -0.1398
vn 0.9627 0.2121 -0.1682
vn 0.9719 0.1435 -0.1867
vn 0.9765 0.0696 -0.2042
vn 0.9764 0.0145 -0.2156
vn 0.9713 -0.0633 -0.2293
vn 0.9697 -0.0788 -0.2310
vn 0.9579 -0.1660 -0.2341
vn 0.9122 -0.3378 -0.2321
vn 0.7269 -0.6569 -0.2003
vn -0.1032 -0.9946 -0.0085
vn 0.3961 -0.8675 -0.3011
vn 0.7310 -0.4449 -0.5174
vn 0.5569 -0.7312 -0.3940
vn -0.7926 0.1921 0.5786
vn 0.0127 0.9999 0.0091
vn 0.8092 0.1961 -0.5539
vn 0.8191 -0.1156 -0.5619
vn 0.8216 0.0666 -0.5662
vn 0.8232 0.0465 -0.5658
vn 0.8245 0.0334 -0.5649
vn 0.8365 -0.0592 -0.5448
vn -0.1429 0.9611 -0.2362
vn -0.1320 0.9609 -0.2433
vn -0.1221 0.9606 -0.2495
vn -0.1167 0.9606 -0.2523
vn -0.0962 0.9601 -0.2626
vn -0.0965 0.9601 -0.2624
vn -0.0964 0.9601 -0.2625
vn -0.0854 0.9601 -0.2662
vn -0.0610 0.9597 -0.2743
vn -0.0590 0.9596 -0.2750
vn -0.0690 0.9595 -0.2732
vn -0.0262 0.9595 -0.2806
vn -0.0292 0.9595 -0.2803
vn -0.0247 0.9595 -0.2807
vn -0.0064 0.9594 -0.2818
vn -0.0051 0.9594 -0.2819
vn -0.0166 0.9592 -0.2823
vn 0.9992 0.0000 0.0391
vn 0.0568 -0.8596 0.5079
vn -0.0568 -0.8591 0.5086
vn -0.9984 0.0000 0.0573
vn 0.0166 0.9591 -0.2825
vn 0.0059 0.9594 -0.2820
vn 0.0064 0.9594 -0.2820
vn 0.0259 0.9593 -0.2811
vn 0.0260 0.9593 -0.2811
vn 0.0311 0.9594 -0.2803
vn 0.0599 0.9594 -0.2757
vn 0.0598 0.9594 -0.2758
vn 0.0612 0.9594 -0.2753
vn 0.0858 0.9597 -0.2676
vn 0.0970 0.9596 -0.2640
vn 0.1175 0.9600 -0.2540
vn 0.1225 0.9601 -0.2516
vn 0.1235 0.9601 -0.2510
vn 0.1236 0.9601 -0.2510
vn 0.1343 0.9603 -0.2446
vn 0.1405 0.9604 -0.2406
vn 0.1407 0.9604 -0.2405
vn -0.8432 -0.0608 -0.5342
vn -0.8243 0.0719 -0.5616
vn -0.8258 0.0526 -0.5615
vn -0.8253 0.0603 -0.5615
vn -0.8154 -0.1904 -0.5466
vn -0.8304 -0.0544 -0.5544
vn 0.0000 0.9998 0.0183
vn 0.8009 0.1923 0.5670
vn -0.5623 -0.7315 -0.3856
vn -0.7384 -0.4453 -0.5065
vn -0.4063 -0.8634 -0.2992
vn 0.1065 -0.9943 -0.0085
vn -0.7378 -0.6456 -0.1968
vn -0.9170 -0.3288 -0.2259
vn -0.9604 -0.1611 -0.2273
vn -0.9716 -0.0765 -0.2241
vn -0.9730 -0.0613 -0.2224
vn -0.9778 0.0141 -0.2090
vn -0.9779 0.0675 -0.1980
vn -0.9736 0.1392 -0.1810
vn -0.9649 0.2058 -0.1632
vn -0.9451 0.2971 -0.1359
vn -0.9027 0.4197 -0.0944
vn -0.7596 0.6504 0.0000
vn -0.9229 0.3741 0.0915
vn -0.9690 0.2062 0.1358
vn -0.9804 0.1215 0.1548
vn -0.9845 0.0442 0.1698
vn -0.9834 -0.0202 0.1803
vn -0.9812 -0.0546 0.1851
vn -0.9804 -0.0647 0.1860
vn -0.9701 -0.1526 0.1888
vn -0.9399 -0.2847 0.1884
vn -0.8272 -0.5339 0.1751
vn 0.0189 -0.9995 0.0242
vn -0.9250 -0.0396 0.3779
vn -0.5396 0.8115 0.2242
vn -0.0165 0.9984 0.0535
vn -0.9168 0.2908 0.2736
vn 0.0000 0.9976 0.0696
vn -0.9611 -0.1067 0.2549
vn -0.9609 -0.1088 0.2547
vn -0.9583 -0.1348 0.2520
vn -0.9562 -0.1523 0.2502
vn -0.9645 -0.0071 0.2638
vn -0.2737 0.9318 0.2383
vn 0.0396 0.9845 0.1709
vn 0.0233 0.9844 0.1744
vn 0.0000 0.9839 0.1787
vn 0.0004 0.9839 0.1786
vn 0.0000 0.9839 0.1787
vn -0.0003 0.9839 0.1787
vn -0.0233 0.9844 0.1742
vn -0.0396 0.9846 0.1705
vn 0.2779 0.9296 0.2421
vn 0.9616 0.0048 0.2743
vn 0.9617 0.0038 0.2742
vn 0.9548 -0.1433 0.2606
vn 0.9566 -0.1267 0.2624
vn 0.9595 -0.0932 0.2657
vn 0.0000 0.9976 0.0696
s off
f 4//1 125//1 3//1
f 5//2 125//2 4//2
f 5//3 1//3 125//3
f 1//4 6//4 125//4
f 2//5 125//5 6//5
f 7//6 8//6 9//6
f 7//7 55//7 8//7
f 10//8 75//8 19//8
f 10//9 11//9 75//9
f 12//10 13//10 14//10
f 15//11 16//11 13//11
f 18//12 21//12 17//12
f 17//13 21//13 46//13
f 46//14 21//14 19//14
f 18//15 20//15 21//15
f 19//16 7//16 16//16
f 46//17 19//17 16//17
f 16//18 22//18 13//18
f 7//19 22//19 16//19
f 7//20 23//20 22//20
f 22//21 24//21 13//21
f 13//22 24//22 14//22
f 22//23 25//23 24//23
f 73//24 27//24 28//24
f 73//25 74//25 27//25
f 27//26 74//26 29//26
f 74//27 15//27 29//27
f 26//28 30//28 32//28
f 32//29 30//29 31//29
f 27//30 29//30 32//30
f 29//31 26//31 32//31
f 33//32 34//32 35//32
f 31//33 36//33 34//33
f 30//34 36//34 31//34
f 12//35 14//35 36//35
f 14//36 35//36 34//36
f 14//37 34//37 36//37
f 37//38 38//38 39//38
f 38//39 40//39 41//39
f 42//40 40//40 38//40
f 24//41 25//41 42//41
f 37//42 24//42 38//42
f 38//43 24//43 42//43
f 43//44 41//44 40//44
f 43//45 44//45 41//45
f 14//46 37//46 35//46
f 14//47 24//47 37//47
f 52//48 17//48 45//48
f 17//49 46//49 45//49
f 20//50 18//50 54//50
f 54//51 18//51 47//51
f 48//52 55//52 49//52
f 37//53 49//53 50//53
f 37//54 50//54 35//54
f 50//55 33//55 35//55
f 39//56 49//56 37//56
f 51//57 28//57 50//57
f 56//58 45//58 53//58
f 56//59 52//59 45//59
f 56//60 47//60 52//60
f 54//61 47//61 56//61
f 53//62 45//62 51//62
f 55//63 53//63 51//63
f 49//64 51//64 50//64
f 49//65 55//65 51//65
f 39//66 57//66 49//66
f 58//67 57//67 39//67
f 38//68 58//68 39//68
f 59//69 60//69 58//69
f 58//70 61//70 57//70
f 60//71 61//71 58//71
f 41//72 59//72 38//72
f 38//73 59//73 58//73
f 61//74 49//74 57//74
f 61//75 48//75 49//75
f 62//76 34//76 33//76
f 63//77 33//77 50//77
f 63//78 62//78 33//78
f 63//79 27//79 62//79
f 27//80 64//80 62//80
f 28//81 63//81 50//81
f 28//82 27//82 63//82
f 64//83 31//83 62//83
f 62//84 31//84 34//84
f 25//85 22//85 66//85
f 25//86 65//86 42//86
f 25//87 66//87 65//87
f 66//88 67//88 65//88
f 67//89 68//89 65//89
f 68//90 69//90 65//90
f 23//91 67//91 66//91
f 23//92 66//92 22//92
f 69//93 40//93 42//93
f 69//94 42//94 65//94
f 12//95 36//95 70//95
f 72//96 70//96 71//96
f 72//97 12//97 70//97
f 13//98 12//98 72//98
f 70//99 26//99 71//99
f 26//100 29//100 71//100
f 71//101 29//101 72//101
f 30//102 26//102 70//102
f 30//103 70//103 36//103
f 72//104 15//104 13//104
f 29//105 15//105 72//105
f 45//106 46//106 73//106
f 46//107 74//107 73//107
f 7//108 19//108 55//108
f 55//109 19//109 75//109
f 76//110 77//110 20//110
f 54//111 76//111 20//111
f 47//112 18//112 17//112
f 52//113 47//113 17//113
f 67//114 23//114 78//114
f 67//115 78//115 68//115
f 78//116 43//116 68//116
f 68//117 43//117 69//117
f 40//118 69//118 43//118
f 9//119 23//119 7//119
f 77//120 10//120 21//120
f 10//121 19//121 21//121
f 20//122 77//122 21//122
f 41//123 44//123 59//123
f 59//124 44//124 60//124
f 44//125 79//125 60//125
f 60//126 79//126 61//126
f 79//127 48//127 61//127
f 46//128 16//128 74//128
f 55//129 48//129 8//129
f 15//130 74//130 16//130
f 75//131 53//131 55//131
f 11//132 53//132 75//132
f 56//133 11//133 76//133
f 56//134 53//134 11//134
f 76//135 54//135 56//135
f 73//136 51//136 45//136
f 28//137 51//137 73//137
f 32//138 31//138 64//138
f 27//139 32//139 64//139
f 78//140 80//140 43//140
f 78//141 23//141 80//141
f 83//142 84//142 81//142
f 84//143 82//143 81//143
f 83//144 86//144 84//144
f 85//145 86//145 83//145
f 87//146 92//146 88//146
f 90//147 92//147 87//147
f 91//148 92//148 90//148
f 86//149 85//149 91//149
f 91//150 85//150 92//150
f 91//151 90//151 89//151
f 87//152 122//152 90//152
f 95//153 122//153 87//153
f 94//154 6//154 93//154
f 93//155 6//155 95//155
f 6//156 1//156 95//156
f 94//157 2//157 6//157
f 95//158 1//158 98//158
f 94//159 96//159 2//159
f 96//160 97//160 2//160
f 1//161 5//161 98//161
f 5//162 4//162 98//162
f 96//163 123//163 97//163
f 98//164 4//164 99//164
f 4//165 100//165 99//165
f 96//166 126//166 123//166
f 3//167 100//167 4//167
f 124//168 101//168 3//168
f 127//169 101//169 124//169
f 3//170 101//170 100//170
f 126//171 101//171 127//171
f 96//172 101//172 126//172
f 96//173 103//173 101//173
f 102//174 103//174 96//174
f 104//175 105//175 102//175
f 106//176 105//176 104//176
f 77//177 76//177 104//177
f 76//178 106//178 104//178
f 11//179 106//179 76//179
f 104//180 10//180 77//180
f 81//181 82//181 107//181
f 82//182 108//182 107//182
f 48//183 79//183 109//183
f 109//184 79//184 44//184
f 11//185 108//185 82//185
f 11//186 82//186 118//186
f 8//187 109//187 108//187
f 8//188 108//188 11//188
f 107//189 10//189 81//189
f 81//190 10//190 110//190
f 80//191 9//191 107//191
f 107//192 9//192 10//192
f 110//193 111//193 81//193
f 110//194 102//194 111//194
f 113//195 102//195 112//195
f 113//196 111//196 102//196
f 112//197 94//197 120//197
f 112//198 120//198 113//198
f 114//199 115//199 117//199
f 100//200 115//200 114//200
f 105//201 115//201 103//201
f 116//202 117//202 105//202
f 105//203 117//203 115//203
f 116//204 118//204 82//204
f 105//205 118//205 116//205
f 8//206 10//206 9//206
f 11//207 10//207 8//207
f 109//208 44//208 108//208
f 43//209 107//209 44//209
f 44//210 107//210 108//210
f 43//211 80//211 107//211
f 95//212 87//212 88//212
f 93//213 95//213 88//213
f 119//214 93//214 88//214
f 119//215 88//215 120//215
f 94//216 119//216 120//216
f 100//217 114//217 121//217
f 99//218 100//218 121//218
f 99//219 121//219 89//219
f 122//220 99//220 89//220
f 122//221 89//221 90//221
f 101//222 103//222 115//222
f 105//223 106//223 118//223
f 100//224 101//224 115//224
f 99//225 122//225 98//225
f 122//226 95//226 98//226
f 119//227 94//227 93//227
f 106//228 11//228 118//228
f 96//229 94//229 112//229
f 8//230 48//230 109//230
f 102//231 96//231 112//231
f 104//232 102//232 110//232
f 82//233 84//233 116//233
f 110//234 10//234 104//234
f 116//235 86//235 117//235
f 84//236 86//236 116//236
f 9//237 80//237 23//237
f 86//238 91//238 114//238
f 86//239 114//239 117//239
f 121//240 114//240 91//240
f 121//241 91//241 89//241
f 120//242 88//242 92//242
f 92//243 85//243 113//243
f 92//244 113//244 120//244
f 83//245 81//245 111//245
f 85//246 111//246 113//246
f 85//247 83//247 111//247
f 3//248 125//248 124//248
f 127//249 124//249 125//249
f 97//250 125//250 2//250
f 97//251 123//251 125//251
f 123//252 126//252 125//252
f 126//253 127//253 125//253
f 103//254 102//254 105//254
f 128//255 129//255 139//255
f 139//256 129//256 130//256
f 156//257 147//257 131//257
f 147//258 132//258 131//258
f 129//259 133//259 130//259
f 131//260 132//260 134//260
f 130//261 135//261 136//261
f 133//262 135//262 130//262
f 132//263 137//263 134//263
f 137//264 138//264 134//264
f 134//265 138//265 139//265
f 138//266 128//266 139//266
f 132//267 140//267 137//267
f 140//268 143//268 137//268
f 141//269 142//269 144//269
f 137//270 143//270 138//270
f 144//271 145//271 146//271
f 142//272 145//272 144//272
f 143//273 128//273 138//273
f 146//274 145//274 147//274
f 145//275 148//275 147//275
f 147//276 148//276 132//276
f 148//277 140//277 132//277
f 150//278 145//278 151//278
f 151//279 145//279 149//279
f 148//280 145//280 150//280
f 149//281 145//281 142//281
f 143//282 140//282 128//282
f 140//283 148//283 128//283
f 128//284 148//284 129//284
f 129//285 148//285 150//285
f 152//286 149//286 153//286
f 151//287 149//287 152//287
f 153//288 149//288 141//288
f 149//289 142//289 141//289
f 129//290 150//290 133//290
f 133//291 150//291 135//291
f 150//292 151//292 135//292
f 135//293 151//293 152//293
f 141//294 144//294 154//294
f 144//295 146//295 154//295
f 136//296 152//296 155//296
f 135//297 152//297 136//297
f 154//298 146//298 156//298
f 146//299 147//299 156//299
f 152//300 153//300 155//300
f 155//301 153//301 157//301
f 153//302 141//302 157//302
f 157//303 141//303 154//303
f 154//304 156//304 131//304
f 154//304 131//304 134//304
f 154//304 134//304 139//304
f 155//304 154//304 139//304
f 155//304 139//304 130//304
f 155//304 157//304 154//304
f 155//304 130//304 136//304
f 168//305 158//305 159//305
f 184//257 175//257 160//257
f 175//258 161//258 160//258
f 158//306 162//306 159//306
f 160//260 161//260 163//260
f 159//261 164//261 165//261
f 162//262 164//262 159//262
f 161//263 166//263 163//263
f 166//307 167//307 163//307
f 163//308 167//308 168//308
f 167//309 158//309 168//309
f 161//310 169//310 166//310
f 171//311 172//311 170//311
f 170//312 172//312 173//312
f 166//313 169//313 167//313
f 172//314 174//314 173//314
f 174//315 176//315 175//315
f 175//316 176//316 161//316
f 176//317 169//317 161//317
f 178//318 172//318 171//318
f 176//319 172//319 178//319
f 176//320 174//320 172//320
f 158//321 169//321 179//321
f 179//322 169//322 177//322
f 177//323 176//323 178//323
f 169//149 176//149 177//149
f 167//324 169//324 158//324
f 177//325 178//325 180//325
f 180//326 178//326 181//326
f 178//327 171//327 181//327
f 181//328 171//328 170//328
f 158//329 179//329 162//329
f 162//330 179//330 164//330
f 179//331 177//331 164//331
f 164//332 177//332 180//332
f 170//294 173//294 182//294
f 173//333 174//333 182//333
f 165//296 180//296 183//296
f 164//297 180//297 165//297
f 182//334 174//334 184//334
f 174//335 175//335 184//335
f 180//300 181//300 183//300
f 183//301 181//301 185//301
f 181//302 170//302 185//302
f 185//303 170//303 182//303
f 159//304 163//304 168//304
f 183//304 184//304 160//304
f 183//304 182//304 184//304
f 183//304 185//304 182//304
f 183//304 160//304 165//304
f 165//304 160//304 163//304
f 165//304 163//304 159//304
f 2538//336 2659//336 2537//336
f 2539//337 2659//337 2538//337
f 2539//338 2535//338 2659//338
f 2535//339 2540//339 2659//339
f 2536//340 2659//340 2540//340
f 2541//341 2542//341 2543//341
f 2541//342 2589//342 2542//342
f 2544//343 2609//343 2553//343
f 2544//344 2545//344 2609//344
f 2546//345 2547//345 2548//345
f 2549//346 2550//346 2547//346
f 2552//347 2555//347 2551//347
f 2551//348 2555//348 2580//348
f 2580//349 2555//349 2553//349
f 2552//350 2554//350 2555//350
f 2553//351 2541//351 2550//351
f 2580//352 2553//352 2550//352
f 2550//353 2556//353 2547//353
f 2541//354 2556//354 2550//354
f 2541//355 2557//355 2556//355
f 2556//356 2558//356 2547//356
f 2547//357 2558//357 2548//357
f 2556//358 2559//358 2558//358
f 2607//359 2561//359 2562//359
f 2607//360 2608//360 2561//360
f 2561//361 2608//361 2563//361
f 2608//362 2549//362 2563//362
f 2560//363 2564//363 2566//363
f 2566//364 2564//364 2565//364
f 2561//365 2563//365 2566//365
f 2563//366 2560//366 2566//366
f 2567//367 2568//367 2569//367
f 2565//368 2570//368 2568//368
f 2564//369 2570//369 2565//369
f 2546//370 2548//370 2570//370
f 2548//371 2569//371 2568//371
f 2548//372 2568//372 2570//372
f 2571//373 2572//373 2573//373
f 2572//374 2574//374 2575//374
f 2576//375 2574//375 2572//375
f 2558//376 2559//376 2576//376
f 2571//377 2558//377 2572//377
f 2572//378 2558//378 2576//378
f 2577//379 2575//379 2574//379
f 2577//380 2578//380 2575//380
f 2548//381 2571//381 2569//381
f 2548//382 2558//382 2571//382
f 2586//383 2551//383 2579//383
f 2551//384 2580//384 2579//384
f 2554//385 2552//385 2588//385
f 2588//386 2552//386 2581//386
f 2582//387 2589//387 2583//387
f 2571//388 2583//388 2584//388
f 2571//389 2584//389 2569//389
f 2584//390 2567//390 2569//390
f 2573//391 2583//391 2571//391
f 2585//392 2562//392 2584//392
f 2590//393 2579//393 2587//393
f 2590//394 2586//394 2579//394
f 2590//395 2581//395 2586//395
f 2588//396 2581//396 2590//396
f 2587//397 2579//397 2585//397
f 2589//398 2587//398 2585//398
f 2583//399 2585//399 2584//399
f 2583//400 2589//400 2585//400
f 2573//401 2591//401 2583//401
f 2592//402 2591//402 2573//402
f 2572//403 2592//403 2573//403
f 2593//404 2594//404 2592//404
f 2592//405 2595//405 2591//405
f 2594//406 2595//406 2592//406
f 2575//407 2593//407 2572//407
f 2572//408 2593//408 2592//408
f 2595//409 2583//409 2591//409
f 2595//410 2582//410 2583//410
f 2596//411 2568//411 2567//411
f 2597//412 2567//412 2584//412
f 2597//413 2596//413 2567//413
f 2597//414 2561//414 2596//414
f 2561//415 2598//415 2596//415
f 2562//416 2597//416 2584//416
f 2562//417 2561//417 2597//417
f 2598//418 2565//418 2596//418
f 2596//419 2565//419 2568//419
f 2559//420 2556//420 2600//420
f 2559//421 2599//421 2576//421
f 2559//422 2600//422 2599//422
f 2600//423 2601//423 2599//423
f 2601//424 2602//424 2599//424
f 2602//425 2603//425 2599//425
f 2557//426 2601//426 2600//426
f 2557//427 2600//427 2556//427
f 2603//428 2574//428 2576//428
f 2603//429 2576//429 2599//429
f 2546//430 2570//430 2604//430
f 2606//96 2604//96 2605//96
f 2606//431 2546//431 2604//431
f 2547//432 2546//432 2606//432
f 2604//433 2560//433 2605//433
f 2560//434 2563//434 2605//434
f 2605//435 2563//435 2606//435
f 2564//436 2560//436 2604//436
f 2564//437 2604//437 2570//437
f 2606//438 2549//438 2547//438
f 2563//439 2549//439 2606//439
f 2579//440 2580//440 2607//440
f 2580//441 2608//441 2607//441
f 2541//442 2553//442 2589//442
f 2589//443 2553//443 2609//443
f 2610//444 2611//444 2554//444
f 2588//445 2610//445 2554//445
f 2581//446 2552//446 2551//446
f 2586//447 2581//447 2551//447
f 2601//448 2557//448 2612//448
f 2601//449 2612//449 2602//449
f 2612//450 2577//450 2602//450
f 2602//451 2577//451 2603//451
f 2574//452 2603//452 2577//452
f 2543//453 2557//453 2541//453
f 2611//454 2544//454 2555//454
f 2544//455 2553//455 2555//455
f 2554//456 2611//456 2555//456
f 2575//457 2578//457 2593//457
f 2593//458 2578//458 2594//458
f 2578//459 2613//459 2594//459
f 2594//460 2613//460 2595//460
f 2613//461 2582//461 2595//461
f 2580//462 2550//462 2608//462
f 2589//463 2582//463 2542//463
f 2549//464 2608//464 2550//464
f 2609//465 2587//465 2589//465
f 2545//466 2587//466 2609//466
f 2590//467 2545//467 2610//467
f 2590//468 2587//468 2545//468
f 2610//469 2588//469 2590//469
f 2607//470 2585//470 2579//470
f 2562//471 2585//471 2607//471
f 2566//472 2565//472 2598//472
f 2561//473 2566//473 2598//473
f 2612//474 2614//474 2577//474
f 2612//475 2557//475 2614//475
f 2617//476 2618//476 2615//476
f 2618//477 2616//477 2615//477
f 2617//478 2620//478 2618//478
f 2619//479 2620//479 2617//479
f 2621//480 2626//480 2622//480
f 2624//481 2626//481 2621//481
f 2625//482 2626//482 2624//482
f 2620//483 2619//483 2625//483
f 2625//484 2619//484 2626//484
f 2625//485 2624//485 2623//485
f 2621//486 2656//486 2624//486
f 2629//487 2656//487 2621//487
f 2628//488 2540//488 2627//488
f 2627//489 2540//489 2629//489
f 2540//490 2535//490 2629//490
f 2628//491 2536//491 2540//491
f 2629//492 2535//492 2632//492
f 2628//493 2630//493 2536//493
f 2630//494 2631//494 2536//494
f 2535//495 2539//495 2632//495
f 2539//496 2538//496 2632//496
f 2630//497 2657//497 2631//497
f 2632//498 2538//498 2633//498
f 2538//499 2634//499 2633//499
f 2630//500 2660//500 2657//500
f 2537//501 2634//501 2538//501
f 2658//502 2635//502 2537//502
f 2661//503 2635//503 2658//503
f 2537//504 2635//504 2634//504
f 2660//505 2635//505 2661//505
f 2630//506 2635//506 2660//506
f 2630//507 2637//507 2635//507
f 2636//508 2637//508 2630//508
f 2638//509 2639//509 2636//509
f 2640//510 2639//510 2638//510
f 2611//511 2610//511 2638//511
f 2610//512 2640//512 2638//512
f 2545//513 2640//513 2610//513
f 2638//514 2544//514 2611//514
f 2615//515 2616//515 2641//515
f 2616//516 2642//516 2641//516
f 2582//517 2613//517 2643//517
f 2643//518 2613//518 2578//518
f 2545//519 2642//519 2616//519
f 2545//520 2616//520 2652//520
f 2542//521 2643//521 2642//521
f 2542//522 2642//522 2545//522
f 2641//523 2544//523 2615//523
f 2615//524 2544//524 2644//524
f 2614//525 2543//525 2641//525
f 2641//526 2543//526 2544//526
f 2644//527 2645//527 2615//527
f 2644//528 2636//528 2645//528
f 2647//529 2636//529 2646//529
f 2647//530 2645//530 2636//530
f 2646//531 2628//531 2654//531
f 2646//532 2654//532 2647//532
f 2648//533 2649//533 2651//533
f 2634//534 2649//534 2648//534
f 2639//535 2649//535 2637//535
f 2650//536 2651//536 2639//536
f 2639//537 2651//537 2649//537
f 2650//538 2652//538 2616//538
f 2639//539 2652//539 2650//539
f 2542//540 2544//540 2543//540
f 2545//541 2544//541 2542//541
f 2643//542 2578//542 2642//542
f 2577//543 2641//543 2578//543
f 2578//544 2641//544 2642//544
f 2577//545 2614//545 2641//545
f 2629//546 2621//546 2622//546
f 2627//547 2629//547 2622//547
f 2653//548 2627//548 2622//548
f 2653//549 2622//549 2654//549
f 2628//550 2653//550 2654//550
f 2634//551 2648//551 2655//551
f 2633//552 2634//552 2655//552
f 2633//553 2655//553 2623//553
f 2656//554 2633//554 2623//554
f 2656//555 2623//555 2624//555
f 2635//556 2637//556 2649//556
f 2639//557 2640//557 2652//557
f 2634//558 2635//558 2649//558
f 2633//559 2656//559 2632//559
f 2656//560 2629//560 2632//560
f 2653//561 2628//561 2627//561
f 2640//562 2545//562 2652//562
f 2630//563 2628//563 2646//563
f 2542//564 2582//564 2643//564
f 2636//565 2630//565 2646//565
f 2638//566 2636//566 2644//566
f 2616//567 2618//567 2650//567
f 2644//568 2544//568 2638//568
f 2650//569 2620//569 2651//569
f 2618//570 2620//570 2650//570
f 2543//571 2614//571 2557//571
f 2620//572 2625//572 2648//572
f 2620//573 2648//573 2651//573
f 2655//574 2648//574 2625//574
f 2655//575 2625//575 2623//575
f 2654//576 2622//576 2626//576
f 2626//577 2619//577 2647//577
f 2626//578 2647//578 2654//578
f 2617//579 2615//579 2645//579
f 2619//580 2645//580 2647//580
f 2619//581 2617//581 2645//581
f 2537//582 2659//582 2658//582
f 2661//583 2658//583 2659//583
f 2631//584 2659//584 2536//584
f 2631//585 2657//585 2659//585
f 2657//586 2660//586 2659//586
f 2660//587 2661//587 2659//587
f 2637//588 2636//588 2639//588
f 2662//589 2663//589 2673//589
f 2673//590 2663//590 2664//590
f 2690//591 2681//591 2665//591
f 2681//592 2666//592 2665//592
f 2663//593 2667//593 2664//593
f 2665//594 2666//594 2668//594
f 2664//595 2669//595 2670//595
f 2667//596 2669//596 2664//596
f 2666//597 2671//597 2668//597
f 2671//598 2672//598 2668//598
f 2668//599 2672//599 2673//599
f 2672//600 2662//600 2673//600
f 2666//601 2674//601 2671//601
f 2674//602 2677//602 2671//602
f 2675//603 2676//603 2678//603
f 2671//604 2677//604 2672//604
f 2678//605 2679//605 2680//605
f 2676//606 2679//606 2678//606
f 2677//607 2662//607 2672//607
f 2680//608 2679//608 2681//608
f 2679//609 2682//609 2681//609
f 2681//610 2682//610 2666//610
f 2682//611 2674//611 2666//611
f 2684//612 2679//612 2685//612
f 2685//613 2679//613 2683//613
f 2682//614 2679//614 2684//614
f 2683//615 2679//615 2676//615
f 2677//616 2674//616 2662//616
f 2674//617 2682//617 2662//617
f 2662//618 2682//618 2663//618
f 2663//619 2682//619 2684//619
f 2686//620 2683//620 2687//620
f 2685//621 2683//621 2686//621
f 2687//622 2683//622 2675//622
f 2683//623 2676//623 2675//623
f 2663//624 2684//624 2667//624
f 2667//625 2684//625 2669//625
f 2684//626 2685//626 2669//626
f 2669//627 2685//627 2686//627
f 2675//628 2678//628 2688//628
f 2678//629 2680//629 2688//629
f 2670//630 2686//630 2689//630
f 2669//631 2686//631 2670//631
f 2688//632 2680//632 2690//632
f 2680//633 2681//633 2690//633
f 2686//634 2687//634 2689//634
f 2689//635 2687//635 2691//635
f 2687//636 2675//636 2691//636
f 2691//637 2675//637 2688//637
f 2688//638 2690//638 2665//638
f 2688//638 2665//638 2668//638
f 2688//638 2668//638 2673//638
f 2689//638 2688//638 2673//638
f 2689//638 2673//638 2664//638
f 2689//638 2691//638 2688//638
f 2689//638 2664//638 2670//638
f 2702//639 2692//639 2693//639
f 2718//591 2709//591 2694//591
f 2709//592 2695//592 2694//592
f 2692//640 2696//640 2693//640
f 2694//594 2695//594 2697//594
f 2693//595 2698//595 2699//595
f 2696//596 2698//596 2693//596
f 2695//597 2700//597 2697//597
f 2700//641 2701//641 2697//641
f 2697//642 2701//642 2702//642
f 2701//643 2692//643 2702//643
f 2695//644 2703//644 2700//644
f 2705//645 2706//645 2704//645
f 2704//646 2706//646 2707//646
f 2700//647 2703//647 2701//647
f 2706//648 2708//648 2707//648
f 2708//649 2710//649 2709//649
f 2709//650 2710//650 2695//650
f 2710//651 2703//651 2695//651
f 2712//652 2706//652 2705//652
f 2710//653 2706//653 2712//653
f 2710//654 2708//654 2706//654
f 2692//655 2703//655 2713//655
f 2713//656 2703//656 2711//656
f 2711//657 2710//657 2712//657
f 2703//483 2710//483 2711//483
f 2701//658 2703//658 2692//658
f 2711//659 2712//659 2714//659
f 2714//660 2712//660 2715//660
f 2712//661 2705//661 2715//661
f 2715//662 2705//662 2704//662
f 2692//663 2713//663 2696//663
f 2696//664 2713//664 2698//664
f 2713//665 2711//665 2698//665
f 2698//666 2711//666 2714//666
f 2704//628 2707//628 2716//628
f 2707//667 2708//667 2716//667
f 2699//630 2714//630 2717//630
f 2698//631 2714//631 2699//631
f 2716//668 2708//668 2718//668
f 2708//669 2709//669 2718//669
f 2714//634 2715//634 2717//634
f 2717//635 2715//635 2719//635
f 2715//636 2704//636 2719//636
f 2719//637 2704//637 2716//637
f 2693//638 2697//638 2702//638
f 2717//638 2718//638 2694//638
f 2717//638 2716//638 2718//638
f 2717//638 2719//638 2716//638
f 2717//638 2694//638 2699//638
f 2699//638 2694//638 2697//638
f 2699//638 2697//638 2693//638
f 212//670 213//670 214//670
f 213//671 215//671 214//671
f 215//672 202//672 214//672
f 214//673 202//673 286//673
f 200//674 213//674 212//674
f 199//675 313//675 198//675
f 313//676 314//676 198//676
f 284//677 282//677 197//677
f 198//678 314//678 196//678
f 197//679 282//679 195//679
f 282//680 280//680 195//680
f 195//681 280//681 199//681
f 280//682 313//682 199//682
f 204//683 209//683 315//683
f 204//684 315//684 281//684
f 207//685 187//685 316//685
f 207//686 206//686 187//686
f 205//687 204//687 281//687
f 205//688 281//688 216//688
f 208//689 205//689 216//689
f 208//690 216//690 190//690
f 209//691 207//691 316//691
f 209//692 316//692 315//692
f 226//693 217//693 227//693
f 226//694 247//694 217//694
f 248//695 247//695 226//695
f 218//696 248//696 226//696
f 291//697 219//697 232//697
f 291//698 232//698 231//698
f 233//699 220//699 234//699
f 233//700 234//700 288//700
f 233//701 288//701 221//701
f 233//702 221//702 222//702
f 223//703 224//703 225//703
f 223//704 225//704 289//704
f 318//705 248//705 218//705
f 318//706 238//706 248//706
f 211//707 238//707 318//707
f 219//708 211//708 318//708
f 291//709 211//709 219//709
f 317//710 222//710 221//710
f 290//711 317//711 221//711
f 210//712 225//712 317//712
f 210//713 289//713 225//713
f 210//714 317//714 290//714
f 226//715 227//715 228//715
f 229//716 226//716 228//716
f 230//717 231//717 232//717
f 230//718 232//718 229//718
f 233//719 229//719 228//719
f 233//720 228//720 220//720
f 230//721 229//721 224//721
f 223//722 230//722 224//722
f 210//723 223//723 289//723
f 230//724 223//724 210//724
f 211//725 231//725 230//725
f 211//726 291//726 231//726
f 211//727 230//727 210//727
f 228//728 244//728 292//728
f 228//729 292//729 234//729
f 228//730 234//730 220//730
f 217//731 228//731 227//731
f 217//732 244//732 228//732
f 204//733 257//733 256//733
f 204//734 205//734 257//734
f 238//735 249//735 311//735
f 312//736 297//736 206//736
f 292//737 263//737 236//737
f 300//738 211//738 303//738
f 292//739 261//739 263//739
f 249//740 211//740 300//740
f 238//741 211//741 249//741
f 211//742 210//742 303//742
f 303//743 210//743 296//743
f 259//744 210//744 294//744
f 294//745 210//745 290//745
f 236//746 263//746 290//746
f 312//747 237//747 297//747
f 235//748 270//748 272//748
f 263//749 264//749 290//749
f 292//750 307//750 261//750
f 235//751 238//751 270//751
f 208//752 257//752 205//752
f 237//753 239//753 297//753
f 208//754 240//754 257//754
f 297//755 239//755 241//755
f 292//756 274//756 307//756
f 264//757 294//757 290//757
f 239//758 302//758 241//758
f 208//759 242//759 240//759
f 298//760 243//760 208//760
f 208//761 243//761 242//761
f 302//762 304//762 241//762
f 292//763 244//763 274//763
f 274//764 245//764 307//764
f 264//765 306//765 294//765
f 241//766 304//766 298//766
f 246//767 207//767 308//767
f 298//768 304//768 243//768
f 259//769 296//769 210//769
f 239//770 311//770 302//770
f 207//771 209//771 308//771
f 238//772 311//772 270//772
f 245//773 207//773 246//773
f 308//774 209//774 306//774
f 244//775 272//775 274//775
f 245//776 206//776 207//776
f 242//777 303//777 240//777
f 274//778 310//778 245//778
f 240//779 303//779 296//779
f 306//780 256//780 294//780
f 306//781 209//781 256//781
f 310//782 206//782 245//782
f 311//783 249//783 302//783
f 209//784 204//784 256//784
f 235//785 272//785 244//785
f 312//786 206//786 310//786
f 238//787 235//787 247//787
f 238//788 247//788 248//788
f 235//789 217//789 247//789
f 235//790 244//790 217//790
f 236//791 288//791 234//791
f 292//792 236//792 234//792
f 290//793 221//793 288//793
f 236//794 290//794 288//794
f 249//795 299//795 250//795
f 300//796 299//796 249//796
f 302//797 250//797 251//797
f 249//798 250//798 302//798
f 252//799 242//799 243//799
f 253//800 252//800 243//800
f 253//801 243//801 304//801
f 251//802 253//802 304//802
f 251//803 304//803 302//803
f 301//804 242//804 252//804
f 301//805 303//805 242//805
f 299//806 300//806 301//806
f 301//807 300//807 303//807
f 253//808 301//808 252//808
f 299//809 301//809 253//809
f 250//810 253//810 251//810
f 250//811 299//811 253//811
f 295//812 296//812 259//812
f 254//813 296//813 295//813
f 240//814 254//814 260//814
f 296//815 254//815 240//815
f 258//816 256//816 257//816
f 258//817 255//817 256//817
f 260//818 257//818 240//818
f 260//819 258//819 257//819
f 256//820 293//820 294//820
f 256//821 255//821 293//821
f 295//822 294//822 293//822
f 295//823 259//823 294//823
f 258//824 254//824 295//824
f 258//825 295//825 293//825
f 260//826 254//826 258//826
f 255//827 258//827 293//827
f 262//828 263//828 269//828
f 263//829 261//829 269//829
f 305//830 263//830 262//830
f 305//831 264//831 263//831
f 305//832 306//832 264//832
f 265//833 306//833 305//833
f 266//834 245//834 246//834
f 267//835 266//835 246//835
f 267//836 246//836 308//836
f 265//837 267//837 308//837
f 265//838 308//838 306//838
f 245//839 268//839 307//839
f 245//840 266//840 268//840
f 261//841 268//841 269//841
f 307//842 268//842 261//842
f 265//843 305//843 262//843
f 267//844 265//844 262//844
f 269//845 267//845 262//845
f 269//846 266//846 267//846
f 268//810 266//810 269//810
f 279//847 270//847 278//847
f 271//848 272//848 279//848
f 272//849 270//849 279//849
f 272//850 273//850 274//850
f 272//851 271//851 273//851
f 273//852 310//852 274//852
f 275//853 310//853 273//853
f 276//854 239//854 237//854
f 277//855 276//855 237//855
f 277//856 237//856 312//856
f 275//857 277//857 312//857
f 275//858 312//858 310//858
f 309//859 239//859 276//859
f 309//860 311//860 239//860
f 270//861 309//861 278//861
f 311//862 309//862 270//862
f 271//863 277//863 275//863
f 271//864 275//864 273//864
f 278//865 276//865 277//865
f 278//866 309//866 276//866
f 279//867 278//867 277//867
f 279//868 277//868 271//868
f 282//869 281//869 280//869
f 280//870 281//870 315//870
f 282//871 216//871 281//871
f 313//872 280//872 315//872
f 282//873 190//873 216//873
f 194//874 190//874 282//874
f 313//875 315//875 316//875
f 191//876 190//876 194//876
f 189//877 190//877 191//877
f 314//878 313//878 316//878
f 186//879 189//879 191//879
f 187//880 192//880 314//880
f 187//881 314//881 316//881
f 186//882 191//882 193//882
f 188//883 186//883 193//883
f 187//884 193//884 192//884
f 188//885 193//885 187//885
f 297//886 241//886 186//886
f 297//887 186//887 188//887
f 298//888 208//888 190//888
f 206//889 297//889 188//889
f 298//890 190//890 189//890
f 206//891 188//891 187//891
f 298//892 189//892 186//892
f 241//893 298//893 186//893
f 283//894 191//894 284//894
f 314//895 192//895 196//895
f 191//896 194//896 284//896
f 196//897 192//897 285//897
f 194//898 282//898 284//898
f 192//899 193//899 285//899
f 285//900 193//900 283//900
f 193//901 191//901 283//901
f 286//902 203//902 287//902
f 203//903 201//903 287//903
f 201//904 200//904 287//904
f 287//905 200//905 212//905
f 202//906 203//906 286//906
f 213//907 195//907 199//907
f 201//908 283//908 284//908
f 200//909 284//909 197//909
f 196//910 215//910 198//910
f 285//911 203//911 202//911
f 215//912 213//912 198//912
f 198//913 213//913 199//913
f 196//914 202//914 215//914
f 213//915 197//915 195//915
f 213//916 200//916 197//916
f 285//917 283//917 203//917
f 196//918 285//918 202//918
f 203//919 283//919 201//919
f 201//920 284//920 200//920
f 286//921 287//921 212//921
f 286//318 212//318 214//318
f 224//922 229//922 317//922
f 224//923 317//923 225//923
f 233//924 222//924 317//924
f 229//925 233//925 317//925
f 318//926 218//926 226//926
f 318//927 226//927 229//927
f 318//928 229//928 232//928
f 219//929 318//929 232//929
f 2746//930 2747//930 2748//930
f 2747//931 2749//931 2748//931
f 2749//932 2736//932 2748//932
f 2748//933 2736//933 2820//933
f 2734//934 2747//934 2746//934
f 2733//935 2847//935 2732//935
f 2847//936 2848//936 2732//936
f 2818//937 2816//937 2731//937
f 2732//938 2848//938 2730//938
f 2731//939 2816//939 2729//939
f 2816//940 2814//940 2729//940
f 2729//941 2814//941 2733//941
f 2814//942 2847//942 2733//942
f 2738//943 2743//943 2849//943
f 2738//944 2849//944 2815//944
f 2741//945 2721//945 2850//945
f 2741//946 2740//946 2721//946
f 2739//947 2738//947 2815//947
f 2739//948 2815//948 2750//948
f 2742//949 2739//949 2750//949
f 2742//950 2750//950 2724//950
f 2743//951 2741//951 2850//951
f 2743//952 2850//952 2849//952
f 2760//953 2751//953 2761//953
f 2760//954 2781//954 2751//954
f 2782//955 2781//955 2760//955
f 2752//956 2782//956 2760//956
f 2825//957 2753//957 2766//957
f 2825//958 2766//958 2765//958
f 2767//959 2754//959 2768//959
f 2767//960 2768//960 2822//960
f 2767//961 2822//961 2755//961
f 2767//962 2755//962 2756//962
f 2757//963 2758//963 2759//963
f 2757//964 2759//964 2823//964
f 2852//965 2782//965 2752//965
f 2852//966 2772//966 2782//966
f 2745//967 2772//967 2852//967
f 2753//968 2745//968 2852//968
f 2825//969 2745//969 2753//969
f 2851//970 2756//970 2755//970
f 2824//971 2851//971 2755//971
f 2744//972 2759//972 2851//972
f 2744//973 2823//973 2759//973
f 2744//974 2851//974 2824//974
f 2760//975 2761//975 2762//975
f 2763//976 2760//976 2762//976
f 2764//977 2765//977 2766//977
f 2764//978 2766//978 2763//978
f 2767//979 2763//979 2762//979
f 2767//980 2762//980 2754//980
f 2764//981 2763//981 2758//981
f 2757//982 2764//982 2758//982
f 2744//983 2757//983 2823//983
f 2764//984 2757//984 2744//984
f 2745//985 2765//985 2764//985
f 2745//986 2825//986 2765//986
f 2745//987 2764//987 2744//987
f 2762//988 2778//988 2826//988
f 2762//989 2826//989 2768//989
f 2762//990 2768//990 2754//990
f 2751//991 2762//991 2761//991
f 2751//992 2778//992 2762//992
f 2738//993 2791//993 2790//993
f 2738//994 2739//994 2791//994
f 2772//995 2783//995 2845//995
f 2846//996 2831//996 2740//996
f 2826//997 2797//997 2770//997
f 2834//998 2745//998 2837//998
f 2826//999 2795//999 2797//999
f 2783//1000 2745//1000 2834//1000
f 2772//1001 2745//1001 2783//1001
f 2745//1002 2744//1002 2837//1002
f 2837//1003 2744//1003 2830//1003
f 2793//1004 2744//1004 2828//1004
f 2828//1005 2744//1005 2824//1005
f 2770//1006 2797//1006 2824//1006
f 2846//1007 2771//1007 2831//1007
f 2769//1008 2804//1008 2806//1008
f 2797//1009 2798//1009 2824//1009
f 2826//1010 2841//1010 2795//1010
f 2769//1011 2772//1011 2804//1011
f 2742//1012 2791//1012 2739//1012
f 2771//1013 2773//1013 2831//1013
f 2742//1014 2774//1014 2791//1014
f 2831//1015 2773//1015 2775//1015
f 2826//1016 2808//1016 2841//1016
f 2798//1017 2828//1017 2824//1017
f 2773//1018 2836//1018 2775//1018
f 2742//1019 2776//1019 2774//1019
f 2832//1020 2777//1020 2742//1020
f 2742//1021 2777//1021 2776//1021
f 2836//1022 2838//1022 2775//1022
f 2826//1023 2778//1023 2808//1023
f 2808//1024 2779//1024 2841//1024
f 2798//1025 2840//1025 2828//1025
f 2775//1026 2838//1026 2832//1026
f 2780//1027 2741//1027 2842//1027
f 2832//1028 2838//1028 2777//1028
f 2793//1029 2830//1029 2744//1029
f 2773//1030 2845//1030 2836//1030
f 2741//1031 2743//1031 2842//1031
f 2772//1032 2845//1032 2804//1032
f 2779//1033 2741//1033 2780//1033
f 2842//1034 2743//1034 2840//1034
f 2778//1035 2806//1035 2808//1035
f 2779//1036 2740//1036 2741//1036
f 2776//1037 2837//1037 2774//1037
f 2808//1038 2844//1038 2779//1038
f 2774//1039 2837//1039 2830//1039
f 2840//1040 2790//1040 2828//1040
f 2840//1041 2743//1041 2790//1041
f 2844//1042 2740//1042 2779//1042
f 2845//1043 2783//1043 2836//1043
f 2743//1044 2738//1044 2790//1044
f 2769//1045 2806//1045 2778//1045
f 2846//1046 2740//1046 2844//1046
f 2772//1047 2769//1047 2781//1047
f 2772//1048 2781//1048 2782//1048
f 2769//1049 2751//1049 2781//1049
f 2769//1050 2778//1050 2751//1050
f 2770//1051 2822//1051 2768//1051
f 2826//1052 2770//1052 2768//1052
f 2824//1053 2755//1053 2822//1053
f 2770//1054 2824//1054 2822//1054
f 2783//1055 2833//1055 2784//1055
f 2834//1056 2833//1056 2783//1056
f 2836//1057 2784//1057 2785//1057
f 2783//1058 2784//1058 2836//1058
f 2786//1059 2776//1059 2777//1059
f 2787//1060 2786//1060 2777//1060
f 2787//1061 2777//1061 2838//1061
f 2785//1062 2787//1062 2838//1062
f 2785//1063 2838//1063 2836//1063
f 2835//1064 2776//1064 2786//1064
f 2835//1065 2837//1065 2776//1065
f 2833//1066 2834//1066 2835//1066
f 2835//1067 2834//1067 2837//1067
f 2787//1068 2835//1068 2786//1068
f 2833//1069 2835//1069 2787//1069
f 2784//1070 2787//1070 2785//1070
f 2784//1071 2833//1071 2787//1071
f 2829//1072 2830//1072 2793//1072
f 2788//1073 2830//1073 2829//1073
f 2774//1074 2788//1074 2794//1074
f 2830//1075 2788//1075 2774//1075
f 2792//1076 2790//1076 2791//1076
f 2792//1077 2789//1077 2790//1077
f 2794//1078 2791//1078 2774//1078
f 2794//1079 2792//1079 2791//1079
f 2790//1080 2827//1080 2828//1080
f 2790//1081 2789//1081 2827//1081
f 2829//1082 2828//1082 2827//1082
f 2829//1083 2793//1083 2828//1083
f 2792//1084 2788//1084 2829//1084
f 2792//1085 2829//1085 2827//1085
f 2794//1086 2788//1086 2792//1086
f 2789//1087 2792//1087 2827//1087
f 2796//1088 2797//1088 2803//1088
f 2797//1089 2795//1089 2803//1089
f 2839//1090 2797//1090 2796//1090
f 2839//1091 2798//1091 2797//1091
f 2839//1092 2840//1092 2798//1092
f 2799//1093 2840//1093 2839//1093
f 2800//1094 2779//1094 2780//1094
f 2801//1095 2800//1095 2780//1095
f 2801//1096 2780//1096 2842//1096
f 2799//1097 2801//1097 2842//1097
f 2799//1098 2842//1098 2840//1098
f 2779//1099 2802//1099 2841//1099
f 2779//1100 2800//1100 2802//1100
f 2795//1101 2802//1101 2803//1101
f 2841//1102 2802//1102 2795//1102
f 2799//1103 2839//1103 2796//1103
f 2801//1104 2799//1104 2796//1104
f 2803//1105 2801//1105 2796//1105
f 2803//1106 2800//1106 2801//1106
f 2802//1070 2800//1070 2803//1070
f 2813//1107 2804//1107 2812//1107
f 2805//1108 2806//1108 2813//1108
f 2806//1109 2804//1109 2813//1109
f 2806//1110 2807//1110 2808//1110
f 2806//1111 2805//1111 2807//1111
f 2807//1112 2844//1112 2808//1112
f 2809//1113 2844//1113 2807//1113
f 2810//1114 2773//1114 2771//1114
f 2811//1115 2810//1115 2771//1115
f 2811//1116 2771//1116 2846//1116
f 2809//1117 2811//1117 2846//1117
f 2809//1118 2846//1118 2844//1118
f 2843//1119 2773//1119 2810//1119
f 2843//1120 2845//1120 2773//1120
f 2804//1121 2843//1121 2812//1121
f 2845//1122 2843//1122 2804//1122
f 2805//1123 2811//1123 2809//1123
f 2805//1124 2809//1124 2807//1124
f 2812//1125 2810//1125 2811//1125
f 2812//1126 2843//1126 2810//1126
f 2813//1127 2812//1127 2811//1127
f 2813//1128 2811//1128 2805//1128
f 2816//1129 2815//1129 2814//1129
f 2814//1130 2815//1130 2849//1130
f 2816//1131 2750//1131 2815//1131
f 2847//1132 2814//1132 2849//1132
f 2816//1133 2724//1133 2750//1133
f 2728//1134 2724//1134 2816//1134
f 2847//1135 2849//1135 2850//1135
f 2725//1136 2724//1136 2728//1136
f 2723//1137 2724//1137 2725//1137
f 2848//1138 2847//1138 2850//1138
f 2720//1139 2723//1139 2725//1139
f 2721//1140 2726//1140 2848//1140
f 2721//1141 2848//1141 2850//1141
f 2720//1142 2725//1142 2727//1142
f 2722//1143 2720//1143 2727//1143
f 2721//1144 2727//1144 2726//1144
f 2722//1145 2727//1145 2721//1145
f 2831//1146 2775//1146 2720//1146
f 2831//1147 2720//1147 2722//1147
f 2832//1148 2742//1148 2724//1148
f 2740//1149 2831//1149 2722//1149
f 2832//1150 2724//1150 2723//1150
f 2740//1151 2722//1151 2721//1151
f 2832//1152 2723//1152 2720//1152
f 2775//1153 2832//1153 2720//1153
f 2817//1154 2725//1154 2818//1154
f 2848//1155 2726//1155 2730//1155
f 2725//1156 2728//1156 2818//1156
f 2730//1157 2726//1157 2819//1157
f 2728//1158 2816//1158 2818//1158
f 2726//1159 2727//1159 2819//1159
f 2819//1160 2727//1160 2817//1160
f 2727//1161 2725//1161 2817//1161
f 2820//1162 2737//1162 2821//1162
f 2737//1163 2735//1163 2821//1163
f 2735//1164 2734//1164 2821//1164
f 2821//1165 2734//1165 2746//1165
f 2736//1166 2737//1166 2820//1166
f 2747//1167 2729//1167 2733//1167
f 2735//1168 2817//1168 2818//1168
f 2734//1169 2818//1169 2731//1169
f 2730//1170 2749//1170 2732//1170
f 2819//1171 2737//1171 2736//1171
f 2749//1172 2747//1172 2732//1172
f 2732//1173 2747//1173 2733//1173
f 2730//1174 2736//1174 2749//1174
f 2747//1175 2731//1175 2729//1175
f 2747//1176 2734//1176 2731//1176
f 2819//1177 2817//1177 2737//1177
f 2730//1178 2819//1178 2736//1178
f 2737//1179 2817//1179 2735//1179
f 2735//1180 2818//1180 2734//1180
f 2820//1181 2821//1181 2746//1181
f 2820//652 2746//652 2748//652
f 2758//1182 2763//1182 2851//1182
f 2758//1183 2851//1183 2759//1183
f 2767//1184 2756//1184 2851//1184
f 2763//1185 2767//1185 2851//1185
f 2852//1186 2752//1186 2760//1186
f 2852//1187 2760//1187 2763//1187
f 2852//1188 2763//1188 2766//1188
f 2753//1189 2852//1189 2766//1189
f 321//1190 319//1190 320//1190
f 321//1190 322//1190 319//1190
f 340//1191 321//1191 339//1191
f 339//1192 399//1192 398//1192
f 321//1193 399//1193 339//1193
f 340//1191 322//1191 321//1191
f 342//1194 343//1194 1206//1194
f 342//1195 1206//1195 1205//1195
f 342//1195 1205//1195 344//1195
f 363//1196 346//1196 349//1196
f 351//1197 356//1197 350//1197
f 1209//1198 1210//1198 345//1198
f 350//1199 356//1199 348//1199
f 347//1200 357//1200 346//1200
f 351//1201 358//1201 356//1201
f 345//1202 358//1202 351//1202
f 347//1203 1229//1203 357//1203
f 1217//1204 1229//1204 347//1204
f 346//1205 359//1205 349//1205
f 345//1206 1210//1206 358//1206
f 346//1207 357//1207 359//1207
f 1199//1208 358//1208 1210//1208
f 362//1209 350//1209 361//1209
f 361//1210 354//1210 360//1210
f 354//1211 363//1211 353//1211
f 356//1212 347//1212 348//1212
f 357//1213 364//1213 359//1213
f 354//1214 348//1214 363//1214
f 361//1215 350//1215 354//1215
f 357//1216 1229//1216 364//1216
f 356//1217 1217//1217 347//1217
f 358//1218 1217//1218 356//1218
f 1201//1219 364//1219 1229//1219
f 1203//1220 364//1220 1201//1220
f 1235//1221 345//1221 362//1221
f 1199//1222 1217//1222 358//1222
f 353//1223 355//1223 352//1223
f 360//1224 353//1224 352//1224
f 348//1225 346//1225 363//1225
f 362//1226 351//1226 350//1226
f 363//1227 355//1227 353//1227
f 1209//1228 345//1228 1235//1228
f 363//1229 349//1229 355//1229
f 347//1230 346//1230 348//1230
f 362//1231 345//1231 351//1231
f 360//1232 354//1232 353//1232
f 350//1233 348//1233 354//1233
f 365//1234 367//1234 366//1234
f 360//1235 1158//1235 367//1235
f 360//1236 367//1236 365//1236
f 1160//1237 1158//1237 360//1237
f 1163//1238 368//1238 1164//1238
f 1043//1239 366//1239 369//1239
f 352//1240 1160//1240 360//1240
f 1043//1241 369//1241 368//1241
f 370//1242 1160//1242 352//1242
f 365//1243 366//1243 1043//1243
f 371//1244 1244//1244 2078//1244
f 372//1245 1244//1245 371//1245
f 379//1246 377//1246 375//1246
f 382//1247 383//1247 378//1247
f 382//1248 378//1248 376//1248
f 380//1249 1059//1249 390//1249
f 1059//1250 379//1250 390//1250
f 390//1251 379//1251 375//1251
f 390//1252 375//1252 384//1252
f 383//1253 393//1253 394//1253
f 383//1254 382//1254 393//1254
f 394//1255 393//1255 396//1255
f 393//1256 397//1256 396//1256
f 397//1257 398//1257 396//1257
f 396//1258 398//1258 399//1258
f 1258//1259 401//1259 406//1259
f 405//1260 401//1260 402//1260
f 406//1261 401//1261 405//1261
f 404//1262 403//1262 400//1262
f 1253//1263 401//1263 1258//1263
f 1253//1264 407//1264 401//1264
f 1293//1265 403//1265 1294//1265
f 1294//1266 403//1266 404//1266
f 1293//1267 408//1267 403//1267
f 408//1268 409//1268 403//1268
f 407//1269 410//1269 401//1269
f 409//1270 411//1270 403//1270
f 401//1271 403//1271 402//1271
f 402//1272 403//1272 411//1272
f 1205//1273 1207//1273 413//1273
f 344//1274 413//1274 414//1274
f 344//1275 414//1275 415//1275
f 344//1276 415//1276 964//1276
f 344//1273 1205//1273 413//1273
f 416//1277 417//1277 344//1277
f 416//1278 344//1278 964//1278
f 421//1279 1310//1279 1317//1279
f 419//1280 422//1280 421//1280
f 419//1281 1317//1281 420//1281
f 419//1282 421//1282 1317//1282
f 424//1283 423//1283 422//1283
f 418//1284 424//1284 422//1284
f 418//1285 422//1285 419//1285
f 811//1286 423//1286 424//1286
f 1255//1287 426//1287 430//1287
f 1257//1288 431//1288 425//1288
f 1259//1289 431//1289 1257//1289
f 1255//1290 429//1290 1254//1290
f 1256//1291 426//1291 1255//1291
f 1256//1292 1023//1292 426//1292
f 1244//1293 427//1293 1259//1293
f 432//1294 428//1294 373//1294
f 1259//1295 427//1295 431//1295
f 1244//1296 372//1296 427//1296
f 433//1297 428//1297 432//1297
f 1256//1298 425//1298 1023//1298
f 726//1299 428//1299 433//1299
f 1257//1300 425//1300 1256//1300
f 372//1301 373//1301 427//1301
f 1255//1302 430//1302 429//1302
f 373//1303 428//1303 427//1303
f 447//1304 441//1304 492//1304
f 434//1305 439//1305 438//1305
f 434//1306 435//1306 445//1306
f 437//1307 439//1307 445//1307
f 445//1308 439//1308 434//1308
f 437//1309 446//1309 439//1309
f 435//1310 443//1310 445//1310
f 440//1311 445//1311 443//1311
f 448//1312 446//1312 437//1312
f 445//1313 440//1313 437//1313
f 449//1314 440//1314 443//1314
f 446//1315 448//1315 444//1315
f 444//1316 450//1316 442//1316
f 454//1317 451//1317 619//1317
f 453//1318 457//1318 451//1318
f 451//1319 457//1319 619//1319
f 455//1320 457//1320 453//1320
f 448//1321 450//1321 444//1321
f 455//1322 460//1322 457//1322
f 459//1323 460//1323 455//1323
f 457//1324 460//1324 619//1324
f 619//1325 460//1325 466//1325
f 462//1326 463//1326 459//1326
f 459//1327 463//1327 460//1327
f 442//1328 450//1328 471//1328
f 447//1329 461//1329 441//1329
f 436//1330 456//1330 458//1330
f 460//1331 463//1331 466//1331
f 464//1332 463//1332 462//1332
f 441//1333 456//1333 436//1333
f 440//1334 448//1334 437//1334
f 450//1335 467//1335 471//1335
f 464//1336 466//1336 463//1336
f 448//1337 468//1337 450//1337
f 464//1338 469//1338 466//1338
f 441//1339 470//1339 456//1339
f 466//1340 469//1340 472//1340
f 440//1341 473//1341 448//1341
f 449//1342 473//1342 440//1342
f 456//1343 465//1343 458//1343
f 469//1344 477//1344 472//1344
f 441//1345 461//1345 470//1345
f 456//1346 474//1346 465//1346
f 479//1347 477//1347 478//1347
f 472//1348 479//1348 480//1348
f 477//1349 479//1349 472//1349
f 456//1350 470//1350 474//1350
f 482//1351 477//1351 469//1351
f 478//1352 477//1352 482//1352
f 479//1353 485//1353 480//1353
f 468//1354 467//1354 450//1354
f 465//1355 474//1355 483//1355
f 470//1356 484//1356 474//1356
f 449//1357 451//1357 473//1357
f 448//1358 487//1358 468//1358
f 473//1359 487//1359 448//1359
f 452//1360 451//1360 449//1360
f 484//1361 486//1361 474//1361
f 474//1362 486//1362 483//1362
f 471//1363 467//1363 946//1363
f 468//1364 491//1364 467//1364
f 1249//1365 490//1365 1248//1365
f 1252//1366 489//1366 1250//1366
f 1250//1367 490//1367 1249//1367
f 484//1368 438//1368 486//1368
f 483//1369 486//1369 493//1369
f 438//1370 439//1370 486//1370
f 489//1371 492//1371 1250//1371
f 1248//1372 494//1372 1251//1372
f 451//1373 487//1373 473//1373
f 1250//1374 492//1374 490//1374
f 490//1375 494//1375 1248//1375
f 487//1376 491//1376 468//1376
f 439//1377 446//1377 493//1377
f 453//1378 451//1378 452//1378
f 493//1379 446//1379 495//1379
f 451//1380 454//1380 487//1380
f 490//1381 458//1381 494//1381
f 490//1382 492//1382 436//1382
f 491//1383 475//1383 467//1383
f 946//1384 475//1384 476//1384
f 447//1385 492//1385 489//1385
f 467//1386 475//1386 946//1386
f 446//1387 444//1387 495//1387
f 470//1388 461//1388 484//1388
f 492//1389 441//1389 436//1389
f 495//1390 444//1390 442//1390
f 461//1391 481//1391 484//1391
f 490//1392 436//1392 458//1392
f 481//1393 488//1393 484//1393
f 488//1394 438//1394 484//1394
f 488//1395 434//1395 438//1395
f 486//1396 439//1396 493//1396
f 488//1397 435//1397 434//1397
f 496//1398 499//1398 502//1398
f 501//1399 522//1399 498//1399
f 499//1400 504//1400 502//1400
f 499//1401 505//1401 504//1401
f 501//1402 498//1402 505//1402
f 509//1403 513//1403 510//1403
f 511//1404 513//1404 512//1404
f 508//1405 502//1405 507//1405
f 502//1406 508//1406 509//1406
f 496//1407 517//1407 516//1407
f 508//1408 507//1408 504//1408
f 513//1409 491//1409 487//1409
f 514//1410 496//1410 516//1410
f 518//1411 509//1411 510//1411
f 496//1412 514//1412 515//1412
f 497//1413 521//1413 529//1413
f 515//1414 499//1414 496//1414
f 523//1415 497//1415 529//1415
f 510//1416 513//1416 511//1416
f 502//1417 504//1417 507//1417
f 496//1418 524//1418 517//1418
f 520//1419 525//1419 509//1419
f 521//1420 497//1420 498//1420
f 521//1421 498//1421 522//1421
f 503//1422 498//1422 500//1422
f 496//1423 502//1423 509//1423
f 512//1424 513//1424 528//1424
f 527//1425 497//1425 523//1425
f 527//1426 523//1426 526//1426
f 499//1427 501//1427 505//1427
f 520//1428 509//1428 518//1428
f 506//1429 498//1429 503//1429
f 500//1430 497//1430 527//1430
f 513//1431 509//1431 475//1431
f 506//1432 505//1432 498//1432
f 491//1433 513//1433 475//1433
f 522//1434 519//1434 521//1434
f 519//1435 529//1435 521//1435
f 499//1436 515//1436 522//1436
f 525//1437 524//1437 496//1437
f 475//1438 509//1438 508//1438
f 496//1439 509//1439 525//1439
f 522//1440 501//1440 499//1440
f 497//1441 500//1441 498//1441
f 515//1442 519//1442 522//1442
f 530//1443 480//1443 531//1443
f 480//1444 485//1444 531//1444
f 537//1445 536//1445 538//1445
f 535//1446 552//1446 536//1446
f 538//1447 515//1447 514//1447
f 540//1448 548//1448 523//1448
f 550//1449 545//1449 532//1449
f 546//1450 549//1450 552//1450
f 540//1451 545//1451 548//1451
f 549//1452 551//1452 552//1452
f 513//1453 559//1453 528//1453
f 554//1454 549//1454 546//1454
f 549//1455 561//1455 551//1455
f 551//1456 561//1456 532//1456
f 559//1457 513//1457 487//1457
f 532//1458 540//1458 551//1458
f 566//1459 568//1459 563//1459
f 568//1460 539//1460 554//1460
f 569//1461 536//1461 537//1461
f 532//1462 545//1462 540//1462
f 565//1463 472//1463 480//1463
f 571//1464 570//1464 565//1464
f 533//1465 574//1465 575//1465
f 575//1466 577//1466 627//1466
f 579//1467 576//1467 577//1467
f 582//1468 575//1468 581//1468
f 575//1469 582//1469 577//1469
f 576//1470 579//1470 583//1470
f 581//1471 586//1471 587//1471
f 577//1472 582//1472 588//1472
f 560//1473 559//1473 589//1473
f 584//1474 582//1474 581//1474
f 579//1475 590//1475 583//1475
f 588//1476 592//1476 577//1476
f 577//1477 592//1477 579//1477
f 590//1478 579//1478 595//1478
f 592//1479 595//1479 579//1479
f 584//1480 594//1480 593//1480
f 585//1481 591//1481 594//1481
f 584//1482 593//1482 582//1482
f 597//1483 588//1483 593//1483
f 593//1484 588//1484 582//1484
f 587//1485 586//1485 544//1485
f 544//1486 586//1486 598//1486
f 595//1487 592//1487 596//1487
f 596//1488 592//1488 600//1488
f 594//1489 558//1489 593//1489
f 593//1490 558//1490 602//1490
f 602//1491 601//1491 593//1491
f 602//1492 604//1492 605//1492
f 595//1493 606//1493 590//1493
f 609//1494 610//1494 562//1494
f 611//1495 601//1495 602//1495
f 602//1496 605//1496 611//1496
f 601//1497 611//1497 603//1497
f 528//1498 559//1498 578//1498
f 576//1499 583//1499 569//1499
f 595//1500 596//1500 606//1500
f 612//1501 613//1501 630//1501
f 611//1502 614//1502 603//1502
f 607//1503 603//1503 614//1503
f 616//1504 615//1504 611//1504
f 590//1505 606//1505 599//1505
f 454//1506 559//1506 487//1506
f 621//1507 565//1507 623//1507
f 583//1508 599//1508 535//1508
f 546//1509 563//1509 554//1509
f 543//1510 566//1510 563//1510
f 556//1511 551//1511 567//1511
f 556//1512 567//1512 519//1512
f 566//1513 542//1513 624//1513
f 559//1514 618//1514 589//1514
f 565//1515 618//1515 559//1515
f 567//1516 540//1516 523//1516
f 554//1517 539//1517 534//1517
f 619//1518 559//1518 454//1518
f 618//1519 565//1519 621//1519
f 573//1520 572//1520 571//1520
f 594//1521 584//1521 585//1521
f 583//1522 590//1522 599//1522
f 601//1523 597//1523 593//1523
f 466//1524 472//1524 565//1524
f 611//1525 617//1525 616//1525
f 532//1526 534//1526 550//1526
f 548//1527 526//1527 523//1527
f 530//1528 571//1528 565//1528
f 625//1529 607//1529 614//1529
f 614//1530 626//1530 625//1530
f 530//1531 565//1531 480//1531
f 570//1532 571//1532 572//1532
f 572//1533 533//1533 580//1533
f 576//1534 580//1534 627//1534
f 533//1535 575//1535 627//1535
f 627//1536 577//1536 576//1536
f 628//1537 581//1537 574//1537
f 581//1538 575//1538 574//1538
f 628//1539 586//1539 581//1539
f 587//1540 585//1540 581//1540
f 581//1541 585//1541 584//1541
f 598//1542 586//1542 628//1542
f 629//1543 569//1543 537//1543
f 587//1544 591//1544 585//1544
f 541//1545 546//1545 535//1545
f 573//1546 533//1546 572//1546
f 547//1547 587//1547 544//1547
f 574//1548 533//1548 573//1548
f 627//1549 580//1549 533//1549
f 594//1550 553//1550 555//1550
f 547//1551 591//1551 587//1551
f 557//1552 591//1552 547//1552
f 588//1553 597//1553 592//1553
f 592//1554 597//1554 600//1554
f 557//1555 553//1555 591//1555
f 596//1556 600//1556 608//1556
f 562//1557 553//1557 557//1557
f 562//1558 555//1558 553//1558
f 597//1559 601//1559 600//1559
f 591//1560 553//1560 594//1560
f 562//1561 557//1561 609//1561
f 604//1562 602//1562 558//1562
f 600//1563 607//1563 608//1563
f 578//1564 559//1564 560//1564
f 601//1565 603//1565 600//1565
f 594//1566 555//1566 558//1566
f 603//1567 607//1567 600//1567
f 630//1568 605//1568 564//1568
f 612//1569 630//1569 564//1569
f 620//1570 608//1570 625//1570
f 562//1571 564//1571 555//1571
f 605//1572 630//1572 613//1572
f 555//1573 604//1573 558//1573
f 564//1574 604//1574 555//1574
f 580//1575 569//1575 629//1575
f 576//1576 569//1576 580//1576
f 620//1577 596//1577 608//1577
f 605//1578 604//1578 564//1578
f 615//1579 614//1579 611//1579
f 622//1580 606//1580 543//1580
f 543//1581 606//1581 596//1581
f 569//1582 583//1582 535//1582
f 606//1583 622//1583 541//1583
f 562//1584 612//1584 564//1584
f 542//1585 543//1585 620//1585
f 625//1586 608//1586 607//1586
f 606//1587 541//1587 599//1587
f 610//1588 612//1588 562//1588
f 619//1589 466//1589 559//1589
f 559//1590 466//1590 565//1590
f 538//1591 536//1591 515//1591
f 535//1592 546//1592 552//1592
f 613//1593 617//1593 605//1593
f 622//1594 563//1594 541//1594
f 552//1595 556//1595 536//1595
f 556//1596 552//1596 551//1596
f 541//1597 563//1597 546//1597
f 536//1598 556//1598 515//1598
f 543//1599 563//1599 622//1599
f 617//1600 611//1600 605//1600
f 556//1601 519//1601 515//1601
f 623//1602 565//1602 570//1602
f 554//1603 561//1603 549//1603
f 542//1604 566//1604 543//1604
f 596//1605 620//1605 543//1605
f 554//1606 563//1606 568//1606
f 519//1607 567//1607 529//1607
f 540//1608 567//1608 551//1608
f 626//1609 620//1609 625//1609
f 561//1610 534//1610 532//1610
f 624//1611 620//1611 626//1611
f 624//1612 542//1612 620//1612
f 523//1613 529//1613 567//1613
f 554//1614 534//1614 561//1614
f 535//1615 599//1615 541//1615
f 569//1616 535//1616 536//1616
f 614//1617 636//1617 626//1617
f 638//1618 609//1618 631//1618
f 634//1619 615//1619 635//1619
f 636//1620 614//1620 633//1620
f 557//1621 547//1621 632//1621
f 609//1622 557//1622 631//1622
f 614//1623 634//1623 633//1623
f 610//1624 609//1624 641//1624
f 641//1625 609//1625 638//1625
f 615//1626 634//1626 614//1626
f 631//1627 557//1627 632//1627
f 642//1628 617//1628 643//1628
f 616//1629 637//1629 615//1629
f 615//1630 637//1630 635//1630
f 617//1631 637//1631 616//1631
f 637//1632 617//1632 642//1632
f 613//1633 643//1633 617//1633
f 632//1634 547//1634 639//1634
f 613//1635 644//1635 643//1635
f 612//1636 644//1636 613//1636
f 640//1637 639//1637 544//1637
f 547//1638 544//1638 639//1638
f 612//1639 610//1639 644//1639
f 644//1640 610//1640 641//1640
f 640//1641 544//1641 598//1641
f 645//1642 626//1642 636//1642
f 527//1643 648//1643 500//1643
f 649//1644 648//1644 650//1644
f 527//1645 651//1645 648//1645
f 526//1646 651//1646 527//1646
f 648//1647 651//1647 650//1647
f 548//1648 651//1648 526//1648
f 650//1649 651//1649 652//1649
f 548//1650 653//1650 651//1650
f 545//1651 653//1651 548//1651
f 550//1652 653//1652 545//1652
f 652//1653 651//1653 653//1653
f 534//1654 653//1654 550//1654
f 654//1655 653//1655 534//1655
f 655//1656 656//1656 657//1656
f 504//1657 656//1657 655//1657
f 657//1658 661//1658 658//1658
f 659//1659 1306//1659 1303//1659
f 656//1660 661//1660 657//1660
f 658//1661 660//1661 662//1661
f 658//1662 661//1662 660//1662
f 662//1663 663//1663 665//1663
f 663//1664 664//1664 665//1664
f 665//1665 664//1665 666//1665
f 664//1666 646//1666 666//1666
f 898//1667 667//1667 659//1667
f 666//1668 668//1668 669//1668
f 646//1669 668//1669 666//1669
f 898//1670 668//1670 667//1670
f 669//1671 668//1671 898//1671
f 671//1672 1307//1672 659//1672
f 671//1673 659//1673 667//1673
f 667//1674 668//1674 647//1674
f 647//1675 668//1675 646//1675
f 656//1676 504//1676 670//1676
f 664//1677 672//1677 646//1677
f 672//1678 664//1678 673//1678
f 1307//1679 671//1679 1308//1679
f 1308//1680 671//1680 676//1680
f 647//1681 677//1681 675//1681
f 671//1682 675//1682 676//1682
f 676//1683 675//1683 677//1683
f 646//1684 681//1684 647//1684
f 566//1685 679//1685 568//1685
f 672//1686 681//1686 646//1686
f 679//1687 682//1687 568//1687
f 568//1688 682//1688 539//1688
f 682//1689 684//1689 539//1689
f 677//1690 647//1690 685//1690
f 539//1691 684//1691 534//1691
f 647//1692 681//1692 685//1692
f 684//1693 654//1693 534//1693
f 681//1694 672//1694 683//1694
f 659//1695 1307//1695 1306//1695
f 690//1696 689//1696 680//1696
f 506//1697 678//1697 505//1697
f 691//1698 678//1698 694//1698
f 692//1699 689//1699 693//1699
f 689//1700 690//1700 693//1700
f 694//1701 678//1701 506//1701
f 680//1702 691//1702 690//1702
f 690//1703 691//1703 695//1703
f 503//1704 694//1704 506//1704
f 695//1705 691//1705 696//1705
f 694//1706 696//1706 691//1706
f 697//1707 648//1707 649//1707
f 667//1708 675//1708 671//1708
f 667//1709 647//1709 675//1709
f 656//1710 670//1710 661//1710
f 661//1711 670//1711 674//1711
f 663//1712 673//1712 664//1712
f 673//1713 663//1713 686//1713
f 661//1714 674//1714 686//1714
f 680//1715 670//1715 678//1715
f 680//1716 674//1716 670//1716
f 1309//1717 1308//1717 676//1717
f 504//1718 505//1718 670//1718
f 670//1719 505//1719 678//1719
f 689//1720 692//1720 686//1720
f 686//1721 692//1721 687//1721
f 678//1722 691//1722 680//1722
f 673//1723 687//1723 683//1723
f 688//1724 508//1724 655//1724
f 655//1725 508//1725 504//1725
f 686//1726 660//1726 661//1726
f 662//1727 660//1727 686//1727
f 686//1728 663//1728 662//1728
f 673//1729 686//1729 687//1729
f 686//1730 674//1730 689//1730
f 689//1731 674//1731 680//1731
f 672//1732 673//1732 683//1732
f 500//1733 694//1733 503//1733
f 694//1734 648//1734 696//1734
f 696//1735 648//1735 697//1735
f 500//1736 648//1736 694//1736
f 701//1737 1317//1737 1319//1737
f 1305//1738 1304//1738 705//1738
f 1317//1739 701//1739 420//1739
f 1301//1740 704//1740 702//1740
f 1323//1741 698//1741 1300//1741
f 705//1742 1304//1742 708//1742
f 1323//1743 699//1743 698//1743
f 706//1744 1300//1744 698//1744
f 1304//1745 706//1745 708//1745
f 707//1746 1302//1746 1305//1746
f 1299//1747 702//1747 703//1747
f 1305//1748 705//1748 707//1748
f 1321//1749 699//1749 1323//1749
f 706//1750 1304//1750 1300//1750
f 1302//1751 707//1751 704//1751
f 1322//1752 1299//1752 703//1752
f 1299//1753 1301//1753 702//1753
f 704//1754 1301//1754 1302//1754
f 1320//1755 1318//1755 700//1755
f 699//1756 1321//1756 709//1756
f 1321//1757 1320//1757 709//1757
f 709//1758 1320//1758 700//1758
f 703//1759 1319//1759 1322//1759
f 701//1760 1319//1760 703//1760
f 711//1761 1312//1761 715//1761
f 712//1762 1315//1762 710//1762
f 1316//1763 1315//1763 714//1763
f 714//1764 1315//1764 712//1764
f 710//1765 1314//1765 713//1765
f 716//1766 1318//1766 1316//1766
f 1315//1767 1314//1767 710//1767
f 716//1768 700//1768 1318//1768
f 713//1769 1313//1769 711//1769
f 711//1770 1313//1770 1312//1770
f 713//1771 1314//1771 1313//1771
f 716//1772 1316//1772 714//1772
f 717//1773 508//1773 688//1773
f 476//1774 475//1774 717//1774
f 475//1775 508//1775 717//1775
f 566//1776 624//1776 679//1776
f 624//1777 645//1777 679//1777
f 624//1778 626//1778 645//1778
f 720//1779 721//1779 722//1779
f 720//1780 722//1780 736//1780
f 725//1781 719//1781 718//1781
f 725//1782 726//1782 719//1782
f 727//1783 728//1783 721//1783
f 991//1784 724//1784 723//1784
f 727//1785 721//1785 720//1785
f 428//1786 726//1786 725//1786
f 991//1787 729//1787 724//1787
f 730//1788 728//1788 727//1788
f 731//1789 729//1789 991//1789
f 730//1790 732//1790 728//1790
f 733//1791 734//1791 417//1791
f 733//1792 417//1792 416//1792
f 735//1793 732//1793 730//1793
f 736//1794 729//1794 731//1794
f 735//1795 737//1795 732//1795
f 736//1796 722//1796 729//1796
f 738//1797 737//1797 735//1797
f 723//1798 734//1798 733//1798
f 723//1799 724//1799 734//1799
f 718//1800 737//1800 738//1800
f 718//1801 719//1801 737//1801
f 417//1802 342//1802 344//1802
f 742//1803 737//1803 719//1803
f 741//1804 737//1804 742//1804
f 740//1805 342//1805 417//1805
f 740//1806 417//1806 734//1806
f 741//1804 732//1804 737//1804
f 742//1807 726//1807 743//1807
f 741//1808 728//1808 732//1808
f 743//1809 726//1809 433//1809
f 742//1810 719//1810 726//1810
f 740//1811 734//1811 724//1811
f 740//1812 724//1812 729//1812
f 740//1812 729//1812 722//1812
f 740//1813 722//1813 721//1813
f 740//1813 721//1813 728//1813
f 740//1814 728//1814 741//1814
f 739//1815 740//1815 741//1815
f 628//1816 574//1816 598//1816
f 598//1817 574//1817 640//1817
f 574//1818 744//1818 640//1818
f 640//1819 744//1819 745//1819
f 745//1820 744//1820 746//1820
f 744//1821 747//1821 746//1821
f 381//1822 395//1822 746//1822
f 747//1823 381//1823 746//1823
f 747//1824 748//1824 381//1824
f 395//1825 2153//1825 746//1825
f 573//1826 744//1826 574//1826
f 571//1827 754//1827 573//1827
f 336//1828 757//1828 1197//1828
f 393//1829 382//1829 755//1829
f 382//1830 756//1830 758//1830
f 758//1831 756//1831 759//1831
f 759//1832 760//1832 531//1832
f 336//1833 761//1833 757//1833
f 756//1834 760//1834 759//1834
f 336//1835 337//1835 761//1835
f 337//1836 340//1836 761//1836
f 760//1837 571//1837 531//1837
f 340//1838 762//1838 761//1838
f 531//1839 571//1839 530//1839
f 382//1840 758//1840 755//1840
f 340//1841 763//1841 762//1841
f 340//1842 339//1842 763//1842
f 339//1843 764//1843 763//1843
f 339//1844 398//1844 764//1844
f 377//1845 765//1845 376//1845
f 397//1846 755//1846 398//1846
f 398//1847 755//1847 764//1847
f 397//1848 393//1848 755//1848
f 376//1849 756//1849 382//1849
f 765//1850 756//1850 376//1850
f 766//1851 813//1851 770//1851
f 772//1852 418//1852 767//1852
f 773//1853 766//1853 770//1853
f 773//1854 767//1854 766//1854
f 773//1855 770//1855 775//1855
f 776//1856 774//1856 769//1856
f 777//1857 774//1857 776//1857
f 775//1858 774//1858 777//1858
f 636//1859 779//1859 645//1859
f 777//1860 776//1860 746//1860
f 745//1861 746//1861 776//1861
f 777//1862 746//1862 781//1862
f 635//1863 642//1863 783//1863
f 635//1864 637//1864 642//1864
f 782//1865 812//1865 779//1865
f 784//1866 634//1866 635//1866
f 784//1867 635//1867 783//1867
f 786//1868 636//1868 633//1868
f 642//1869 787//1869 783//1869
f 784//1870 783//1870 788//1870
f 783//1871 787//1871 788//1871
f 634//1872 786//1872 633//1872
f 785//1873 787//1873 642//1873
f 784//1874 789//1874 790//1874
f 790//1875 782//1875 779//1875
f 788//1876 789//1876 784//1876
f 793//1877 782//1877 790//1877
f 792//1878 788//1878 787//1878
f 798//1879 782//1879 793//1879
f 797//1880 792//1880 796//1880
f 798//1881 791//1881 782//1881
f 798//1882 793//1882 790//1882
f 794//1883 644//1883 641//1883
f 801//1884 791//1884 798//1884
f 800//1885 802//1885 803//1885
f 789//1886 798//1886 790//1886
f 796//1887 794//1887 806//1887
f 800//1888 798//1888 789//1888
f 795//1889 791//1889 801//1889
f 800//1890 801//1890 798//1890
f 804//1891 803//1891 802//1891
f 805//1892 804//1892 797//1892
f 801//1893 800//1893 803//1893
f 806//1894 794//1894 641//1894
f 803//1895 804//1895 807//1895
f 803//1896 795//1896 801//1896
f 419//1897 795//1897 803//1897
f 807//1898 419//1898 803//1898
f 779//1899 636//1899 786//1899
f 779//1900 786//1900 790//1900
f 810//1901 808//1901 806//1901
f 807//1902 805//1902 767//1902
f 784//1903 786//1903 634//1903
f 419//1904 807//1904 418//1904
f 784//1905 790//1905 786//1905
f 794//1906 785//1906 643//1906
f 774//1907 768//1907 769//1907
f 771//1908 768//1908 774//1908
f 632//1909 639//1909 769//1909
f 424//1910 772//1910 778//1910
f 776//1911 769//1911 639//1911
f 778//1912 811//1912 424//1912
f 778//1913 781//1913 811//1913
f 778//1914 780//1914 781//1914
f 640//1915 745//1915 639//1915
f 776//1916 639//1916 745//1916
f 787//1917 785//1917 792//1917
f 802//1918 789//1918 788//1918
f 799//1919 802//1919 788//1919
f 802//1920 800//1920 789//1920
f 797//1921 799//1921 792//1921
f 785//1922 642//1922 643//1922
f 799//1923 804//1923 802//1923
f 796//1924 808//1924 797//1924
f 644//1925 794//1925 643//1925
f 796//1926 806//1926 808//1926
f 807//1927 804//1927 805//1927
f 641//1928 810//1928 806//1928
f 792//1929 785//1929 794//1929
f 771//1930 808//1930 810//1930
f 768//1931 638//1931 631//1931
f 810//1932 768//1932 771//1932
f 796//1933 792//1933 794//1933
f 769//1934 631//1934 632//1934
f 769//1935 768//1935 631//1935
f 774//1936 770//1936 771//1936
f 418//1937 772//1937 424//1937
f 772//1938 767//1938 773//1938
f 774//1939 775//1939 770//1939
f 773//1940 777//1940 780//1940
f 773//1941 775//1941 777//1941
f 772//1942 780//1942 778//1942
f 772//1943 773//1943 780//1943
f 777//1944 781//1944 780//1944
f 788//1945 792//1945 799//1945
f 808//1946 809//1946 797//1946
f 804//1947 799//1947 797//1947
f 805//1948 797//1948 809//1948
f 810//1949 641//1949 638//1949
f 809//1950 767//1950 805//1950
f 813//1951 809//1951 808//1951
f 768//1952 810//1952 638//1952
f 771//1953 813//1953 808//1953
f 766//1954 809//1954 813//1954
f 418//1955 807//1955 767//1955
f 766//1956 767//1956 809//1956
f 770//1957 813//1957 771//1957
f 679//1958 645//1958 779//1958
f 814//1959 679//1959 779//1959
f 814//1960 779//1960 812//1960
f 815//1961 814//1961 812//1961
f 815//1962 812//1962 782//1962
f 816//1963 782//1963 791//1963
f 816//1964 815//1964 782//1964
f 817//1965 816//1965 791//1965
f 817//1966 791//1966 795//1966
f 818//1967 817//1967 795//1967
f 818//1968 795//1968 419//1968
f 420//1969 818//1969 419//1969
f 819//1970 682//1970 679//1970
f 701//1971 703//1971 862//1971
f 814//1972 819//1972 679//1972
f 815//1973 819//1973 814//1973
f 815//1974 820//1974 819//1974
f 823//1975 866//1975 821//1975
f 822//1976 650//1976 652//1976
f 828//1977 866//1977 823//1977
f 829//1978 826//1978 830//1978
f 836//1979 833//1979 834//1979
f 837//1980 822//1980 652//1980
f 835//1981 838//1981 828//1981
f 840//1982 836//1982 839//1982
f 700//1983 838//1983 835//1983
f 842//1984 823//1984 821//1984
f 837//1985 821//1985 822//1985
f 843//1986 840//1986 841//1986
f 843//1987 841//1987 844//1987
f 848//1988 828//1988 823//1988
f 848//1989 823//1989 842//1989
f 842//1990 821//1990 837//1990
f 816//1991 849//1991 815//1991
f 835//1992 828//1992 848//1992
f 824//1993 850//1993 826//1993
f 824//1994 826//1994 825//1994
f 825//1995 851//1995 824//1995
f 826//1996 850//1996 852//1996
f 824//1997 842//1997 837//1997
f 824//1998 837//1998 850//1998
f 831//1999 827//1999 825//1999
f 709//2000 700//2000 835//2000
f 698//2001 827//2001 831//2001
f 829//2002 832//2002 831//2002
f 854//2003 835//2003 848//2003
f 706//2004 831//2004 832//2004
f 853//2005 837//2005 652//2005
f 851//2006 842//2006 824//2006
f 851//2007 848//2007 842//2007
f 853//2008 652//2008 653//2008
f 850//2009 837//2009 853//2009
f 709//2010 835//2010 854//2010
f 836//2011 855//2011 833//2011
f 834//2012 839//2012 836//2012
f 854//2013 848//2013 851//2013
f 699//2014 709//2014 854//2014
f 840//2015 859//2015 836//2015
f 839//2016 841//2016 840//2016
f 827//2017 854//2017 851//2017
f 852//2018 850//2018 853//2018
f 845//2019 846//2019 844//2019
f 699//2020 854//2020 827//2020
f 847//2021 844//2021 846//2021
f 846//2022 845//2022 820//2022
f 849//2023 846//2023 820//2023
f 849//2024 820//2024 815//2024
f 856//2025 846//2025 849//2025
f 816//2026 856//2026 849//2026
f 857//2027 852//2027 853//2027
f 858//2028 853//2028 653//2028
f 827//2029 851//2029 825//2029
f 829//2030 825//2030 826//2030
f 829//2031 831//2031 825//2031
f 857//2032 853//2032 858//2032
f 859//2033 855//2033 836//2033
f 843//2034 860//2034 840//2034
f 858//2035 653//2035 654//2035
f 857//2036 826//2036 852//2036
f 706//2037 698//2037 831//2037
f 856//2038 847//2038 846//2038
f 856//2039 862//2039 847//2039
f 830//2040 826//2040 857//2040
f 863//2041 857//2041 858//2041
f 817//2042 856//2042 816//2042
f 817//2043 818//2043 856//2043
f 864//2044 829//2044 830//2044
f 834//2045 857//2045 863//2045
f 864//2046 832//2046 829//2046
f 863//2047 858//2047 654//2047
f 830//2048 857//2048 834//2048
f 859//2049 865//2049 855//2049
f 860//2050 859//2050 840//2050
f 861//2051 860//2051 843//2051
f 708//2052 832//2052 864//2052
f 833//2053 864//2053 830//2053
f 833//2054 830//2054 834//2054
f 818//2055 862//2055 856//2055
f 867//2056 708//2056 864//2056
f 827//2057 698//2057 699//2057
f 855//2058 864//2058 833//2058
f 832//2059 708//2059 706//2059
f 867//2060 855//2060 707//2060
f 839//2061 834//2061 863//2061
f 865//2062 707//2062 855//2062
f 860//2063 865//2063 859//2063
f 867//2064 864//2064 855//2064
f 861//2065 702//2065 860//2065
f 861//2066 703//2066 702//2066
f 705//2067 708//2067 867//2067
f 862//2068 703//2068 847//2068
f 818//2069 701//2069 862//2069
f 839//2070 863//2070 868//2070
f 868//2071 863//2071 654//2071
f 828//2072 881//2072 866//2072
f 707//2073 705//2073 867//2073
f 868//2074 654//2074 684//2074
f 420//2075 701//2075 818//2075
f 841//2076 839//2076 868//2076
f 704//2077 707//2077 865//2077
f 704//2078 865//2078 860//2078
f 869//2079 868//2079 684//2079
f 845//2080 868//2080 869//2080
f 845//2081 841//2081 868//2081
f 869//2082 684//2082 682//2082
f 702//2083 704//2083 860//2083
f 844//2084 841//2084 845//2084
f 847//2085 843//2085 844//2085
f 819//2086 869//2086 682//2086
f 847//2087 861//2087 843//2087
f 703//2088 861//2088 847//2088
f 820//2089 845//2089 869//2089
f 820//2090 869//2090 819//2090
f 871//2091 872//2091 873//2091
f 649//2092 871//2092 697//2092
f 872//2093 870//2093 874//2093
f 874//2094 870//2094 714//2094
f 712//2095 877//2095 874//2095
f 875//2096 887//2096 713//2096
f 876//2097 873//2097 874//2097
f 876//2098 871//2098 873//2098
f 875//2099 713//2099 711//2099
f 879//2100 711//2100 715//2100
f 877//2101 712//2101 710//2101
f 876//2102 880//2102 871//2102
f 716//2103 838//2103 700//2103
f 877//2104 882//2104 876//2104
f 877//2105 710//2105 882//2105
f 696//2106 697//2106 878//2106
f 884//2107 876//2107 882//2107
f 880//2108 876//2108 885//2108
f 696//2109 878//2109 886//2109
f 886//2110 880//2110 885//2110
f 884//2111 885//2111 876//2111
f 685//2112 681//2112 890//2112
f 685//2113 890//2113 879//2113
f 677//2114 685//2114 879//2114
f 884//2115 887//2115 891//2115
f 891//2116 885//2116 884//2116
f 892//2117 676//2117 879//2117
f 886//2118 885//2118 893//2118
f 696//2119 886//2119 695//2119
f 887//2120 875//2120 891//2120
f 893//2121 695//2121 886//2121
f 883//2122 821//2122 866//2122
f 893//2123 894//2123 693//2123
f 693//2124 690//2124 893//2124
f 683//2125 687//2125 895//2125
f 838//2126 881//2126 828//2126
f 650//2127 822//2127 883//2127
f 881//2128 838//2128 870//2128
f 872//2129 866//2129 881//2129
f 714//2130 870//2130 716//2130
f 712//2131 874//2131 714//2131
f 872//2132 874//2132 873//2132
f 871//2133 878//2133 697//2133
f 876//2134 874//2134 877//2134
f 878//2135 871//2135 880//2135
f 882//2136 710//2136 713//2136
f 880//2137 886//2137 878//2137
f 887//2138 882//2138 713//2138
f 887//2139 884//2139 882//2139
f 894//2140 885//2140 891//2140
f 894//2141 893//2141 885//2141
f 893//2142 690//2142 695//2142
f 875//2143 888//2143 891//2143
f 888//2144 894//2144 891//2144
f 875//2145 889//2145 888//2145
f 895//2146 693//2146 894//2146
f 895//2147 894//2147 888//2147
f 889//2148 875//2148 711//2148
f 895//2149 692//2149 693//2149
f 711//2150 890//2150 889//2150
f 683//2151 895//2151 888//2151
f 889//2152 683//2152 888//2152
f 895//2153 687//2153 692//2153
f 681//2154 889//2154 890//2154
f 711//2155 879//2155 890//2155
f 681//2156 683//2156 889//2156
f 676//2157 677//2157 879//2157
f 892//2158 879//2158 715//2158
f 892//2159 715//2159 1312//2159
f 676//2160 892//2160 1309//2160
f 1309//2161 892//2161 1312//2161
f 821//2162 883//2162 822//2162
f 870//2163 838//2163 716//2163
f 872//2164 881//2164 870//2164
f 649//2165 650//2165 883//2165
f 883//2166 866//2166 872//2166
f 649//2167 883//2167 871//2167
f 872//2168 871//2168 883//2168
f 901//2169 899//2169 898//2169
f 659//2170 900//2170 898//2170
f 900//2171 901//2171 898//2171
f 900//2172 404//2172 901//2172
f 404//2173 400//2173 901//2173
f 906//2174 658//2174 662//2174
f 904//2175 909//2175 905//2175
f 400//2176 896//2176 910//2176
f 897//2177 910//2177 908//2177
f 400//2178 910//2178 897//2178
f 911//2179 903//2179 907//2179
f 657//2180 688//2180 655//2180
f 662//2181 665//2181 912//2181
f 912//2182 897//2182 908//2182
f 665//2183 666//2183 913//2183
f 665//2184 897//2184 912//2184
f 913//2185 897//2185 665//2185
f 899//2186 913//2186 669//2186
f 899//2187 897//2187 913//2187
f 899//2188 669//2188 898//2188
f 657//2189 658//2189 914//2189
f 896//2190 400//2190 403//2190
f 400//2191 897//2191 899//2191
f 899//2192 901//2192 400//2192
f 914//2193 658//2193 906//2193
f 909//2194 910//2194 896//2194
f 906//2195 908//2195 914//2195
f 404//2196 900//2196 1294//2196
f 906//2197 912//2197 908//2197
f 1303//2198 900//2198 659//2198
f 912//2199 906//2199 662//2199
f 913//2200 666//2200 669//2200
f 900//2201 1303//2201 1294//2201
f 911//2202 914//2202 908//2202
f 902//2203 688//2203 657//2203
f 657//2204 907//2204 902//2204
f 902//2205 907//2205 903//2205
f 904//2206 903//2206 911//2206
f 911//2207 909//2207 904//2207
f 657//2208 914//2208 907//2208
f 403//2209 905//2209 896//2209
f 911//2210 907//2210 914//2210
f 909//2211 896//2211 905//2211
f 909//2212 911//2212 908//2212
f 910//2213 909//2213 908//2213
f 919//2214 476//2214 717//2214
f 918//2215 476//2215 919//2215
f 923//2216 902//2216 925//2216
f 921//2217 905//2217 920//2217
f 927//2218 918//2218 915//2218
f 717//2219 688//2219 923//2219
f 921//2220 920//2220 930//2220
f 928//2221 921//2221 930//2221
f 922//2222 924//2222 931//2222
f 928//2223 926//2223 904//2223
f 928//2224 930//2224 933//2224
f 927//2225 937//2225 929//2225
f 935//2226 717//2226 925//2226
f 925//2227 926//2227 934//2227
f 925//2228 902//2228 903//2228
f 936//2229 401//2229 944//2229
f 934//2230 926//2230 941//2230
f 933//2231 920//2231 403//2231
f 933//2232 930//2232 920//2232
f 943//2233 942//2233 917//2233
f 935//2234 919//2234 717//2234
f 916//2235 917//2235 942//2235
f 933//2236 403//2236 401//2236
f 941//2237 940//2237 943//2237
f 922//2238 927//2238 915//2238
f 918//2239 934//2239 941//2239
f 918//2240 919//2240 935//2240
f 927//2241 922//2241 931//2241
f 942//2242 933//2242 916//2242
f 937//2243 939//2243 929//2243
f 929//2244 939//2244 932//2244
f 936//2245 931//2245 924//2245
f 916//2246 933//2246 401//2246
f 924//2247 401//2247 936//2247
f 918//2248 941//2248 915//2248
f 917//2249 915//2249 943//2249
f 917//2250 922//2250 915//2250
f 905//2251 403//2251 920//2251
f 905//2252 921//2252 904//2252
f 923//2253 688//2253 902//2253
f 926//2254 925//2254 903//2254
f 926//2255 903//2255 904//2255
f 904//2256 921//2256 928//2256
f 929//2257 918//2257 927//2257
f 927//2258 931//2258 937//2258
f 932//2259 918//2259 929//2259
f 932//2260 476//2260 918//2260
f 938//2261 931//2261 936//2261
f 938//2262 937//2262 931//2262
f 934//2263 918//2263 935//2263
f 925//2264 717//2264 923//2264
f 925//2265 934//2265 935//2265
f 941//2266 943//2266 915//2266
f 928//2267 933//2267 940//2267
f 940//2268 926//2268 928//2268
f 926//2269 940//2269 941//2269
f 940//2270 933//2270 942//2270
f 943//2271 940//2271 942//2271
f 924//2272 917//2272 916//2272
f 924//2273 922//2273 917//2273
f 924//2274 916//2274 401//2274
f 932//2275 939//2275 946//2275
f 938//2276 939//2276 937//2276
f 945//2277 946//2277 939//2277
f 945//2278 939//2278 938//2278
f 476//2279 932//2279 946//2279
f 938//2280 936//2280 947//2280
f 938//2281 947//2281 948//2281
f 946//2282 949//2282 471//2282
f 945//2283 938//2283 948//2283
f 948//2284 949//2284 945//2284
f 410//2285 407//2285 951//2285
f 953//2286 951//2286 407//2286
f 956//2287 955//2287 952//2287
f 953//2288 954//2288 951//2288
f 442//2289 471//2289 949//2289
f 493//2290 495//2290 955//2290
f 954//2291 953//2291 465//2291
f 483//2292 956//2292 954//2292
f 957//2293 1251//2293 494//2293
f 1253//2294 957//2294 407//2294
f 494//2295 953//2295 957//2295
f 1251//2296 957//2296 1253//2296
f 947//2297 936//2297 944//2297
f 410//2298 944//2298 401//2298
f 951//2299 952//2299 410//2299
f 954//2300 952//2300 951//2300
f 955//2301 950//2301 952//2301
f 956//2302 952//2302 954//2302
f 956//2303 493//2303 955//2303
f 493//2304 956//2304 483//2304
f 945//2305 949//2305 946//2305
f 950//2306 947//2306 944//2306
f 948//2307 947//2307 950//2307
f 944//2308 952//2308 950//2308
f 958//2309 949//2309 948//2309
f 410//2310 952//2310 944//2310
f 958//2311 442//2311 949//2311
f 958//2312 948//2312 950//2312
f 958//2313 495//2313 442//2313
f 955//2314 958//2314 950//2314
f 955//2315 495//2315 958//2315
f 465//2316 483//2316 954//2316
f 953//2317 407//2317 957//2317
f 458//2318 465//2318 953//2318
f 458//2319 953//2319 494//2319
f 759//2320 485//2320 959//2320
f 759//2321 531//2321 485//2321
f 758//2322 759//2322 959//2322
f 960//2323 959//2323 961//2323
f 960//2324 758//2324 959//2324
f 962//2325 960//2325 961//2325
f 962//2326 961//2326 963//2326
f 962//2327 963//2327 416//2327
f 964//2328 962//2328 416//2328
f 965//2329 966//2329 996//2329
f 965//2330 996//2330 733//2330
f 968//2331 967//2331 969//2331
f 970//2332 966//2332 965//2332
f 479//2333 478//2333 967//2333
f 479//2334 967//2334 968//2334
f 970//2335 969//2335 966//2335
f 971//2336 969//2336 970//2336
f 968//2337 969//2337 971//2337
f 963//2338 733//2338 416//2338
f 963//2339 965//2339 733//2339
f 961//2340 965//2340 963//2340
f 961//2341 970//2341 965//2341
f 959//2342 968//2342 971//2342
f 959//2343 970//2343 961//2343
f 959//2344 971//2344 970//2344
f 485//2345 968//2345 959//2345
f 485//2346 479//2346 968//2346
f 972//2347 428//2347 725//2347
f 972//2348 973//2348 428//2348
f 974//2349 973//2349 972//2349
f 975//2350 973//2350 974//2350
f 977//2351 975//2351 974//2351
f 976//2352 459//2352 975//2352
f 976//2353 975//2353 977//2353
f 462//2354 459//2354 976//2354
f 981//2355 730//2355 727//2355
f 981//2356 727//2356 720//2356
f 983//2357 982//2357 981//2357
f 984//2358 725//2358 718//2358
f 984//2359 972//2359 725//2359
f 987//2360 972//2360 984//2360
f 985//2361 986//2361 983//2361
f 736//2362 731//2362 988//2362
f 985//2363 736//2363 988//2363
f 987//2364 977//2364 972//2364
f 988//2365 986//2365 985//2365
f 986//2366 989//2366 983//2366
f 989//2367 992//2367 990//2367
f 989//2368 986//2368 992//2368
f 988//2369 731//2369 991//2369
f 988//2370 992//2370 986//2370
f 993//2371 977//2371 987//2371
f 994//2372 478//2372 482//2372
f 988//2373 991//2373 995//2373
f 993//2374 976//2374 977//2374
f 978//2375 984//2375 718//2375
f 997//2376 976//2376 993//2376
f 978//2377 718//2377 738//2377
f 998//2378 984//2378 978//2378
f 998//2379 987//2379 984//2379
f 462//2380 976//2380 997//2380
f 993//2381 987//2381 998//2381
f 978//2382 738//2382 735//2382
f 979//2383 978//2383 735//2383
f 979//2384 735//2384 980//2384
f 464//2385 462//2385 997//2385
f 735//2386 730//2386 980//2386
f 1000//2387 998//2387 979//2387
f 981//2388 980//2388 730//2388
f 1000//2389 993//2389 998//2389
f 1001//2390 993//2390 1000//2390
f 988//2391 995//2391 992//2391
f 997//2392 993//2392 1001//2392
f 1000//2393 979//2393 980//2393
f 428//2394 973//2394 999//2394
f 1003//2395 997//2395 1001//2395
f 469//2396 997//2396 1003//2396
f 469//2397 464//2397 997//2397
f 1004//2398 1000//2398 980//2398
f 1005//2399 1000//2399 1004//2399
f 1005//2400 1001//2400 1000//2400
f 1004//2401 980//2401 981//2401
f 1004//2402 981//2402 982//2402
f 1003//2403 1001//2403 1005//2403
f 978//2404 979//2404 998//2404
f 983//2405 981//2405 720//2405
f 1006//2406 1003//2406 1005//2406
f 1007//2407 1004//2407 982//2407
f 1007//2408 1005//2408 1004//2408
f 482//2409 469//2409 1003//2409
f 482//2410 1003//2410 1006//2410
f 985//2411 720//2411 736//2411
f 985//2412 983//2412 720//2412
f 1006//2413 1005//2413 1007//2413
f 989//2414 1007//2414 982//2414
f 989//2415 982//2415 983//2415
f 990//2416 1007//2416 989//2416
f 977//2417 974//2417 972//2417
f 990//2418 1006//2418 1007//2418
f 994//2419 1006//2419 990//2419
f 482//2420 1006//2420 994//2420
f 996//2421 991//2421 723//2421
f 1002//2422 990//2422 992//2422
f 967//2423 994//2423 990//2423
f 996//2424 995//2424 991//2424
f 478//2425 994//2425 967//2425
f 967//2426 990//2426 1002//2426
f 966//2427 995//2427 996//2427
f 969//2428 992//2428 995//2428
f 969//2429 995//2429 966//2429
f 969//2430 1002//2430 992//2430
f 967//2431 1002//2431 969//2431
f 733//2432 996//2432 723//2432
f 1013//2433 427//2433 999//2433
f 1010//2434 1013//2434 999//2434
f 1011//2435 1008//2435 1014//2435
f 1010//2436 1011//2436 1014//2436
f 1014//2437 1008//2437 1012//2437
f 431//2438 427//2438 1013//2438
f 1010//2439 1015//2439 1013//2439
f 449//2440 1024//2440 452//2440
f 1016//2441 1024//2441 449//2441
f 1010//2442 1019//2442 1015//2442
f 1010//2443 1014//2443 1019//2443
f 1019//2444 1014//2444 1017//2444
f 1017//2445 1012//2445 1020//2445
f 1017//2446 1021//2446 1019//2446
f 1019//2447 1021//2447 1023//2447
f 1021//2448 1017//2448 1022//2448
f 1020//2449 1022//2449 1017//2449
f 1016//2450 449//2450 443//2450
f 1024//2451 1022//2451 1020//2451
f 435//2452 1027//2452 443//2452
f 1021//2453 1029//2453 1023//2453
f 1021//2454 1022//2454 1029//2454
f 1024//2455 1020//2455 453//2455
f 426//2456 1030//2456 1018//2456
f 430//2457 426//2457 1018//2457
f 1029//2458 1030//2458 1023//2458
f 429//2459 1032//2459 447//2459
f 429//2460 1033//2460 1032//2460
f 429//2461 447//2461 1034//2461
f 1025//2462 1029//2462 1031//2462
f 1030//2463 1029//2463 1026//2463
f 1026//2464 1029//2464 1025//2464
f 481//2465 1036//2465 488//2465
f 1036//2466 1035//2466 488//2466
f 1035//2467 1036//2467 1033//2467
f 1035//2468 1033//2468 430//2468
f 1009//2469 459//2469 455//2469
f 427//2470 428//2470 999//2470
f 1008//2471 1009//2471 1012//2471
f 1012//2472 1009//2472 455//2472
f 1017//2473 1014//2473 1012//2473
f 455//2474 453//2474 1020//2474
f 1015//2475 431//2475 1013//2475
f 1024//2476 1031//2476 1022//2476
f 1029//2477 1022//2477 1031//2477
f 1008//2478 975//2478 459//2478
f 425//2479 431//2479 1015//2479
f 1020//2480 1012//2480 455//2480
f 425//2481 1015//2481 1019//2481
f 425//2482 1019//2482 1023//2482
f 453//2483 452//2483 1024//2483
f 1030//2484 426//2484 1023//2484
f 1031//2485 1024//2485 1016//2485
f 1016//2486 1025//2486 1031//2486
f 1030//2487 1026//2487 1018//2487
f 1027//2488 1025//2488 1016//2488
f 1027//2489 1016//2489 443//2489
f 488//2490 1028//2490 435//2490
f 1028//2491 1027//2491 435//2491
f 1028//2492 1025//2492 1027//2492
f 1026//2493 1028//2493 1035//2493
f 1026//2494 1025//2494 1028//2494
f 1035//2495 1018//2495 1026//2495
f 1035//2496 1028//2496 488//2496
f 1032//2497 1036//2497 481//2497
f 1032//2498 481//2498 461//2498
f 1035//2499 430//2499 1018//2499
f 1033//2500 1036//2500 1032//2500
f 447//2501 1032//2501 461//2501
f 429//2502 430//2502 1033//2502
f 489//2503 1034//2503 447//2503
f 1252//2504 1034//2504 489//2504
f 429//2505 1034//2505 1254//2505
f 1254//2506 1034//2506 1252//2506
f 1008//2507 459//2507 1009//2507
f 975//2508 1011//2508 973//2508
f 1011//2509 975//2509 1008//2509
f 1011//2510 999//2510 973//2510
f 1011//2511 1010//2511 999//2511
f 1079//2512 1038//2512 385//2512
f 385//2513 1038//2513 386//2513
f 1163//2514 1162//2514 368//2514
f 365//2515 1043//2515 1042//2515
f 1041//2516 1044//2516 1200//2516
f 1041//2517 1040//2517 1044//2517
f 1200//2518 1044//2518 1198//2518
f 1042//2519 1045//2519 1039//2519
f 1039//2520 1046//2520 1040//2520
f 1042//2521 1043//2521 1045//2521
f 1039//2522 1045//2522 1046//2522
f 1040//2523 1046//2523 1044//2523
f 1044//2524 1962//2524 1198//2524
f 1047//2525 1050//2525 1959//2525
f 1959//2526 1050//2526 1963//2526
f 1046//2527 1051//2527 1044//2527
f 1044//2528 1051//2528 1962//2528
f 1047//2529 1048//2529 1050//2529
f 1046//2530 1052//2530 1051//2530
f 1045//2531 1052//2531 1046//2531
f 1963//2532 1053//2532 1202//2532
f 1045//2533 1054//2533 1052//2533
f 1045//2534 368//2534 1054//2534
f 1963//2535 1055//2535 1053//2535
f 1050//2536 1055//2536 1963//2536
f 1043//2537 368//2537 1045//2537
f 1048//2538 1056//2538 1050//2538
f 1050//2539 1056//2539 1055//2539
f 1202//2540 1053//2540 1200//2540
f 1048//2541 1042//2541 1056//2541
f 1049//2542 1042//2542 1048//2542
f 1049//2543 365//2543 1042//2543
f 1056//2544 1039//2544 1055//2544
f 1055//2545 1040//2545 1053//2545
f 1055//2546 1039//2546 1040//2546
f 1053//2547 1041//2547 1200//2547
f 1053//2548 1040//2548 1041//2548
f 1042//2549 1039//2549 1056//2549
f 360//2550 1049//2550 361//2550
f 365//2551 1049//2551 360//2551
f 1049//2552 1048//2552 361//2552
f 361//2553 1048//2553 362//2553
f 1048//2554 1047//2554 362//2554
f 1047//2555 1959//2555 362//2555
f 362//2556 1959//2556 1235//2556
f 747//2557 744//2557 1060//2557
f 1058//2558 748//2558 747//2558
f 749//2559 748//2559 1058//2559
f 1062//2560 1060//2560 754//2560
f 1059//2561 380//2561 749//2561
f 1060//2562 1063//2562 1057//2562
f 379//2563 1059//2563 1061//2563
f 379//2564 1061//2564 1064//2564
f 1066//2565 1061//2565 1063//2565
f 1067//2566 754//2566 571//2566
f 1062//2567 1063//2567 1060//2567
f 1068//2568 1066//2568 1065//2568
f 1060//2569 744//2569 754//2569
f 1061//2570 1066//2570 1064//2570
f 754//2571 744//2571 573//2571
f 1066//2572 756//2572 765//2572
f 1066//2573 1068//2573 756//2573
f 1067//2574 1068//2574 1065//2574
f 1062//2575 754//2575 1067//2575
f 1058//2576 1061//2576 749//2576
f 1065//2577 1062//2577 1067//2577
f 1064//2578 377//2578 379//2578
f 1065//2579 1066//2579 1063//2579
f 1065//2580 1063//2580 1062//2580
f 1069//2581 1067//2581 571//2581
f 1067//2582 1069//2582 1068//2582
f 1064//2583 1066//2583 765//2583
f 1057//2584 1063//2584 1061//2584
f 760//2585 1069//2585 571//2585
f 765//2586 377//2586 1064//2586
f 756//2587 1068//2587 1069//2587
f 756//2588 1069//2588 760//2588
f 1061//2589 1059//2589 749//2589
f 1057//2590 1058//2590 1060//2590
f 1061//2591 1058//2591 1057//2591
f 1058//2592 747//2592 1060//2592
f 422//2593 752//2593 1070//2593
f 1310//2594 753//2594 1311//2594
f 422//2595 1070//2595 421//2595
f 423//2596 752//2596 422//2596
f 423//2597 751//2597 752//2597
f 746//2598 750//2598 811//2598
f 421//2599 753//2599 1310//2599
f 781//2600 746//2600 811//2600
f 421//2601 1070//2601 753//2601
f 423//2602 750//2602 751//2602
f 811//2603 750//2603 423//2603
f 755//2604 758//2604 960//2604
f 962//2605 755//2605 960//2605
f 962//2606 764//2606 755//2606
f 964//2607 764//2607 962//2607
f 415//2608 764//2608 964//2608
f 415//2609 763//2609 764//2609
f 415//2610 762//2610 763//2610
f 414//2611 762//2611 415//2611
f 414//2612 761//2612 762//2612
f 413//2613 757//2613 761//2613
f 413//2614 761//2614 414//2614
f 413//2615 1197//2615 757//2615
f 413//2616 1207//2616 1197//2616
f 1071//2617 1072//2617 389//2617
f 1072//2618 391//2618 389//2618
f 1072//2619 1073//2619 391//2619
f 391//2620 1073//2620 392//2620
f 1073//2621 1074//2621 392//2621
f 1074//2622 375//2622 392//2622
f 1075//2623 375//2623 1074//2623
f 386//2624 1038//2624 1037//2624
f 1038//2625 1076//2625 1037//2625
f 1037//2626 1076//2626 389//2626
f 1076//2627 1071//2627 389//2627
f 1077//2628 1078//2628 334//2628
f 334//2629 1078//2629 385//2629
f 1078//2630 1079//2630 385//2630
f 323//2631 1080//2631 324//2631
f 1080//2632 1081//2632 324//2632
f 1081//2633 1082//2633 324//2633
f 324//2634 1082//2634 333//2634
f 1082//2635 1083//2635 333//2635
f 333//2636 1083//2636 334//2636
f 1083//2637 1077//2637 334//2637
f 1100//2638 1080//2638 325//2638
f 1080//2639 323//2639 325//2639
f 332//2640 1084//2640 335//2640
f 1084//2641 1085//2641 335//2641
f 335//2642 1085//2642 325//2642
f 1085//2643 1100//2643 325//2643
f 1086//2644 1087//2644 328//2644
f 328//2645 1088//2645 329//2645
f 1087//2646 1088//2646 328//2646
f 329//2647 1089//2647 330//2647
f 1088//2648 1089//2648 329//2648
f 330//2649 1090//2649 331//2649
f 1089//2650 1090//2650 330//2650
f 1090//2651 1084//2651 331//2651
f 331//2652 1084//2652 332//2652
f 326//2653 1092//2653 327//2653
f 1091//2654 1092//2654 326//2654
f 1092//2655 1086//2655 327//2655
f 327//2656 1086//2656 328//2656
f 1093//2657 1094//2657 384//2657
f 384//2658 1094//2658 387//2658
f 1094//2659 1095//2659 387//2659
f 387//2660 1096//2660 388//2660
f 1095//2661 1096//2661 387//2661
f 388//2662 1091//2662 326//2662
f 1096//2663 1091//2663 388//2663
f 384//2664 1097//2664 1093//2664
f 375//2665 1075//2665 1098//2665
f 384//2666 375//2666 1098//2666
f 384//2667 1098//2667 1097//2667
f 1099//2668 518//2668 510//2668
f 1099//2669 1080//2669 1100//2669
f 518//2670 1099//2670 1100//2670
f 1099//2671 510//2671 1080//2671
f 1101//2672 1080//2672 510//2672
f 1080//2673 1101//2673 1081//2673
f 1100//2674 1085//2674 518//2674
f 1101//2675 510//2675 511//2675
f 1085//2676 1084//2676 520//2676
f 1085//2677 520//2677 518//2677
f 1082//2678 1081//2678 1101//2678
f 1102//2679 520//2679 1084//2679
f 512//2680 1101//2680 511//2680
f 512//2681 1082//2681 1101//2681
f 1102//2682 525//2682 520//2682
f 1090//2683 1102//2683 1084//2683
f 1082//2684 512//2684 1103//2684
f 1083//2685 1082//2685 1103//2685
f 524//2686 525//2686 1102//2686
f 1090//2687 1089//2687 524//2687
f 1090//2688 524//2688 1102//2688
f 1103//2689 512//2689 528//2689
f 1083//2690 1103//2690 1077//2690
f 524//2691 1088//2691 517//2691
f 1089//2692 1088//2692 524//2692
f 1088//2693 516//2693 517//2693
f 1087//2694 516//2694 1088//2694
f 1086//2695 516//2695 1087//2695
f 1104//2696 578//2696 560//2696
f 578//2697 1103//2697 528//2697
f 1078//2698 1103//2698 578//2698
f 1079//2699 1078//2699 1104//2699
f 1078//2700 1077//2700 1103//2700
f 1038//2701 1079//2701 1104//2701
f 1078//2702 578//2702 1104//2702
f 1086//2703 1092//2703 516//2703
f 516//2704 1092//2704 514//2704
f 514//2705 1092//2705 1091//2705
f 1076//2706 1105//2706 1071//2706
f 589//2707 1105//2707 1076//2707
f 1105//2708 589//2708 618//2708
f 1104//2709 560//2709 589//2709
f 1076//2710 1104//2710 589//2710
f 1076//2711 1038//2711 1104//2711
f 621//2712 1105//2712 618//2712
f 1072//2713 1105//2713 621//2713
f 1072//2714 1071//2714 1105//2714
f 1074//2715 1106//2715 623//2715
f 1074//2716 1073//2716 1106//2716
f 623//2717 1106//2717 621//2717
f 1106//2718 1073//2718 1072//2718
f 621//2719 1106//2719 1072//2719
f 537//2720 1095//2720 1094//2720
f 537//2721 1096//2721 1095//2721
f 537//2722 538//2722 1096//2722
f 538//2723 1091//2723 1096//2723
f 538//2724 514//2724 1091//2724
f 570//2725 1074//2725 623//2725
f 1075//2726 1074//2726 570//2726
f 537//2727 1093//2727 629//2727
f 1094//2728 1093//2728 537//2728
f 1107//2729 1098//2729 1075//2729
f 1093//2730 1097//2730 629//2730
f 1107//2731 1075//2731 570//2731
f 1098//2732 1107//2732 572//2732
f 1097//2733 580//2733 629//2733
f 572//2734 1107//2734 570//2734
f 580//2735 1098//2735 572//2735
f 580//2736 1097//2736 1098//2736
f 383//2737 320//2737 378//2737
f 321//2737 320//2737 383//2737
f 394//2738 399//2738 321//2738
f 394//2737 321//2737 383//2737
f 396//2739 399//2739 394//2739
f 1109//2740 1108//2740 343//2740
f 1109//2741 343//2741 342//2741
f 1110//2742 1109//2742 342//2742
f 740//2743 1110//2743 342//2743
f 1114//2744 1111//2744 1115//2744
f 1112//2745 1114//2745 1115//2745
f 1116//2746 1114//2746 1112//2746
f 1113//2747 1114//2747 1116//2747
f 1113//2748 739//2748 1114//2748
f 1109//2749 1112//2749 1117//2749
f 1109//2750 1116//2750 1112//2750
f 739//2751 1113//2751 1110//2751
f 1110//2752 1113//2752 1116//2752
f 1110//2753 1116//2753 1109//2753
f 740//2754 739//2754 1110//2754
f 1108//2755 1109//2755 1117//2755
f 739//2756 741//2756 1118//2756
f 1123//2757 1119//2757 1125//2757
f 1125//2758 1119//2758 1124//2758
f 1123//2759 1121//2759 1122//2759
f 741//2760 1121//2760 1123//2760
f 1118//2761 1123//2761 1125//2761
f 1125//2762 1124//2762 1111//2762
f 1119//2763 1122//2763 1120//2763
f 1123//2764 1122//2764 1119//2764
f 1118//2765 741//2765 1123//2765
f 1125//2766 1111//2766 1114//2766
f 1118//2767 1114//2767 739//2767
f 1118//2768 1125//2768 1114//2768
f 1127//2769 1120//2769 1122//2769
f 1127//2770 1126//2770 1120//2770
f 1142//2771 1122//2771 1121//2771
f 1142//2772 1127//2772 1122//2772
f 742//2773 1121//2773 741//2773
f 742//2774 1142//2774 1121//2774
f 1129//2775 1133//2775 1130//2775
f 1132//2776 373//2776 374//2776
f 743//2777 1131//2777 1133//2777
f 743//2778 1133//2778 1129//2778
f 1135//2779 1128//2779 1134//2779
f 1132//2780 432//2780 373//2780
f 1135//2781 1129//2781 1128//2781
f 1136//2782 432//2782 1132//2782
f 1137//2783 743//2783 1129//2783
f 1137//2784 1129//2784 1135//2784
f 1136//2785 433//2785 432//2785
f 1135//2786 1134//2786 1138//2786
f 742//2787 743//2787 1137//2787
f 1141//2788 433//2788 1136//2788
f 1137//2789 1135//2789 1140//2789
f 1140//2790 1135//2790 1138//2790
f 1142//2791 1137//2791 1140//2791
f 1140//2792 1138//2792 1126//2792
f 742//2793 1137//2793 1142//2793
f 1127//2794 1140//2794 1126//2794
f 1136//2795 1132//2795 1139//2795
f 1133//2796 1136//2796 1139//2796
f 1142//2797 1140//2797 1127//2797
f 1141//2798 743//2798 433//2798
f 1129//2799 1130//2799 1128//2799
f 1131//2800 1136//2800 1133//2800
f 1133//2801 1139//2801 1130//2801
f 1131//2802 1141//2802 1136//2802
f 743//2803 1141//2803 1131//2803
f 1108//2804 1143//2804 343//2804
f 1143//2805 364//2805 343//2805
f 1108//2806 1144//2806 1143//2806
f 343//2807 1203//2807 1206//2807
f 364//2808 1203//2808 343//2808
f 1132//2809 374//2809 1145//2809
f 1146//2810 1132//2810 1145//2810
f 1139//2811 1132//2811 1146//2811
f 1147//2812 1139//2812 1146//2812
f 1130//2813 1139//2813 1147//2813
f 1128//2814 1130//2814 1147//2814
f 1148//2815 1128//2815 1147//2815
f 1134//2816 1128//2816 1148//2816
f 1149//2817 1134//2817 1148//2817
f 1138//2818 1134//2818 1149//2818
f 1150//2819 1138//2819 1149//2819
f 1126//2820 1138//2820 1150//2820
f 1151//2821 1126//2821 1150//2821
f 1151//2822 1120//2822 1126//2822
f 1152//2823 1120//2823 1151//2823
f 1120//2824 1152//2824 1153//2824
f 1119//2825 1120//2825 1153//2825
f 1119//2826 1153//2826 1154//2826
f 1124//2827 1119//2827 1154//2827
f 1111//2828 1154//2828 1155//2828
f 1111//2829 1124//2829 1154//2829
f 1115//2830 1111//2830 1155//2830
f 1115//2831 1155//2831 1156//2831
f 1112//2832 1115//2832 1156//2832
f 1112//2833 1156//2833 1157//2833
f 1117//2834 1112//2834 1157//2834
f 1117//2835 1157//2835 1144//2835
f 1108//2836 1117//2836 1144//2836
f 364//2837 1143//2837 359//2837
f 1144//2838 349//2838 359//2838
f 1143//2839 1144//2839 359//2839
f 1157//2840 349//2840 1144//2840
f 355//2841 349//2841 1157//2841
f 355//2842 1157//2842 352//2842
f 370//2843 352//2843 1156//2843
f 1155//2844 370//2844 1156//2844
f 352//2845 1157//2845 1156//2845
f 1158//2846 1160//2846 1159//2846
f 1152//2847 1158//2847 1153//2847
f 1159//2848 1160//2848 1154//2848
f 1159//2849 1154//2849 1153//2849
f 1160//2850 370//2850 1155//2850
f 1160//2851 1155//2851 1154//2851
f 1158//2852 1159//2852 1153//2852
f 1158//2853 1152//2853 1151//2853
f 1158//2854 1151//2854 367//2854
f 1149//2855 366//2855 367//2855
f 1145//2856 369//2856 1146//2856
f 367//2857 1151//2857 1150//2857
f 1166//2858 1145//2858 1161//2858
f 1165//2859 369//2859 1166//2859
f 1149//2860 1148//2860 366//2860
f 1147//2861 366//2861 1148//2861
f 1150//2862 1149//2862 367//2862
f 369//2863 366//2863 1147//2863
f 369//2864 1147//2864 1146//2864
f 412//2865 2172//2865 2177//2865
f 336//2866 341//2866 338//2866
f 1197//2867 341//2867 336//2867
f 1054//2868 1173//2868 1052//2868
f 1054//2869 1172//2869 1171//2869
f 1052//2870 1170//2870 1051//2870
f 1052//2871 1173//2871 1169//2871
f 1051//2872 1170//2872 1168//2872
f 1051//2873 1167//2873 1962//2873
f 1962//2874 1167//2874 2086//2874
f 368//2875 1165//2875 1164//2875
f 368//2876 1172//2876 1054//2876
f 1145//2877 374//2877 1161//2877
f 1176//2878 1175//2878 1174//2878
f 1176//2878 1174//2878 1177//2878
f 1195//2879 1194//2879 1176//2879
f 1194//2880 1283//2880 1284//2880
f 1176//2881 1194//2881 1284//2881
f 1195//2879 1176//2879 1177//2879
f 1211//2882 1206//2882 1212//2882
f 1211//2883 1205//2883 1206//2883
f 1211//2883 1213//2883 1205//2883
f 1234//2884 1219//2884 1215//2884
f 1221//2885 1220//2885 1226//2885
f 1209//2886 1214//2886 1210//2886
f 1220//2887 1218//2887 1226//2887
f 1216//2888 1215//2888 1227//2888
f 1201//2878 1199//2878 1217//2878
f 1221//2889 1226//2889 1228//2889
f 1214//2890 1221//2890 1228//2890
f 1216//2891 1227//2891 1229//2891
f 1217//2892 1216//2892 1229//2892
f 1215//2893 1219//2893 1230//2893
f 1214//2894 1228//2894 1210//2894
f 1201//2878 1217//2878 1229//2878
f 1215//2895 1230//2895 1227//2895
f 1199//2896 1210//2896 1228//2896
f 1233//2897 1232//2897 1220//2897
f 1232//2898 1231//2898 1224//2898
f 1224//2899 1223//2899 1234//2899
f 1226//2900 1218//2900 1216//2900
f 1227//2901 1230//2901 1236//2901
f 1224//2902 1234//2902 1218//2902
f 1232//2903 1224//2903 1220//2903
f 1227//2904 1236//2904 1229//2904
f 1226//2905 1216//2905 1217//2905
f 1228//2906 1226//2906 1217//2906
f 1201//2907 1229//2907 1236//2907
f 1203//2908 1201//2908 1236//2908
f 1235//2909 1233//2909 1214//2909
f 1199//2910 1228//2910 1217//2910
f 1223//2911 1222//2911 1225//2911
f 1231//2912 1222//2912 1223//2912
f 1218//2913 1234//2913 1215//2913
f 1233//2914 1220//2914 1221//2914
f 1234//2915 1223//2915 1225//2915
f 1209//2916 1235//2916 1214//2916
f 1234//2917 1225//2917 1219//2917
f 1216//2918 1218//2918 1215//2918
f 1233//2919 1221//2919 1214//2919
f 1231//2920 1223//2920 1224//2920
f 1220//2921 1224//2921 1218//2921
f 1237//2922 1238//2922 1239//2922
f 1231//2923 1239//2923 2073//2923
f 1231//2924 1237//2924 1239//2924
f 2075//2925 1231//2925 2073//2925
f 2080//2926 2081//2926 1240//2926
f 1955//2927 1241//2927 1238//2927
f 1222//2928 1231//2928 2075//2928
f 1955//2929 1240//2929 1241//2929
f 1242//2930 1222//2930 2075//2930
f 1237//2931 1955//2931 1238//2931
f 1243//2932 2078//2932 1244//2932
f 1245//2933 1243//2933 1244//2933
f 2078//2878 2085//2878 1244//2878
f 2084//2878 1244//2878 2085//2878
f 1264//2934 1260//2934 1262//2934
f 1267//2935 1263//2935 1268//2935
f 1267//2936 1261//2936 1263//2936
f 1265//2937 1275//2937 1974//2937
f 1974//2938 1275//2938 1264//2938
f 1275//2939 1260//2939 1264//2939
f 1275//2940 1269//2940 1260//2940
f 1268//2941 1279//2941 1278//2941
f 1268//2942 1278//2942 1267//2942
f 1279//2943 1281//2943 1278//2943
f 1278//2944 1281//2944 1282//2944
f 1282//2945 1281//2945 1283//2945
f 1281//2946 1284//2946 1283//2946
f 1258//2947 1291//2947 1286//2947
f 1290//2948 1287//2948 1286//2948
f 1291//2949 1290//2949 1286//2949
f 1289//2950 1285//2950 1288//2950
f 1253//2951 1258//2951 1286//2951
f 1253//2952 1286//2952 1292//2952
f 1293//2953 1294//2953 1288//2953
f 1294//2954 1289//2954 1288//2954
f 1293//2955 1288//2955 1295//2955
f 1295//2956 1288//2956 1296//2956
f 1292//2957 1286//2957 1297//2957
f 1296//2958 1288//2958 1298//2958
f 1286//2959 1287//2959 1288//2959
f 1287//2960 1298//2960 1288//2960
f 1205//2961 1325//2961 1207//2961
f 1213//2962 1326//2962 1325//2962
f 1213//2963 1327//2963 1326//2963
f 1213//2964 1876//2964 1327//2964
f 1213//2961 1325//2961 1205//2961
f 1328//2965 1213//2965 1329//2965
f 1328//2966 1876//2966 1213//2966
f 1333//2967 1317//2967 1310//2967
f 1331//2968 1333//2968 1334//2968
f 1331//2969 1332//2969 1317//2969
f 1331//2970 1317//2970 1333//2970
f 1336//2971 1334//2971 1335//2971
f 1330//2972 1334//2972 1336//2972
f 1330//2973 1331//2973 1334//2973
f 1723//2974 1336//2974 1335//2974
f 1255//2975 1342//2975 1338//2975
f 1257//2976 1337//2976 1343//2976
f 1259//2977 1257//2977 1343//2977
f 1255//2978 1254//2978 1341//2978
f 1256//2979 1255//2979 1338//2979
f 1256//2980 1338//2980 1935//2980
f 1244//2981 1259//2981 1339//2981
f 1344//2982 1246//2982 1340//2982
f 1259//2983 1343//2983 1339//2983
f 1244//2984 1339//2984 1245//2984
f 1345//2985 1344//2985 1340//2985
f 1256//2986 1935//2986 1337//2986
f 1638//2987 1345//2987 1340//2987
f 1257//2988 1256//2988 1337//2988
f 1245//2989 1339//2989 1246//2989
f 1255//2990 1341//2990 1342//2990
f 1246//2991 1339//2991 1340//2991
f 1359//2992 1404//2992 1353//2992
f 1346//2993 1350//2993 1351//2993
f 1346//2994 1357//2994 1347//2994
f 1349//2995 1357//2995 1351//2995
f 1357//2996 1346//2996 1351//2996
f 1349//2997 1351//2997 1358//2997
f 1347//2998 1357//2998 1355//2998
f 1352//2999 1355//2999 1357//2999
f 1360//3000 1349//3000 1358//3000
f 1357//3001 1349//3001 1352//3001
f 1361//3002 1355//3002 1352//3002
f 1358//3003 1356//3003 1360//3003
f 1356//3004 1354//3004 1362//3004
f 1366//3005 1531//3005 1363//3005
f 1365//3006 1363//3006 1369//3006
f 1363//3007 1531//3007 1369//3007
f 1367//3008 1365//3008 1369//3008
f 1360//3009 1356//3009 1362//3009
f 1367//3010 1369//3010 1372//3010
f 1371//3011 1367//3011 1372//3011
f 1369//3012 1531//3012 1372//3012
f 1531//3013 1378//3013 1372//3013
f 1374//3014 1371//3014 1375//3014
f 1371//3015 1372//3015 1375//3015
f 1354//3016 1383//3016 1362//3016
f 1359//3017 1353//3017 1373//3017
f 1348//3018 1370//3018 1368//3018
f 1372//3019 1378//3019 1375//3019
f 1376//3020 1374//3020 1375//3020
f 1353//3021 1348//3021 1368//3021
f 1352//3022 1349//3022 1360//3022
f 1362//3023 1383//3023 1379//3023
f 1376//3024 1375//3024 1378//3024
f 1360//3025 1362//3025 1380//3025
f 1376//3026 1378//3026 1381//3026
f 1353//3027 1368//3027 1382//3027
f 1378//3028 1384//3028 1381//3028
f 1352//3029 1360//3029 1385//3029
f 1361//3030 1352//3030 1385//3030
f 1368//3031 1370//3031 1377//3031
f 1381//3032 1384//3032 1389//3032
f 1353//3033 1382//3033 1373//3033
f 1368//3034 1377//3034 1386//3034
f 1391//3035 1390//3035 1389//3035
f 1384//3036 1392//3036 1391//3036
f 1389//3037 1384//3037 1391//3037
f 1368//3038 1386//3038 1382//3038
f 1394//3039 1381//3039 1389//3039
f 1390//3040 1394//3040 1389//3040
f 1391//3041 1392//3041 1397//3041
f 1380//3042 1362//3042 1379//3042
f 1377//3043 1395//3043 1386//3043
f 1382//3044 1386//3044 1396//3044
f 1361//3045 1385//3045 1363//3045
f 1360//3046 1380//3046 1399//3046
f 1385//3047 1360//3047 1399//3047
f 1364//3048 1361//3048 1363//3048
f 1396//3049 1386//3049 1398//3049
f 1386//3050 1395//3050 1398//3050
f 1383//3051 1858//3051 1379//3051
f 1380//3052 1379//3052 1403//3052
f 1249//3053 1248//3053 1402//3053
f 1252//3054 1250//3054 1401//3054
f 1250//3055 1249//3055 1402//3055
f 1396//3056 1398//3056 1350//3056
f 1395//3057 1405//3057 1398//3057
f 1350//3058 1398//3058 1351//3058
f 1401//3059 1250//3059 1404//3059
f 1248//3060 1251//3060 1406//3060
f 1363//3061 1385//3061 1399//3061
f 1250//3062 1402//3062 1404//3062
f 1402//3063 1248//3063 1406//3063
f 1399//3064 1380//3064 1403//3064
f 1351//3065 1405//3065 1358//3065
f 1365//3066 1364//3066 1363//3066
f 1405//3067 1407//3067 1358//3067
f 1363//3068 1399//3068 1366//3068
f 1402//3069 1406//3069 1370//3069
f 1402//3070 1348//3070 1404//3070
f 1403//3071 1379//3071 1387//3071
f 1858//3072 1388//3072 1387//3072
f 1359//3073 1401//3073 1404//3073
f 1379//3074 1858//3074 1387//3074
f 1358//3075 1407//3075 1356//3075
f 1382//3076 1396//3076 1373//3076
f 1404//3077 1348//3077 1353//3077
f 1407//3078 1354//3078 1356//3078
f 1373//3079 1396//3079 1393//3079
f 1402//3080 1370//3080 1348//3080
f 1393//3081 1396//3081 1400//3081
f 1400//3082 1396//3082 1350//3082
f 1400//3083 1350//3083 1346//3083
f 1398//3084 1405//3084 1351//3084
f 1400//3085 1346//3085 1347//3085
f 1408//3086 1414//3086 1411//3086
f 1413//3087 1410//3087 1434//3087
f 1411//3088 1414//3088 1416//3088
f 1411//3089 1416//3089 1417//3089
f 1413//3090 1417//3090 1410//3090
f 1421//3091 1422//3091 1425//3091
f 1423//3092 1424//3092 1425//3092
f 1420//3093 1419//3093 1414//3093
f 1414//3094 1421//3094 1420//3094
f 1408//3095 1428//3095 1429//3095
f 1420//3096 1416//3096 1419//3096
f 1425//3097 1399//3097 1403//3097
f 1426//3098 1428//3098 1408//3098
f 1430//3099 1422//3099 1421//3099
f 1408//3100 1427//3100 1426//3100
f 1409//3101 1441//3101 1433//3101
f 1427//3102 1408//3102 1411//3102
f 1435//3103 1441//3103 1409//3103
f 1422//3104 1423//3104 1425//3104
f 1414//3105 1419//3105 1416//3105
f 1408//3106 1429//3106 1436//3106
f 1432//3107 1421//3107 1437//3107
f 1433//3108 1410//3108 1409//3108
f 1433//3109 1434//3109 1410//3109
f 1415//3110 1412//3110 1410//3110
f 1408//3111 1421//3111 1414//3111
f 1424//3112 1440//3112 1425//3112
f 1439//3113 1435//3113 1409//3113
f 1439//3114 1438//3114 1435//3114
f 1411//3115 1417//3115 1413//3115
f 1432//3116 1430//3116 1421//3116
f 1418//3117 1415//3117 1410//3117
f 1412//3118 1439//3118 1409//3118
f 1425//3119 1387//3119 1421//3119
f 1418//3120 1410//3120 1417//3120
f 1403//3121 1387//3121 1425//3121
f 1434//3122 1433//3122 1431//3122
f 1431//3123 1433//3123 1441//3123
f 1411//3124 1434//3124 1427//3124
f 1437//3125 1408//3125 1436//3125
f 1387//3126 1420//3126 1421//3126
f 1408//3127 1437//3127 1421//3127
f 1434//3128 1411//3128 1413//3128
f 1409//3129 1410//3129 1412//3129
f 1427//3130 1434//3130 1431//3130
f 1442//3131 1443//3131 1392//3131
f 1392//3132 1443//3132 1397//3132
f 1449//3133 1450//3133 1448//3133
f 1447//3134 1448//3134 1464//3134
f 1450//3135 1426//3135 1427//3135
f 1452//3136 1435//3136 1460//3136
f 1462//3137 1444//3137 1457//3137
f 1458//3138 1464//3138 1461//3138
f 1452//3139 1460//3139 1457//3139
f 1461//3140 1464//3140 1463//3140
f 1425//3141 1440//3141 1471//3141
f 1466//3142 1458//3142 1461//3142
f 1461//3143 1463//3143 1473//3143
f 1463//3144 1444//3144 1473//3144
f 1471//3145 1399//3145 1425//3145
f 1444//3146 1463//3146 1452//3146
f 1478//3147 1475//3147 1480//3147
f 1480//3148 1466//3148 1451//3148
f 1481//3149 1449//3149 1448//3149
f 1444//3150 1452//3150 1457//3150
f 1477//3151 1392//3151 1384//3151
f 1483//3152 1477//3152 1482//3152
f 1445//3153 1487//3153 1486//3153
f 1487//3154 1539//3154 1489//3154
f 1491//3155 1489//3155 1488//3155
f 1494//3156 1493//3156 1487//3156
f 1487//3157 1489//3157 1494//3157
f 1488//3158 1495//3158 1491//3158
f 1493//3159 1499//3159 1498//3159
f 1489//3160 1500//3160 1494//3160
f 1472//3161 1501//3161 1471//3161
f 1496//3162 1493//3162 1494//3162
f 1491//3163 1495//3163 1502//3163
f 1500//3164 1489//3164 1504//3164
f 1489//3165 1491//3165 1504//3165
f 1502//3166 1507//3166 1491//3166
f 1504//3167 1491//3167 1507//3167
f 1496//3168 1505//3168 1506//3168
f 1497//3169 1506//3169 1503//3169
f 1496//3170 1494//3170 1505//3170
f 1509//3171 1505//3171 1500//3171
f 1505//3172 1494//3172 1500//3172
f 1499//3173 1456//3173 1498//3173
f 1456//3174 1510//3174 1498//3174
f 1507//3175 1508//3175 1504//3175
f 1508//3176 1512//3176 1504//3176
f 1506//3177 1505//3177 1470//3177
f 1505//3178 1514//3178 1470//3178
f 1514//3179 1505//3179 1513//3179
f 1514//3180 1517//3180 1516//3180
f 1507//3181 1502//3181 1518//3181
f 1521//3182 1474//3182 1522//3182
f 1523//3183 1514//3183 1513//3183
f 1514//3184 1523//3184 1517//3184
f 1513//3185 1515//3185 1523//3185
f 1440//3186 1490//3186 1471//3186
f 1488//3187 1481//3187 1495//3187
f 1507//3188 1518//3188 1508//3188
f 1524//3189 1542//3189 1525//3189
f 1523//3190 1515//3190 1526//3190
f 1519//3191 1526//3191 1515//3191
f 1528//3192 1523//3192 1527//3192
f 1502//3193 1511//3193 1518//3193
f 1366//3194 1399//3194 1471//3194
f 1533//3195 1535//3195 1477//3195
f 1495//3196 1447//3196 1511//3196
f 1458//3197 1466//3197 1475//3197
f 1455//3198 1475//3198 1478//3198
f 1468//3199 1479//3199 1463//3199
f 1468//3200 1431//3200 1479//3200
f 1478//3201 1536//3201 1454//3201
f 1471//3202 1501//3202 1530//3202
f 1477//3203 1471//3203 1530//3203
f 1479//3204 1435//3204 1452//3204
f 1466//3205 1446//3205 1451//3205
f 1531//3206 1366//3206 1471//3206
f 1530//3207 1533//3207 1477//3207
f 1485//3208 1483//3208 1484//3208
f 1506//3209 1497//3209 1496//3209
f 1495//3210 1511//3210 1502//3210
f 1513//3211 1505//3211 1509//3211
f 1378//3212 1477//3212 1384//3212
f 1523//3213 1528//3213 1529//3213
f 1444//3214 1462//3214 1446//3214
f 1460//3215 1435//3215 1438//3215
f 1442//3216 1477//3216 1483//3216
f 1537//3217 1526//3217 1519//3217
f 1526//3218 1537//3218 1538//3218
f 1442//3219 1392//3219 1477//3219
f 1482//3220 1484//3220 1483//3220
f 1484//3221 1492//3221 1445//3221
f 1488//3222 1539//3222 1492//3222
f 1445//3223 1539//3223 1487//3223
f 1539//3224 1488//3224 1489//3224
f 1540//3225 1486//3225 1493//3225
f 1493//3226 1486//3226 1487//3226
f 1540//3227 1493//3227 1498//3227
f 1499//3228 1493//3228 1497//3228
f 1493//3229 1496//3229 1497//3229
f 1510//3230 1540//3230 1498//3230
f 1541//3231 1449//3231 1481//3231
f 1499//3232 1497//3232 1503//3232
f 1453//3233 1447//3233 1458//3233
f 1485//3234 1484//3234 1445//3234
f 1459//3235 1456//3235 1499//3235
f 1486//3236 1485//3236 1445//3236
f 1539//3237 1445//3237 1492//3237
f 1506//3238 1467//3238 1465//3238
f 1459//3239 1499//3239 1503//3239
f 1469//3240 1459//3240 1503//3240
f 1500//3241 1504//3241 1509//3241
f 1504//3242 1512//3242 1509//3242
f 1469//3243 1503//3243 1465//3243
f 1508//3244 1520//3244 1512//3244
f 1474//3245 1469//3245 1465//3245
f 1474//3246 1465//3246 1467//3246
f 1509//3247 1512//3247 1513//3247
f 1503//3248 1506//3248 1465//3248
f 1474//3249 1521//3249 1469//3249
f 1516//3250 1470//3250 1514//3250
f 1512//3251 1520//3251 1519//3251
f 1490//3252 1472//3252 1471//3252
f 1513//3253 1512//3253 1515//3253
f 1506//3254 1470//3254 1467//3254
f 1515//3255 1512//3255 1519//3255
f 1542//3256 1476//3256 1517//3256
f 1524//3257 1476//3257 1542//3257
f 1532//3258 1537//3258 1520//3258
f 1474//3259 1467//3259 1476//3259
f 1517//3260 1525//3260 1542//3260
f 1467//3261 1470//3261 1516//3261
f 1476//3262 1467//3262 1516//3262
f 1492//3263 1541//3263 1481//3263
f 1488//3264 1492//3264 1481//3264
f 1532//3265 1520//3265 1508//3265
f 1517//3266 1476//3266 1516//3266
f 1527//3267 1523//3267 1526//3267
f 1534//3268 1455//3268 1518//3268
f 1455//3269 1508//3269 1518//3269
f 1481//3270 1447//3270 1495//3270
f 1518//3271 1453//3271 1534//3271
f 1474//3272 1476//3272 1524//3272
f 1454//3273 1532//3273 1455//3273
f 1537//3274 1519//3274 1520//3274
f 1518//3275 1511//3275 1453//3275
f 1522//3276 1474//3276 1524//3276
f 1531//3277 1471//3277 1378//3277
f 1471//3278 1477//3278 1378//3278
f 1450//3279 1427//3279 1448//3279
f 1447//3280 1464//3280 1458//3280
f 1525//3281 1517//3281 1529//3281
f 1534//3282 1453//3282 1475//3282
f 1464//3283 1448//3283 1468//3283
f 1468//3284 1463//3284 1464//3284
f 1453//3285 1458//3285 1475//3285
f 1448//3286 1427//3286 1468//3286
f 1455//3287 1534//3287 1475//3287
f 1529//3288 1517//3288 1523//3288
f 1468//3289 1427//3289 1431//3289
f 1535//3290 1482//3290 1477//3290
f 1466//3291 1461//3291 1473//3291
f 1454//3292 1455//3292 1478//3292
f 1508//3293 1455//3293 1532//3293
f 1466//3294 1480//3294 1475//3294
f 1431//3295 1441//3295 1479//3295
f 1452//3296 1463//3296 1479//3296
f 1538//3297 1537//3297 1532//3297
f 1473//3298 1444//3298 1446//3298
f 1536//3299 1538//3299 1532//3299
f 1536//3300 1532//3300 1454//3300
f 1435//3301 1479//3301 1441//3301
f 1466//3302 1473//3302 1446//3302
f 1447//3303 1453//3303 1511//3303
f 1481//3304 1448//3304 1447//3304
f 1526//3305 1538//3305 1548//3305
f 1550//3306 1543//3306 1521//3306
f 1546//3307 1547//3307 1527//3307
f 1548//3308 1545//3308 1526//3308
f 1469//3309 1544//3309 1459//3309
f 1521//3310 1543//3310 1469//3310
f 1526//3311 1545//3311 1546//3311
f 1522//3312 1553//3312 1521//3312
f 1553//3313 1550//3313 1521//3313
f 1527//3314 1526//3314 1546//3314
f 1543//3315 1544//3315 1469//3315
f 1554//3316 1555//3316 1529//3316
f 1528//3317 1527//3317 1549//3317
f 1527//3318 1547//3318 1549//3318
f 1529//3319 1528//3319 1549//3319
f 1549//3320 1554//3320 1529//3320
f 1525//3321 1529//3321 1555//3321
f 1544//3322 1551//3322 1459//3322
f 1525//3323 1555//3323 1556//3323
f 1524//3324 1525//3324 1556//3324
f 1552//3325 1456//3325 1551//3325
f 1459//3326 1551//3326 1456//3326
f 1524//3327 1556//3327 1522//3327
f 1556//3328 1553//3328 1522//3328
f 1552//3329 1510//3329 1456//3329
f 1557//3330 1548//3330 1538//3330
f 1439//3331 1412//3331 1560//3331
f 1561//3332 1562//3332 1560//3332
f 1439//3333 1560//3333 1563//3333
f 1438//3334 1439//3334 1563//3334
f 1560//3335 1562//3335 1563//3335
f 1460//3336 1438//3336 1563//3336
f 1562//3337 1564//3337 1563//3337
f 1460//3338 1563//3338 1565//3338
f 1457//3339 1460//3339 1565//3339
f 1462//3340 1457//3340 1565//3340
f 1564//3341 1565//3341 1563//3341
f 1446//3342 1462//3342 1565//3342
f 1566//3343 1446//3343 1565//3343
f 1567//3344 1569//3344 1568//3344
f 1416//3345 1567//3345 1568//3345
f 1569//3346 1570//3346 1573//3346
f 1571//3347 1303//3347 1306//3347
f 1568//3348 1569//3348 1573//3348
f 1570//3349 1574//3349 1572//3349
f 1570//3350 1572//3350 1573//3350
f 1574//3351 1577//3351 1575//3351
f 1575//3352 1577//3352 1576//3352
f 1577//3353 1578//3353 1576//3353
f 1576//3354 1578//3354 1558//3354
f 1810//3355 1571//3355 1579//3355
f 1578//3356 1581//3356 1580//3356
f 1558//3357 1578//3357 1580//3357
f 1810//3358 1579//3358 1580//3358
f 1581//3359 1810//3359 1580//3359
f 1583//3360 1571//3360 1307//3360
f 1583//3361 1579//3361 1571//3361
f 1579//3362 1559//3362 1580//3362
f 1559//3363 1558//3363 1580//3363
f 1568//3364 1582//3364 1416//3364
f 1576//3365 1558//3365 1584//3365
f 1584//3366 1585//3366 1576//3366
f 1307//3367 1308//3367 1583//3367
f 1308//3368 1588//3368 1583//3368
f 1559//3369 1587//3369 1589//3369
f 1583//3370 1588//3370 1587//3370
f 1588//3371 1589//3371 1587//3371
f 1558//3372 1559//3372 1593//3372
f 1478//3373 1480//3373 1591//3373
f 1584//3374 1558//3374 1593//3374
f 1591//3375 1480//3375 1594//3375
f 1480//3376 1451//3376 1594//3376
f 1594//3377 1451//3377 1596//3377
f 1589//3378 1597//3378 1559//3378
f 1451//3379 1446//3379 1596//3379
f 1559//3380 1597//3380 1593//3380
f 1596//3381 1446//3381 1566//3381
f 1593//3382 1595//3382 1584//3382
f 1571//3383 1306//3383 1307//3383
f 1602//3384 1592//3384 1601//3384
f 1418//3385 1417//3385 1590//3385
f 1603//3386 1606//3386 1590//3386
f 1604//3387 1605//3387 1601//3387
f 1601//3388 1605//3388 1602//3388
f 1606//3389 1418//3389 1590//3389
f 1592//3390 1602//3390 1603//3390
f 1602//3391 1607//3391 1603//3391
f 1415//3392 1418//3392 1606//3392
f 1607//3393 1608//3393 1603//3393
f 1606//3394 1603//3394 1608//3394
f 1609//3395 1561//3395 1560//3395
f 1579//3396 1583//3396 1587//3396
f 1579//3397 1587//3397 1559//3397
f 1568//3398 1573//3398 1582//3398
f 1573//3399 1586//3399 1582//3399
f 1575//3400 1576//3400 1585//3400
f 1585//3401 1598//3401 1575//3401
f 1573//3402 1598//3402 1586//3402
f 1592//3403 1590//3403 1582//3403
f 1592//3404 1582//3404 1586//3404
f 1309//3405 1588//3405 1308//3405
f 1416//3406 1582//3406 1417//3406
f 1582//3407 1590//3407 1417//3407
f 1601//3408 1598//3408 1604//3408
f 1598//3409 1599//3409 1604//3409
f 1590//3410 1592//3410 1603//3410
f 1585//3411 1595//3411 1599//3411
f 1600//3412 1567//3412 1420//3412
f 1567//3413 1416//3413 1420//3413
f 1598//3414 1573//3414 1572//3414
f 1574//3415 1598//3415 1572//3415
f 1598//3416 1574//3416 1575//3416
f 1585//3417 1599//3417 1598//3417
f 1598//3418 1601//3418 1586//3418
f 1601//3419 1592//3419 1586//3419
f 1584//3420 1595//3420 1585//3420
f 1412//3421 1415//3421 1606//3421
f 1606//3422 1608//3422 1560//3422
f 1608//3423 1609//3423 1560//3423
f 1412//3424 1606//3424 1560//3424
f 1613//3425 1319//3425 1317//3425
f 1305//3426 1617//3426 1304//3426
f 1317//3427 1332//3427 1613//3427
f 1301//3428 1614//3428 1616//3428
f 1323//3429 1300//3429 1610//3429
f 1617//3430 1620//3430 1304//3430
f 1323//3431 1610//3431 1611//3431
f 1618//3432 1610//3432 1300//3432
f 1304//3433 1620//3433 1618//3433
f 1619//3434 1305//3434 1302//3434
f 1299//3435 1615//3435 1614//3435
f 1305//3436 1619//3436 1617//3436
f 1321//3437 1323//3437 1611//3437
f 1618//3438 1300//3438 1304//3438
f 1302//3439 1616//3439 1619//3439
f 1322//3440 1615//3440 1299//3440
f 1299//3441 1614//3441 1301//3441
f 1616//3442 1302//3442 1301//3442
f 1320//3443 1612//3443 1318//3443
f 1611//3444 1621//3444 1321//3444
f 1321//3445 1621//3445 1320//3445
f 1621//3446 1612//3446 1320//3446
f 1615//3447 1322//3447 1319//3447
f 1613//3448 1615//3448 1319//3448
f 1623//3449 1627//3449 1312//3449
f 1624//3450 1622//3450 1315//3450
f 1316//3451 1626//3451 1315//3451
f 1626//3452 1624//3452 1315//3452
f 1622//3453 1625//3453 1314//3453
f 1628//3454 1316//3454 1318//3454
f 1315//3455 1622//3455 1314//3455
f 1628//3456 1318//3456 1612//3456
f 1625//3457 1623//3457 1313//3457
f 1623//3458 1312//3458 1313//3458
f 1625//3459 1313//3459 1314//3459
f 1628//3460 1626//3460 1316//3460
f 1629//3461 1600//3461 1420//3461
f 1388//3462 1629//3462 1387//3462
f 1387//3463 1629//3463 1420//3463
f 1478//3464 1591//3464 1536//3464
f 1536//3465 1591//3465 1557//3465
f 1536//3466 1557//3466 1538//3466
f 1632//3467 1634//3467 1633//3467
f 1632//3468 1648//3468 1634//3468
f 1637//3469 1630//3469 1631//3469
f 1637//3470 1631//3470 1638//3470
f 1639//3471 1633//3471 1640//3471
f 1903//3472 1635//3472 1636//3472
f 1639//3473 1632//3473 1633//3473
f 1340//3474 1637//3474 1638//3474
f 1903//3475 1636//3475 1641//3475
f 1642//3476 1639//3476 1640//3476
f 1643//3477 1903//3477 1641//3477
f 1642//3478 1640//3478 1644//3478
f 1645//3479 1329//3479 1646//3479
f 1645//3480 1328//3480 1329//3480
f 1647//3481 1642//3481 1644//3481
f 1648//3482 1643//3482 1641//3482
f 1647//3483 1644//3483 1649//3483
f 1648//3484 1641//3484 1634//3484
f 1650//3485 1647//3485 1649//3485
f 1635//3486 1645//3486 1646//3486
f 1635//3487 1646//3487 1636//3487
f 1630//3488 1650//3488 1649//3488
f 1630//3489 1649//3489 1631//3489
f 1329//3490 1213//3490 1211//3490
f 1654//3491 1631//3491 1649//3491
f 1653//3492 1654//3492 1649//3492
f 1652//3493 1329//3493 1211//3493
f 1652//3494 1646//3494 1329//3494
f 1653//3492 1649//3492 1644//3492
f 1654//3495 1655//3495 1638//3495
f 1653//3496 1644//3496 1640//3496
f 1655//3497 1345//3497 1638//3497
f 1654//3498 1638//3498 1631//3498
f 1652//3499 1636//3499 1646//3499
f 1652//3500 1641//3500 1636//3500
f 1652//3500 1634//3500 1641//3500
f 1652//3501 1633//3501 1634//3501
f 1652//3501 1640//3501 1633//3501
f 1652//3502 1653//3502 1640//3502
f 1651//3503 1653//3503 1652//3503
f 1540//3504 1510//3504 1486//3504
f 1510//3505 1552//3505 1486//3505
f 1486//3506 1552//3506 1656//3506
f 1552//3507 1657//3507 1656//3507
f 1657//3508 1658//3508 1656//3508
f 1656//3509 1658//3509 1659//3509
f 1266//3510 1658//3510 1280//3510
f 1659//3511 1658//3511 1266//3511
f 1659//3512 1266//3512 1660//3512
f 1658//3513 2156//3513 1280//3513
f 1485//3514 1486//3514 1656//3514
f 1483//3515 1485//3515 1666//3515
f 1191//3516 1197//3516 1669//3516
f 1278//3517 1667//3517 1267//3517
f 1267//3518 1670//3518 1668//3518
f 1670//3519 1671//3519 1668//3519
f 1671//3520 1443//3520 1672//3520
f 1191//3521 1669//3521 1673//3521
f 1668//3522 1671//3522 1672//3522
f 1191//3523 1673//3523 1192//3523
f 1192//3524 1673//3524 1195//3524
f 1672//3525 1443//3525 1483//3525
f 1195//3526 1673//3526 1674//3526
f 1443//3527 1442//3527 1483//3527
f 1267//3528 1667//3528 1670//3528
f 1195//3529 1674//3529 1675//3529
f 1195//3530 1675//3530 1194//3530
f 1194//3531 1675//3531 1676//3531
f 1194//3532 1676//3532 1283//3532
f 1262//3533 1261//3533 1677//3533
f 1282//3534 1283//3534 1667//3534
f 1283//3535 1676//3535 1667//3535
f 1282//3536 1667//3536 1278//3536
f 1261//3537 1267//3537 1668//3537
f 1677//3538 1261//3538 1668//3538
f 1678//3539 1682//3539 1725//3539
f 1684//3540 1679//3540 1330//3540
f 1685//3541 1682//3541 1678//3541
f 1685//3542 1678//3542 1679//3542
f 1685//3543 1687//3543 1682//3543
f 1688//3544 1681//3544 1686//3544
f 1689//3545 1688//3545 1686//3545
f 1687//3546 1689//3546 1686//3546
f 1548//3547 1557//3547 1691//3547
f 1689//3548 1658//3548 1688//3548
f 1657//3549 1688//3549 1658//3549
f 1689//3550 1693//3550 1658//3550
f 1547//3551 1695//3551 1554//3551
f 1547//3552 1554//3552 1549//3552
f 1694//3553 1691//3553 1724//3553
f 1696//3554 1547//3554 1546//3554
f 1696//3555 1695//3555 1547//3555
f 1698//3556 1545//3556 1548//3556
f 1554//3557 1695//3557 1699//3557
f 1696//3558 1700//3558 1695//3558
f 1695//3559 1700//3559 1699//3559
f 1546//3560 1545//3560 1698//3560
f 1697//3561 1554//3561 1699//3561
f 1696//3562 1702//3562 1701//3562
f 1702//3563 1691//3563 1694//3563
f 1700//3564 1696//3564 1701//3564
f 1705//3565 1702//3565 1694//3565
f 1704//3566 1699//3566 1700//3566
f 1710//3567 1705//3567 1694//3567
f 1709//3568 1708//3568 1704//3568
f 1710//3569 1694//3569 1703//3569
f 1710//3570 1702//3570 1705//3570
f 1706//3571 1553//3571 1556//3571
f 1713//3572 1710//3572 1703//3572
f 1712//3573 1715//3573 1714//3573
f 1701//3574 1702//3574 1710//3574
f 1708//3575 1718//3575 1706//3575
f 1712//3576 1701//3576 1710//3576
f 1707//3577 1713//3577 1703//3577
f 1712//3578 1710//3578 1713//3578
f 1716//3579 1714//3579 1715//3579
f 1717//3580 1709//3580 1716//3580
f 1713//3581 1715//3581 1712//3581
f 1718//3582 1553//3582 1706//3582
f 1715//3583 1719//3583 1716//3583
f 1715//3584 1713//3584 1707//3584
f 1331//3585 1715//3585 1707//3585
f 1719//3586 1715//3586 1331//3586
f 1691//3587 1698//3587 1548//3587
f 1691//3588 1702//3588 1698//3588
f 1722//3589 1718//3589 1720//3589
f 1719//3590 1679//3590 1717//3590
f 1696//3591 1546//3591 1698//3591
f 1331//3592 1330//3592 1719//3592
f 1696//3593 1698//3593 1702//3593
f 1706//3594 1555//3594 1697//3594
f 1686//3595 1681//3595 1680//3595
f 1683//3596 1686//3596 1680//3596
f 1544//3597 1681//3597 1551//3597
f 1336//3598 1690//3598 1684//3598
f 1688//3599 1551//3599 1681//3599
f 1690//3600 1336//3600 1723//3600
f 1690//3601 1723//3601 1693//3601
f 1690//3602 1693//3602 1692//3602
f 1552//3603 1551//3603 1657//3603
f 1688//3604 1657//3604 1551//3604
f 1699//3605 1704//3605 1697//3605
f 1714//3606 1700//3606 1701//3606
f 1711//3607 1700//3607 1714//3607
f 1714//3608 1701//3608 1712//3608
f 1709//3609 1704//3609 1711//3609
f 1697//3610 1555//3610 1554//3610
f 1711//3611 1714//3611 1716//3611
f 1708//3612 1709//3612 1720//3612
f 1556//3613 1555//3613 1706//3613
f 1708//3614 1720//3614 1718//3614
f 1719//3615 1717//3615 1716//3615
f 1553//3616 1718//3616 1722//3616
f 1704//3617 1706//3617 1697//3617
f 1683//3618 1722//3618 1720//3618
f 1680//3619 1543//3619 1550//3619
f 1722//3620 1683//3620 1680//3620
f 1708//3621 1706//3621 1704//3621
f 1681//3622 1544//3622 1543//3622
f 1681//3623 1543//3623 1680//3623
f 1686//3624 1683//3624 1682//3624
f 1330//3625 1336//3625 1684//3625
f 1684//3626 1685//3626 1679//3626
f 1686//3627 1682//3627 1687//3627
f 1685//3628 1692//3628 1689//3628
f 1685//3629 1689//3629 1687//3629
f 1684//3630 1690//3630 1692//3630
f 1684//3631 1692//3631 1685//3631
f 1689//3632 1692//3632 1693//3632
f 1700//3633 1711//3633 1704//3633
f 1720//3634 1709//3634 1721//3634
f 1716//3635 1709//3635 1711//3635
f 1717//3636 1721//3636 1709//3636
f 1722//3637 1550//3637 1553//3637
f 1721//3638 1717//3638 1679//3638
f 1725//3639 1720//3639 1721//3639
f 1680//3640 1550//3640 1722//3640
f 1683//3641 1720//3641 1725//3641
f 1678//3642 1725//3642 1721//3642
f 1330//3643 1679//3643 1719//3643
f 1678//3644 1721//3644 1679//3644
f 1682//3645 1683//3645 1725//3645
f 1591//3646 1691//3646 1557//3646
f 1726//3647 1691//3647 1591//3647
f 1726//3648 1724//3648 1691//3648
f 1727//3649 1724//3649 1726//3649
f 1727//3650 1694//3650 1724//3650
f 1728//3651 1703//3651 1694//3651
f 1728//3652 1694//3652 1727//3652
f 1729//3653 1703//3653 1728//3653
f 1729//3654 1707//3654 1703//3654
f 1730//3655 1707//3655 1729//3655
f 1730//3656 1331//3656 1707//3656
f 1332//3657 1331//3657 1730//3657
f 1731//3658 1591//3658 1594//3658
f 1613//3659 1774//3659 1615//3659
f 1726//3660 1591//3660 1731//3660
f 1727//3661 1726//3661 1731//3661
f 1727//3662 1731//3662 1732//3662
f 1735//3663 1733//3663 1778//3663
f 1734//3664 1564//3664 1562//3664
f 1740//3665 1735//3665 1778//3665
f 1741//3666 1742//3666 1738//3666
f 1748//3667 1746//3667 1745//3667
f 1749//3668 1564//3668 1734//3668
f 1747//3669 1740//3669 1750//3669
f 1752//3670 1751//3670 1748//3670
f 1612//3671 1747//3671 1750//3671
f 1754//3672 1733//3672 1735//3672
f 1749//3673 1734//3673 1733//3673
f 1755//3674 1753//3674 1752//3674
f 1755//3675 1756//3675 1753//3675
f 1760//3676 1735//3676 1740//3676
f 1760//3677 1754//3677 1735//3677
f 1754//3678 1749//3678 1733//3678
f 1728//3679 1727//3679 1761//3679
f 1747//3680 1760//3680 1740//3680
f 1736//3681 1738//3681 1762//3681
f 1736//3682 1737//3682 1738//3682
f 1737//3683 1736//3683 1763//3683
f 1738//3684 1764//3684 1762//3684
f 1736//3685 1749//3685 1754//3685
f 1736//3686 1762//3686 1749//3686
f 1743//3687 1737//3687 1739//3687
f 1621//3688 1747//3688 1612//3688
f 1610//3689 1743//3689 1739//3689
f 1741//3690 1743//3690 1744//3690
f 1766//3691 1760//3691 1747//3691
f 1618//3692 1744//3692 1743//3692
f 1765//3693 1564//3693 1749//3693
f 1763//3694 1736//3694 1754//3694
f 1763//3695 1754//3695 1760//3695
f 1765//3696 1565//3696 1564//3696
f 1762//3697 1765//3697 1749//3697
f 1621//3698 1766//3698 1747//3698
f 1748//3699 1745//3699 1767//3699
f 1746//3700 1748//3700 1751//3700
f 1766//3701 1763//3701 1760//3701
f 1611//3702 1766//3702 1621//3702
f 1752//3703 1748//3703 1771//3703
f 1751//3704 1752//3704 1753//3704
f 1739//3705 1763//3705 1766//3705
f 1764//3706 1765//3706 1762//3706
f 1757//3707 1756//3707 1758//3707
f 1611//3708 1739//3708 1766//3708
f 1759//3709 1758//3709 1756//3709
f 1758//3710 1732//3710 1757//3710
f 1761//3711 1732//3711 1758//3711
f 1761//3712 1727//3712 1732//3712
f 1768//3713 1761//3713 1758//3713
f 1728//3714 1761//3714 1768//3714
f 1769//3715 1765//3715 1764//3715
f 1770//3716 1565//3716 1765//3716
f 1739//3717 1737//3717 1763//3717
f 1741//3718 1738//3718 1737//3718
f 1741//3719 1737//3719 1743//3719
f 1769//3720 1770//3720 1765//3720
f 1771//3721 1748//3721 1767//3721
f 1755//3722 1752//3722 1772//3722
f 1770//3723 1566//3723 1565//3723
f 1769//3724 1764//3724 1738//3724
f 1618//3725 1743//3725 1610//3725
f 1768//3726 1758//3726 1759//3726
f 1768//3727 1759//3727 1774//3727
f 1742//3728 1769//3728 1738//3728
f 1775//3729 1770//3729 1769//3729
f 1729//3730 1728//3730 1768//3730
f 1729//3731 1768//3731 1730//3731
f 1776//3732 1742//3732 1741//3732
f 1746//3733 1775//3733 1769//3733
f 1776//3734 1741//3734 1744//3734
f 1775//3735 1566//3735 1770//3735
f 1742//3736 1746//3736 1769//3736
f 1771//3737 1767//3737 1777//3737
f 1772//3738 1752//3738 1771//3738
f 1773//3739 1755//3739 1772//3739
f 1620//3740 1776//3740 1744//3740
f 1745//3741 1742//3741 1776//3741
f 1745//3742 1746//3742 1742//3742
f 1730//3743 1768//3743 1774//3743
f 1779//3744 1776//3744 1620//3744
f 1739//3745 1611//3745 1610//3745
f 1767//3746 1745//3746 1776//3746
f 1744//3747 1618//3747 1620//3747
f 1779//3748 1619//3748 1767//3748
f 1751//3749 1775//3749 1746//3749
f 1777//3750 1767//3750 1619//3750
f 1772//3751 1771//3751 1777//3751
f 1779//3752 1767//3752 1776//3752
f 1773//3753 1772//3753 1614//3753
f 1773//3754 1614//3754 1615//3754
f 1617//3755 1779//3755 1620//3755
f 1774//3756 1759//3756 1615//3756
f 1730//3757 1774//3757 1613//3757
f 1751//3758 1780//3758 1775//3758
f 1780//3759 1566//3759 1775//3759
f 1740//3760 1778//3760 1793//3760
f 1619//3761 1779//3761 1617//3761
f 1780//3762 1596//3762 1566//3762
f 1332//3763 1730//3763 1613//3763
f 1753//3764 1780//3764 1751//3764
f 1616//3765 1777//3765 1619//3765
f 1616//3766 1772//3766 1777//3766
f 1781//3767 1596//3767 1780//3767
f 1757//3768 1781//3768 1780//3768
f 1757//3769 1780//3769 1753//3769
f 1781//3770 1594//3770 1596//3770
f 1614//3771 1772//3771 1616//3771
f 1756//3772 1757//3772 1753//3772
f 1759//3773 1756//3773 1755//3773
f 1731//3774 1594//3774 1781//3774
f 1759//3775 1755//3775 1773//3775
f 1615//3776 1759//3776 1773//3776
f 1732//3777 1781//3777 1757//3777
f 1732//3778 1731//3778 1781//3778
f 1783//3779 1785//3779 1784//3779
f 1561//3780 1609//3780 1783//3780
f 1784//3781 1786//3781 1782//3781
f 1786//3782 1626//3782 1782//3782
f 1624//3783 1786//3783 1789//3783
f 1787//3784 1625//3784 1799//3784
f 1788//3785 1786//3785 1785//3785
f 1788//3786 1785//3786 1783//3786
f 1787//3787 1623//3787 1625//3787
f 1791//3788 1627//3788 1623//3788
f 1789//3789 1622//3789 1624//3789
f 1788//3790 1783//3790 1792//3790
f 1628//3791 1612//3791 1750//3791
f 1789//3792 1788//3792 1794//3792
f 1789//3793 1794//3793 1622//3793
f 1608//3794 1790//3794 1609//3794
f 1796//3795 1794//3795 1788//3795
f 1792//3796 1797//3796 1788//3796
f 1608//3797 1798//3797 1790//3797
f 1798//3798 1797//3798 1792//3798
f 1796//3799 1788//3799 1797//3799
f 1597//3800 1802//3800 1593//3800
f 1597//3801 1791//3801 1802//3801
f 1589//3802 1791//3802 1597//3802
f 1796//3803 1803//3803 1799//3803
f 1803//3804 1796//3804 1797//3804
f 1804//3805 1791//3805 1588//3805
f 1798//3806 1805//3806 1797//3806
f 1608//3807 1607//3807 1798//3807
f 1799//3808 1803//3808 1787//3808
f 1805//3809 1798//3809 1607//3809
f 1795//3810 1778//3810 1733//3810
f 1805//3811 1605//3811 1806//3811
f 1605//3812 1805//3812 1602//3812
f 1595//3813 1807//3813 1599//3813
f 1750//3814 1740//3814 1793//3814
f 1562//3815 1795//3815 1734//3815
f 1793//3816 1782//3816 1750//3816
f 1784//3817 1793//3817 1778//3817
f 1626//3818 1628//3818 1782//3818
f 1624//3819 1626//3819 1786//3819
f 1784//3820 1785//3820 1786//3820
f 1783//3821 1609//3821 1790//3821
f 1788//3822 1789//3822 1786//3822
f 1790//3823 1792//3823 1783//3823
f 1794//3824 1625//3824 1622//3824
f 1792//3825 1790//3825 1798//3825
f 1799//3826 1625//3826 1794//3826
f 1799//3827 1794//3827 1796//3827
f 1806//3828 1803//3828 1797//3828
f 1806//3829 1797//3829 1805//3829
f 1805//3830 1607//3830 1602//3830
f 1787//3831 1803//3831 1800//3831
f 1800//3832 1803//3832 1806//3832
f 1787//3833 1800//3833 1801//3833
f 1807//3834 1806//3834 1605//3834
f 1807//3835 1800//3835 1806//3835
f 1801//3836 1623//3836 1787//3836
f 1807//3837 1605//3837 1604//3837
f 1623//3838 1801//3838 1802//3838
f 1595//3839 1800//3839 1807//3839
f 1801//3840 1800//3840 1595//3840
f 1807//3841 1604//3841 1599//3841
f 1593//3842 1802//3842 1801//3842
f 1623//3843 1802//3843 1791//3843
f 1593//3844 1801//3844 1595//3844
f 1588//3845 1791//3845 1589//3845
f 1804//3846 1627//3846 1791//3846
f 1804//3847 1312//3847 1627//3847
f 1588//3848 1309//3848 1804//3848
f 1309//3849 1312//3849 1804//3849
f 1733//3850 1734//3850 1795//3850
f 1782//3851 1628//3851 1750//3851
f 1784//3852 1782//3852 1793//3852
f 1561//3853 1795//3853 1562//3853
f 1795//3854 1784//3854 1778//3854
f 1561//3855 1783//3855 1795//3855
f 1784//3856 1795//3856 1783//3856
f 1813//3857 1810//3857 1811//3857
f 1571//3858 1810//3858 1812//3858
f 1812//3859 1810//3859 1813//3859
f 1812//3860 1813//3860 1289//3860
f 1289//3861 1813//3861 1285//3861
f 1818//3862 1574//3862 1570//3862
f 1816//3863 1817//3863 1821//3863
f 1285//3864 1822//3864 1808//3864
f 1809//3865 1820//3865 1822//3865
f 1285//3866 1809//3866 1822//3866
f 1823//3867 1819//3867 1815//3867
f 1569//3868 1567//3868 1600//3868
f 1574//3869 1824//3869 1577//3869
f 1824//3870 1820//3870 1809//3870
f 1577//3871 1825//3871 1578//3871
f 1577//3872 1824//3872 1809//3872
f 1825//3873 1577//3873 1809//3873
f 1811//3874 1581//3874 1825//3874
f 1811//3875 1825//3875 1809//3875
f 1811//3876 1810//3876 1581//3876
f 1569//3877 1826//3877 1570//3877
f 1808//3878 1288//3878 1285//3878
f 1285//3879 1811//3879 1809//3879
f 1811//3880 1285//3880 1813//3880
f 1826//3881 1818//3881 1570//3881
f 1821//3882 1808//3882 1822//3882
f 1818//3883 1826//3883 1820//3883
f 1289//3884 1294//3884 1812//3884
f 1818//3885 1820//3885 1824//3885
f 1303//3886 1571//3886 1812//3886
f 1824//3887 1574//3887 1818//3887
f 1825//3888 1581//3888 1578//3888
f 1812//3889 1294//3889 1303//3889
f 1823//3890 1820//3890 1826//3890
f 1814//3891 1569//3891 1600//3891
f 1569//3892 1814//3892 1819//3892
f 1814//3893 1815//3893 1819//3893
f 1816//3894 1823//3894 1815//3894
f 1823//3895 1816//3895 1821//3895
f 1569//3896 1819//3896 1826//3896
f 1288//3897 1808//3897 1817//3897
f 1823//3898 1826//3898 1819//3898
f 1821//3899 1817//3899 1808//3899
f 1821//3900 1820//3900 1823//3900
f 1822//3901 1820//3901 1821//3901
f 1831//3902 1629//3902 1388//3902
f 1830//3903 1831//3903 1388//3903
f 1835//3904 1837//3904 1814//3904
f 1833//3905 1832//3905 1817//3905
f 1839//3906 1827//3906 1830//3906
f 1629//3907 1835//3907 1600//3907
f 1833//3908 1842//3908 1832//3908
f 1840//3909 1842//3909 1833//3909
f 1834//3910 1843//3910 1836//3910
f 1840//3911 1816//3911 1838//3911
f 1840//3912 1845//3912 1842//3912
f 1839//3913 1841//3913 1849//3913
f 1847//3914 1837//3914 1629//3914
f 1837//3915 1846//3915 1838//3915
f 1837//3916 1815//3916 1814//3916
f 1848//3917 1856//3917 1286//3917
f 1846//3918 1853//3918 1838//3918
f 1845//3919 1288//3919 1832//3919
f 1845//3920 1832//3920 1842//3920
f 1855//3921 1829//3921 1854//3921
f 1847//3922 1629//3922 1831//3922
f 1828//3923 1854//3923 1829//3923
f 1845//3924 1286//3924 1288//3924
f 1853//3925 1855//3925 1852//3925
f 1834//3926 1827//3926 1839//3926
f 1830//3927 1853//3927 1846//3927
f 1830//3928 1847//3928 1831//3928
f 1839//3929 1843//3929 1834//3929
f 1854//3930 1828//3930 1845//3930
f 1849//3931 1841//3931 1851//3931
f 1841//3932 1844//3932 1851//3932
f 1848//3933 1836//3933 1843//3933
f 1828//3934 1286//3934 1845//3934
f 1836//3935 1848//3935 1286//3935
f 1830//3936 1827//3936 1853//3936
f 1829//3937 1855//3937 1827//3937
f 1829//3938 1827//3938 1834//3938
f 1817//3939 1832//3939 1288//3939
f 1817//3940 1816//3940 1833//3940
f 1835//3941 1814//3941 1600//3941
f 1838//3942 1815//3942 1837//3942
f 1838//3943 1816//3943 1815//3943
f 1816//3944 1840//3944 1833//3944
f 1841//3945 1839//3945 1830//3945
f 1839//3946 1849//3946 1843//3946
f 1844//3947 1841//3947 1830//3947
f 1844//3948 1830//3948 1388//3948
f 1850//3949 1848//3949 1843//3949
f 1850//3950 1843//3950 1849//3950
f 1846//3951 1847//3951 1830//3951
f 1837//3952 1835//3952 1629//3952
f 1837//3953 1847//3953 1846//3953
f 1853//3954 1827//3954 1855//3954
f 1840//3955 1852//3955 1845//3955
f 1852//3956 1840//3956 1838//3956
f 1838//3957 1853//3957 1852//3957
f 1852//3958 1854//3958 1845//3958
f 1855//3959 1854//3959 1852//3959
f 1836//3960 1828//3960 1829//3960
f 1836//3961 1829//3961 1834//3961
f 1836//3962 1286//3962 1828//3962
f 1844//3963 1858//3963 1851//3963
f 1850//3964 1849//3964 1851//3964
f 1857//3965 1851//3965 1858//3965
f 1857//3966 1850//3966 1851//3966
f 1388//3967 1858//3967 1844//3967
f 1850//3968 1859//3968 1848//3968
f 1850//3969 1860//3969 1859//3969
f 1858//3970 1383//3970 1861//3970
f 1857//3971 1860//3971 1850//3971
f 1860//3972 1857//3972 1861//3972
f 1297//3973 1863//3973 1292//3973
f 1865//3974 1292//3974 1863//3974
f 1868//3975 1864//3975 1867//3975
f 1865//3976 1863//3976 1866//3976
f 1354//3977 1861//3977 1383//3977
f 1405//3978 1867//3978 1407//3978
f 1866//3979 1377//3979 1865//3979
f 1395//3980 1866//3980 1868//3980
f 1869//3981 1406//3981 1251//3981
f 1253//3982 1292//3982 1869//3982
f 1406//3983 1869//3983 1865//3983
f 1251//3984 1253//3984 1869//3984
f 1859//3985 1856//3985 1848//3985
f 1297//3986 1286//3986 1856//3986
f 1863//3987 1297//3987 1864//3987
f 1866//3988 1863//3988 1864//3988
f 1867//3989 1864//3989 1862//3989
f 1868//3990 1866//3990 1864//3990
f 1868//3991 1867//3991 1405//3991
f 1405//3992 1395//3992 1868//3992
f 1857//3993 1858//3993 1861//3993
f 1862//3994 1856//3994 1859//3994
f 1860//3995 1862//3995 1859//3995
f 1856//3996 1862//3996 1864//3996
f 1870//3997 1860//3997 1861//3997
f 1297//3998 1856//3998 1864//3998
f 1870//3999 1861//3999 1354//3999
f 1870//4000 1862//4000 1860//4000
f 1870//4001 1354//4001 1407//4001
f 1867//4002 1862//4002 1870//4002
f 1867//4003 1870//4003 1407//4003
f 1377//4004 1866//4004 1395//4004
f 1865//4005 1869//4005 1292//4005
f 1370//4006 1865//4006 1377//4006
f 1370//4007 1406//4007 1865//4007
f 1671//4008 1871//4008 1397//4008
f 1671//4009 1397//4009 1443//4009
f 1670//4010 1871//4010 1671//4010
f 1872//4011 1873//4011 1871//4011
f 1872//4012 1871//4012 1670//4012
f 1874//4013 1873//4013 1872//4013
f 1874//4014 1875//4014 1873//4014
f 1874//4015 1328//4015 1875//4015
f 1876//4016 1328//4016 1874//4016
f 1877//4017 1908//4017 1878//4017
f 1877//4018 1645//4018 1908//4018
f 1880//4019 1881//4019 1879//4019
f 1882//4020 1877//4020 1878//4020
f 1391//4021 1879//4021 1390//4021
f 1391//4022 1880//4022 1879//4022
f 1882//4023 1878//4023 1881//4023
f 1883//4024 1882//4024 1881//4024
f 1880//4025 1883//4025 1881//4025
f 1875//4026 1328//4026 1645//4026
f 1875//4027 1645//4027 1877//4027
f 1873//4028 1875//4028 1877//4028
f 1873//4029 1877//4029 1882//4029
f 1871//4030 1883//4030 1880//4030
f 1871//4031 1873//4031 1882//4031
f 1871//4032 1882//4032 1883//4032
f 1397//4033 1871//4033 1880//4033
f 1397//4034 1880//4034 1391//4034
f 1884//4035 1637//4035 1340//4035
f 1884//4036 1340//4036 1885//4036
f 1886//4037 1884//4037 1885//4037
f 1887//4038 1886//4038 1885//4038
f 1889//4039 1886//4039 1887//4039
f 1888//4040 1887//4040 1371//4040
f 1888//4041 1889//4041 1887//4041
f 1374//4042 1888//4042 1371//4042
f 1893//4043 1639//4043 1642//4043
f 1893//4044 1632//4044 1639//4044
f 1895//4045 1893//4045 1894//4045
f 1896//4046 1630//4046 1637//4046
f 1896//4047 1637//4047 1884//4047
f 1899//4048 1896//4048 1884//4048
f 1897//4049 1895//4049 1898//4049
f 1648//4050 1900//4050 1643//4050
f 1897//4051 1900//4051 1648//4051
f 1899//4052 1884//4052 1889//4052
f 1900//4053 1897//4053 1898//4053
f 1898//4054 1895//4054 1901//4054
f 1901//4055 1902//4055 1904//4055
f 1901//4056 1904//4056 1898//4056
f 1900//4057 1903//4057 1643//4057
f 1900//4058 1898//4058 1904//4058
f 1905//4059 1899//4059 1889//4059
f 1906//4060 1394//4060 1390//4060
f 1900//4061 1907//4061 1903//4061
f 1905//4062 1889//4062 1888//4062
f 1890//4063 1630//4063 1896//4063
f 1909//4064 1905//4064 1888//4064
f 1890//4065 1650//4065 1630//4065
f 1910//4066 1890//4066 1896//4066
f 1910//4067 1896//4067 1899//4067
f 1374//4068 1909//4068 1888//4068
f 1905//4069 1910//4069 1899//4069
f 1890//4070 1647//4070 1650//4070
f 1891//4071 1647//4071 1890//4071
f 1891//4072 1892//4072 1647//4072
f 1376//4073 1909//4073 1374//4073
f 1647//4074 1892//4074 1642//4074
f 1912//4075 1891//4075 1910//4075
f 1893//4076 1642//4076 1892//4076
f 1912//4077 1910//4077 1905//4077
f 1913//4078 1912//4078 1905//4078
f 1900//4079 1904//4079 1907//4079
f 1909//4080 1913//4080 1905//4080
f 1912//4081 1892//4081 1891//4081
f 1340//4082 1911//4082 1885//4082
f 1915//4083 1913//4083 1909//4083
f 1381//4084 1915//4084 1909//4084
f 1381//4085 1909//4085 1376//4085
f 1916//4086 1892//4086 1912//4086
f 1917//4087 1916//4087 1912//4087
f 1917//4088 1912//4088 1913//4088
f 1916//4089 1893//4089 1892//4089
f 1916//4090 1894//4090 1893//4090
f 1915//4091 1917//4091 1913//4091
f 1890//4092 1910//4092 1891//4092
f 1895//4093 1632//4093 1893//4093
f 1918//4094 1917//4094 1915//4094
f 1919//4095 1894//4095 1916//4095
f 1919//4096 1916//4096 1917//4096
f 1394//4097 1915//4097 1381//4097
f 1394//4098 1918//4098 1915//4098
f 1897//4099 1648//4099 1632//4099
f 1897//4100 1632//4100 1895//4100
f 1918//4101 1919//4101 1917//4101
f 1901//4102 1894//4102 1919//4102
f 1901//4103 1895//4103 1894//4103
f 1902//4104 1901//4104 1919//4104
f 1889//4105 1884//4105 1886//4105
f 1902//4106 1919//4106 1918//4106
f 1906//4107 1902//4107 1918//4107
f 1394//4108 1906//4108 1918//4108
f 1908//4109 1635//4109 1903//4109
f 1914//4110 1904//4110 1902//4110
f 1879//4111 1902//4111 1906//4111
f 1908//4112 1903//4112 1907//4112
f 1390//4113 1879//4113 1906//4113
f 1879//4114 1914//4114 1902//4114
f 1878//4115 1908//4115 1907//4115
f 1881//4116 1907//4116 1904//4116
f 1881//4117 1878//4117 1907//4117
f 1881//4118 1904//4118 1914//4118
f 1879//4119 1881//4119 1914//4119
f 1645//4120 1635//4120 1908//4120
f 1925//4121 1911//4121 1339//4121
f 1922//4122 1911//4122 1925//4122
f 1923//4123 1926//4123 1920//4123
f 1922//4124 1926//4124 1923//4124
f 1926//4125 1924//4125 1920//4125
f 1343//4126 1925//4126 1339//4126
f 1922//4127 1925//4127 1927//4127
f 1361//4128 1364//4128 1936//4128
f 1928//4129 1361//4129 1936//4129
f 1922//4130 1927//4130 1931//4130
f 1922//4131 1931//4131 1926//4131
f 1931//4132 1929//4132 1926//4132
f 1929//4133 1932//4133 1924//4133
f 1929//4134 1931//4134 1933//4134
f 1931//4135 1935//4135 1933//4135
f 1933//4136 1934//4136 1929//4136
f 1932//4137 1929//4137 1934//4137
f 1928//4138 1355//4138 1361//4138
f 1936//4139 1932//4139 1934//4139
f 1347//4140 1355//4140 1939//4140
f 1933//4141 1935//4141 1941//4141
f 1933//4142 1941//4142 1934//4142
f 1936//4143 1365//4143 1932//4143
f 1338//4144 1930//4144 1942//4144
f 1342//4145 1930//4145 1338//4145
f 1941//4146 1935//4146 1942//4146
f 1341//4147 1359//4147 1944//4147
f 1341//4148 1944//4148 1945//4148
f 1341//4149 1946//4149 1359//4149
f 1937//4150 1943//4150 1941//4150
f 1942//4151 1938//4151 1941//4151
f 1938//4152 1937//4152 1941//4152
f 1393//4153 1400//4153 1948//4153
f 1948//4154 1400//4154 1947//4154
f 1947//4155 1945//4155 1948//4155
f 1947//4156 1342//4156 1945//4156
f 1921//4157 1367//4157 1371//4157
f 1339//4158 1911//4158 1340//4158
f 1920//4159 1924//4159 1921//4159
f 1924//4160 1367//4160 1921//4160
f 1929//4161 1924//4161 1926//4161
f 1367//4162 1932//4162 1365//4162
f 1927//4163 1925//4163 1343//4163
f 1936//4164 1934//4164 1943//4164
f 1941//4165 1943//4165 1934//4165
f 1920//4166 1371//4166 1887//4166
f 1337//4167 1927//4167 1343//4167
f 1932//4168 1367//4168 1924//4168
f 1337//4169 1931//4169 1927//4169
f 1337//4170 1935//4170 1931//4170
f 1365//4171 1936//4171 1364//4171
f 1942//4172 1935//4172 1338//4172
f 1943//4173 1928//4173 1936//4173
f 1928//4174 1943//4174 1937//4174
f 1942//4175 1930//4175 1938//4175
f 1939//4176 1928//4176 1937//4176
f 1939//4177 1355//4177 1928//4177
f 1400//4178 1347//4178 1940//4178
f 1940//4179 1347//4179 1939//4179
f 1940//4180 1939//4180 1937//4180
f 1938//4181 1947//4181 1940//4181
f 1938//4182 1940//4182 1937//4182
f 1947//4183 1938//4183 1930//4183
f 1947//4184 1400//4184 1940//4184
f 1944//4185 1393//4185 1948//4185
f 1944//4186 1373//4186 1393//4186
f 1947//4187 1930//4187 1342//4187
f 1945//4188 1944//4188 1948//4188
f 1359//4189 1373//4189 1944//4189
f 1341//4190 1945//4190 1342//4190
f 1401//4191 1359//4191 1946//4191
f 1252//4192 1401//4192 1946//4192
f 1341//4193 1254//4193 1946//4193
f 1254//4194 1252//4194 1946//4194
f 1920//4195 1921//4195 1371//4195
f 1887//4196 1885//4196 1923//4196
f 1923//4197 1920//4197 1887//4197
f 1923//4198 1885//4198 1911//4198
f 1923//4199 1911//4199 1922//4199
f 1994//4200 1270//4200 1950//4200
f 1270//4201 1271//4201 1950//4201
f 2080//4202 1240//4202 2079//4202
f 1237//4203 1954//4203 1955//4203
f 1953//4204 1200//4204 1956//4204
f 1953//4205 1956//4205 1952//4205
f 1200//4206 1198//4206 1956//4206
f 1954//4207 1951//4207 1957//4207
f 1951//4208 1952//4208 1958//4208
f 1954//4209 1957//4209 1955//4209
f 1951//4210 1958//4210 1957//4210
f 1952//4211 1956//4211 1958//4211
f 1956//4212 1198//4212 1962//4212
f 1204//2878 1202//2878 1963//2878
f 1959//2878 1204//2878 1963//2878
f 1960//4213 1959//4213 1965//4213
f 1959//4214 1963//4214 1965//4214
f 1958//4215 1956//4215 1966//4215
f 1956//4216 1962//4216 1966//4216
f 1198//2878 1208//2878 1962//2878
f 1960//4217 1965//4217 1961//4217
f 1958//4218 1966//4218 1967//4218
f 1957//4219 1958//4219 1967//4219
f 1963//4220 1202//4220 1968//4220
f 1957//4221 1967//4221 1969//4221
f 1957//4222 1969//4222 1240//4222
f 1963//4223 1968//4223 1970//4223
f 1965//4224 1963//4224 1970//4224
f 1955//4225 1957//4225 1240//4225
f 1961//4226 1965//4226 1971//4226
f 1965//4227 1970//4227 1971//4227
f 1202//4228 1200//4228 1968//4228
f 1961//4229 1971//4229 1954//4229
f 1964//4230 1961//4230 1954//4230
f 1964//4231 1954//4231 1237//4231
f 1971//4232 1970//4232 1951//4232
f 1970//4233 1968//4233 1952//4233
f 1970//4234 1952//4234 1951//4234
f 1968//4235 1200//4235 1953//4235
f 1968//4236 1953//4236 1952//4236
f 1954//4237 1971//4237 1951//4237
f 1231//4238 1232//4238 1964//4238
f 1237//4239 1231//4239 1964//4239
f 1964//4240 1232//4240 1961//4240
f 1232//4241 1233//4241 1961//4241
f 1961//4242 1233//4242 1960//4242
f 1960//4243 1233//4243 1959//4243
f 1233//4244 1235//4244 1959//4244
f 1235//2878 1209//2878 1204//2878
f 1959//2878 1235//2878 1204//2878
f 1659//4245 1975//4245 1656//4245
f 1973//4246 1659//4246 1660//4246
f 1661//4247 1973//4247 1660//4247
f 1977//4248 1666//4248 1975//4248
f 1974//4249 1661//4249 1265//4249
f 1975//4250 1972//4250 1978//4250
f 1264//4251 1976//4251 1974//4251
f 1264//4252 1979//4252 1976//4252
f 1981//4253 1978//4253 1976//4253
f 1982//4254 1483//4254 1666//4254
f 1977//4255 1975//4255 1978//4255
f 1983//4256 1980//4256 1981//4256
f 1975//4257 1666//4257 1656//4257
f 1976//4258 1979//4258 1981//4258
f 1666//4259 1485//4259 1656//4259
f 1981//4260 1677//4260 1668//4260
f 1981//4261 1668//4261 1983//4261
f 1982//4262 1980//4262 1983//4262
f 1977//4263 1982//4263 1666//4263
f 1973//4264 1661//4264 1976//4264
f 1980//4265 1982//4265 1977//4265
f 1979//4266 1264//4266 1262//4266
f 1980//4267 1978//4267 1981//4267
f 1980//4268 1977//4268 1978//4268
f 1984//4269 1483//4269 1982//4269
f 1982//4270 1983//4270 1984//4270
f 1979//4271 1677//4271 1981//4271
f 1972//4272 1976//4272 1978//4272
f 1672//4273 1483//4273 1984//4273
f 1677//4274 1979//4274 1262//4274
f 1668//4275 1984//4275 1983//4275
f 1668//4276 1672//4276 1984//4276
f 1976//4277 1661//4277 1974//4277
f 1972//4278 1975//4278 1973//4278
f 1976//4279 1972//4279 1973//4279
f 1973//4280 1975//4280 1659//4280
f 1334//4281 1985//4281 1664//4281
f 1310//4282 1311//4282 1665//4282
f 1334//4283 1333//4283 1985//4283
f 1335//4284 1334//4284 1664//4284
f 1335//4285 1664//4285 1663//4285
f 1658//4286 1723//4286 1662//4286
f 1333//4287 1310//4287 1665//4287
f 1693//4288 1723//4288 1658//4288
f 1333//4289 1665//4289 1985//4289
f 1335//4290 1663//4290 1662//4290
f 1723//4291 1335//4291 1662//4291
f 1667//4292 1872//4292 1670//4292
f 1874//4293 1872//4293 1667//4293
f 1874//4294 1667//4294 1676//4294
f 1876//4295 1874//4295 1676//4295
f 1327//4296 1876//4296 1676//4296
f 1327//4297 1676//4297 1675//4297
f 1327//4298 1675//4298 1674//4298
f 1326//4299 1327//4299 1674//4299
f 1326//4300 1674//4300 1673//4300
f 1325//4301 1673//4301 1669//4301
f 1325//4302 1326//4302 1673//4302
f 1325//4303 1669//4303 1197//4303
f 1325//4304 1197//4304 1207//4304
f 1986//4305 1274//4305 1987//4305
f 1987//4306 1274//4306 1276//4306
f 1987//4307 1276//4307 1988//4307
f 1276//4308 1277//4308 1988//4308
f 1988//4309 1277//4309 1989//4309
f 1989//4310 1277//4310 1260//4310
f 1990//4311 1989//4311 1260//4311
f 1271//4312 1949//4312 1950//4312
f 1950//4313 1949//4313 1991//4313
f 1949//4314 1274//4314 1991//4314
f 1991//4315 1274//4315 1986//4315
f 1992//4316 1189//4316 1993//4316
f 1189//4317 1270//4317 1993//4317
f 1993//4318 1270//4318 1994//4318
f 1178//4319 1179//4319 1995//4319
f 1995//4320 1179//4320 1996//4320
f 1996//4321 1179//4321 1997//4321
f 1179//4322 1188//4322 1997//4322
f 1997//4323 1188//4323 1998//4323
f 1188//4324 1189//4324 1998//4324
f 1998//4325 1189//4325 1992//4325
f 2015//4326 1180//4326 1995//4326
f 1995//4327 1180//4327 1178//4327
f 1187//4328 1190//4328 1999//4328
f 1999//4329 1190//4329 2000//4329
f 1190//4330 1180//4330 2000//4330
f 2000//4331 1180//4331 2015//4331
f 2001//4332 1183//4332 2002//4332
f 1183//4333 1184//4333 2003//4333
f 2002//4334 1183//4334 2003//4334
f 1184//4335 1185//4335 2004//4335
f 2003//4336 1184//4336 2004//4336
f 1185//4337 1186//4337 2005//4337
f 2004//4338 1185//4338 2005//4338
f 2005//4339 1186//4339 1999//4339
f 1186//4340 1187//4340 1999//4340
f 1181//4341 1182//4341 2007//4341
f 2006//4342 1181//4342 2007//4342
f 2007//4343 1182//4343 2001//4343
f 1182//4344 1183//4344 2001//4344
f 2008//4345 1269//4345 2009//4345
f 1269//4346 1272//4346 2009//4346
f 2009//4347 1272//4347 2010//4347
f 1272//4348 1273//4348 2011//4348
f 2010//4349 1272//4349 2011//4349
f 1273//4350 1181//4350 2006//4350
f 2011//4351 1273//4351 2006//4351
f 1269//4352 2008//4352 2012//4352
f 1260//4353 2013//4353 1990//4353
f 1269//4354 2013//4354 1260//4354
f 1269//4355 2012//4355 2013//4355
f 2014//4356 1422//4356 1430//4356
f 2014//4357 2015//4357 1995//4357
f 1430//4358 2015//4358 2014//4358
f 2014//4359 1995//4359 1422//4359
f 2016//4360 1422//4360 1995//4360
f 1995//4361 1996//4361 2016//4361
f 2015//4362 1430//4362 2000//4362
f 2016//4363 1423//4363 1422//4363
f 2000//4364 1432//4364 1999//4364
f 2000//4365 1430//4365 1432//4365
f 1997//4366 2016//4366 1996//4366
f 2017//4367 1999//4367 1432//4367
f 1424//4368 1423//4368 2016//4368
f 1424//4369 2016//4369 1997//4369
f 2017//4370 1432//4370 1437//4370
f 2005//4371 1999//4371 2017//4371
f 1997//4372 2018//4372 1424//4372
f 1998//4373 2018//4373 1997//4373
f 1436//4374 2017//4374 1437//4374
f 2005//4375 1436//4375 2004//4375
f 2005//4376 2017//4376 1436//4376
f 2018//4377 1440//4377 1424//4377
f 1998//4378 1992//4378 2018//4378
f 1436//4379 1429//4379 2003//4379
f 2004//4380 1436//4380 2003//4380
f 2003//4381 1429//4381 1428//4381
f 2002//4382 2003//4382 1428//4382
f 2001//4383 2002//4383 1428//4383
f 2019//4384 1472//4384 1490//4384
f 1490//4385 1440//4385 2018//4385
f 1993//4386 1490//4386 2018//4386
f 1994//4387 2019//4387 1993//4387
f 1993//4388 2018//4388 1992//4388
f 1950//4389 2019//4389 1994//4389
f 1993//4390 2019//4390 1490//4390
f 2001//4391 1428//4391 2007//4391
f 1428//4392 1426//4392 2007//4392
f 1426//4393 2006//4393 2007//4393
f 1991//4394 1986//4394 2020//4394
f 1501//4395 1991//4395 2020//4395
f 2020//4396 1530//4396 1501//4396
f 2019//4397 1501//4397 1472//4397
f 1991//4398 1501//4398 2019//4398
f 1991//4399 2019//4399 1950//4399
f 1533//4400 1530//4400 2020//4400
f 1987//4401 1533//4401 2020//4401
f 1987//4402 2020//4402 1986//4402
f 1989//4403 1535//4403 2021//4403
f 1989//4404 2021//4404 1988//4404
f 1535//4405 1533//4405 2021//4405
f 2021//4406 1987//4406 1988//4406
f 1533//4407 1987//4407 2021//4407
f 1449//4408 2009//4408 2010//4408
f 1449//4409 2010//4409 2011//4409
f 1449//4410 2011//4410 1450//4410
f 1450//4411 2011//4411 2006//4411
f 1450//4412 2006//4412 1426//4412
f 1482//4413 1535//4413 1989//4413
f 1990//4414 1482//4414 1989//4414
f 1449//4415 1541//4415 2008//4415
f 2009//4416 1449//4416 2008//4416
f 2022//4417 1990//4417 2013//4417
f 2008//4418 1541//4418 2012//4418
f 2022//4419 1482//4419 1990//4419
f 2013//4420 1484//4420 2022//4420
f 2012//4421 1541//4421 1492//4421
f 1484//4422 1482//4422 2022//4422
f 1492//4423 1484//4423 2013//4423
f 1492//4424 2013//4424 2012//4424
f 1268//4425 1263//4425 1175//4425
f 1176//4425 1268//4425 1175//4425
f 1279//4426 1176//4426 1284//4426
f 1279//4425 1268//4425 1176//4425
f 1281//4427 1279//4427 1284//4427
f 2024//4428 1212//4428 2023//4428
f 2024//4429 1211//4429 1212//4429
f 2025//4430 1211//4430 2024//4430
f 1652//4431 1211//4431 2025//4431
f 2029//4432 2030//4432 2026//4432
f 2027//4433 2030//4433 2029//4433
f 2031//4434 2027//4434 2029//4434
f 2028//4435 2031//4435 2029//4435
f 2028//4436 2029//4436 1651//4436
f 2024//4437 2032//4437 2027//4437
f 2024//4438 2027//4438 2031//4438
f 1651//4439 2025//4439 2028//4439
f 2025//4440 2031//4440 2028//4440
f 2025//4441 2024//4441 2031//4441
f 1652//4442 2025//4442 1651//4442
f 2023//4443 2032//4443 2024//4443
f 1651//4444 2033//4444 1653//4444
f 2038//4445 2040//4445 2034//4445
f 2040//4446 2039//4446 2034//4446
f 2038//4447 2037//4447 2036//4447
f 1653//4448 2038//4448 2036//4448
f 2033//4449 2040//4449 2038//4449
f 2040//4450 2026//4450 2039//4450
f 2034//4451 2035//4451 2037//4451
f 2038//4452 2034//4452 2037//4452
f 2033//4453 2038//4453 1653//4453
f 2040//4454 2029//4454 2026//4454
f 2033//4455 1651//4455 2029//4455
f 2033//4456 2029//4456 2040//4456
f 2042//4457 2037//4457 2035//4457
f 2042//4458 2035//4458 2041//4458
f 2057//4459 2036//4459 2037//4459
f 2057//4460 2037//4460 2042//4460
f 1654//4461 1653//4461 2036//4461
f 1654//4462 2036//4462 2057//4462
f 2044//4463 2045//4463 2048//4463
f 2047//4464 1247//4464 1246//4464
f 1655//4465 2048//4465 2046//4465
f 1655//4466 2044//4466 2048//4466
f 2050//4467 2049//4467 2043//4467
f 2047//4468 1246//4468 1344//4468
f 2050//4469 2043//4469 2044//4469
f 2051//4470 2047//4470 1344//4470
f 2052//4471 2044//4471 1655//4471
f 2052//4472 2050//4472 2044//4472
f 2051//4473 1344//4473 1345//4473
f 2050//4474 2053//4474 2049//4474
f 1654//4475 2052//4475 1655//4475
f 2056//4476 2051//4476 1345//4476
f 2052//4477 2055//4477 2050//4477
f 2055//4478 2053//4478 2050//4478
f 2057//4479 2055//4479 2052//4479
f 2055//4480 2041//4480 2053//4480
f 1654//4481 2057//4481 2052//4481
f 2042//4482 2041//4482 2055//4482
f 2051//4483 2054//4483 2047//4483
f 2048//4484 2054//4484 2051//4484
f 2057//4485 2042//4485 2055//4485
f 2056//4486 1345//4486 1655//4486
f 2044//4487 2043//4487 2045//4487
f 2046//4488 2048//4488 2051//4488
f 2048//4489 2045//4489 2054//4489
f 2046//4490 2051//4490 2056//4490
f 1655//4491 2046//4491 2056//4491
f 2023//4492 1212//4492 2058//4492
f 2058//4493 1212//4493 1236//4493
f 2023//4494 2058//4494 2059//4494
f 1212//4495 1206//4495 1203//4495
f 1236//4496 1212//4496 1203//4496
f 2047//4497 2060//4497 1247//4497
f 2061//4498 2060//4498 2047//4498
f 2054//4499 2061//4499 2047//4499
f 2062//4500 2061//4500 2054//4500
f 2045//4501 2062//4501 2054//4501
f 2043//4502 2062//4502 2045//4502
f 2063//4503 2062//4503 2043//4503
f 2049//4504 2063//4504 2043//4504
f 2064//4505 2063//4505 2049//4505
f 2053//4506 2064//4506 2049//4506
f 2065//4507 2064//4507 2053//4507
f 2041//4508 2065//4508 2053//4508
f 2066//4509 2065//4509 2041//4509
f 2066//4510 2041//4510 2035//4510
f 2067//4511 2066//4511 2035//4511
f 2035//4512 2068//4512 2067//4512
f 2034//4513 2068//4513 2035//4513
f 2034//4514 2069//4514 2068//4514
f 2039//4515 2069//4515 2034//4515
f 2026//4516 2070//4516 2069//4516
f 2026//4517 2069//4517 2039//4517
f 2030//4518 2070//4518 2026//4518
f 2030//4519 2071//4519 2070//4519
f 2027//4520 2071//4520 2030//4520
f 2027//4521 2072//4521 2071//4521
f 2032//4522 2072//4522 2027//4522
f 2032//4523 2059//4523 2072//4523
f 2023//4524 2059//4524 2032//4524
f 1236//4525 1230//4525 2058//4525
f 2059//4526 1230//4526 1219//4526
f 2058//4527 1230//4527 2059//4527
f 2072//4528 2059//4528 1219//4528
f 1225//4529 2072//4529 1219//4529
f 1225//4530 1222//4530 2072//4530
f 1242//4531 2071//4531 1222//4531
f 2070//4532 2071//4532 1242//4532
f 1222//4533 2071//4533 2072//4533
f 2073//4534 2074//4534 2075//4534
f 2067//4535 2068//4535 2073//4535
f 2074//4536 2069//4536 2075//4536
f 2074//4537 2068//4537 2069//4537
f 2075//4538 2070//4538 1242//4538
f 2075//4539 2069//4539 2070//4539
f 2073//4540 2068//4540 2074//4540
f 2073//4541 2066//4541 2067//4541
f 2073//4542 1239//4542 2066//4542
f 2064//4543 1239//4543 1238//4543
f 2060//4544 2061//4544 1241//4544
f 1239//4545 2065//4545 2066//4545
f 2083//4546 2060//4546 1241//4546
f 2082//4547 2083//4547 1241//4547
f 2064//4548 1238//4548 2063//4548
f 2062//4549 2063//4549 1238//4549
f 2065//4550 1239//4550 2064//4550
f 1241//4551 2062//4551 1238//4551
f 1241//4552 2061//4552 2062//4552
f 1324//4553 2174//4553 1311//4553
f 1191//4554 1193//4554 1196//4554
f 1197//4555 1191//4555 1196//4555
f 1969//4556 2094//4556 2092//4556
f 1969//4557 2092//4557 2093//4557
f 2091//4558 1967//4558 1966//4558
f 1967//4559 2090//4559 2094//4559
f 1966//4560 2089//4560 2091//4560
f 1966//4561 2087//4561 2089//4561
f 1962//4562 2086//4562 2087//4562
f 1240//4563 2082//4563 1241//4563
f 1240//4564 2093//4564 2079//4564
f 1208//2878 2088//2878 2076//2878
f 1208//2878 2086//2878 1962//2878
f 2060//4565 2077//4565 1247//4565
f 1166//4566 369//4566 1145//4566
f 1054//4567 1171//4567 1173//4567
f 1052//4568 1169//4568 1170//4568
f 1051//4569 1168//4569 1167//4569
f 368//4570 369//4570 1165//4570
f 368//4571 1162//4571 1172//4571
f 2083//4572 2077//4572 2060//4572
f 1969//4573 1967//4573 2094//4573
f 2091//4574 2090//4574 1967//4574
f 1966//4575 1962//4575 2087//4575
f 1240//4576 2081//4576 2082//4576
f 1240//4577 1969//4577 2093//4577
f 1208//2878 2076//2878 2086//2878
f 1287//4578 2106//4578 2107//4578
f 2105//96 2108//96 2101//96
f 411//4579 2100//4579 2101//4579
f 1295//4580 2096//4580 1293//4580
f 1290//4581 2099//4581 2106//4581
f 405//4582 2097//4582 406//4582
f 1291//4583 2098//4583 2099//4583
f 1298//4584 2107//4584 2105//4584
f 408//4585 2096//4585 2095//4585
f 1296//4586 2103//4586 1295//4586
f 1298//4587 2104//4587 1296//4587
f 409//4588 2095//4588 2100//4588
f 406//4589 2098//4589 1258//4589
f 402//4590 2102//4590 405//4590
f 411//4591 2108//4591 402//4591
f 1287//4578 1290//4578 2106//4578
f 2095//4592 2096//4592 2101//4592
f 2103//4593 2104//4593 2105//4593
f 2105//96 2107//96 2108//96
f 2106//4594 2099//4594 2107//4594
f 2098//4595 2097//4595 2108//4595
f 2102//4596 2108//4596 2097//4596
f 2101//4597 2100//4597 2095//4597
f 2096//4598 2103//4598 2105//4598
f 2107//4599 2099//4599 2098//4599
f 2098//4600 2108//4600 2107//4600
f 2101//4601 2096//4601 2105//4601
f 411//4579 409//4579 2100//4579
f 1295//4580 2103//4580 2096//4580
f 1290//4581 1291//4581 2099//4581
f 405//4582 2102//4582 2097//4582
f 1291//4583 1258//4583 2098//4583
f 1298//4584 1287//4584 2107//4584
f 408//4585 1293//4585 2096//4585
f 1296//4586 2104//4586 2103//4586
f 1298//4587 2105//4587 2104//4587
f 409//4588 408//4588 2095//4588
f 406//4589 2097//4589 2098//4589
f 402//4590 2108//4590 2102//4590
f 411//4591 2101//4591 2108//4591
f 337//4602 2110//4602 2113//4602
f 1177//4603 2118//4603 1195//4603
f 1174//4604 2120//4604 2121//4604
f 1195//4605 2117//4605 1192//4605
f 1192//4606 2116//4606 1191//4606
f 322//4607 2111//4607 2127//4607
f 319//4608 2128//4608 2129//4608
f 1191//4609 2115//4609 336//4609
f 2157//4610 1662//4610 2158//4610
f 2113//4611 340//4611 337//4611
f 2137//4612 1985//4612 2136//4612
f 2171//4613 753//4613 2170//4613
f 2140//4614 1664//4614 2139//4614
f 2152//4615 751//4615 750//4615
f 2138//4616 1664//4616 1985//4616
f 2150//4617 2149//4617 1070//4617
f 2153//4618 750//4618 746//4618
f 2145//4619 2144//4619 751//4619
f 2143//4620 2146//4620 1662//4620
f 2178//4621 1070//4621 2149//4621
f 2161//4622 2165//4622 1266//4622
f 2163//4623 395//4623 381//4623
f 2121//4624 2122//4624 1174//4624
f 2159//4625 2158//4625 1662//4625
f 2134//4626 1665//4626 2176//4626
f 2173//4627 1665//4627 1311//4627
f 2135//4628 1985//4628 1665//4628
f 2171//4629 2172//4629 1311//4629
f 2154//4630 2155//4630 750//4630
f 2150//4631 752//4631 2147//4631
f 2140//4632 2141//4632 1663//4632
f 2174//4633 2173//4633 1311//4633
f 2123//4634 2124//4634 1174//4634
f 2168//4635 2170//4635 753//4635
f 2122//4636 2123//4636 1174//4636
f 2142//4637 1663//4637 2141//4637
f 2148//4638 752//4638 751//4638
f 2129//4639 2126//4639 319//4639
f 2109//4609 2110//4609 336//4609
f 2126//4604 2125//4604 319//4604
f 2155//4640 2152//4640 750//4640
f 412//4641 1311//4641 2172//4641
f 395//4642 2164//4642 2153//4642
f 2160//4643 1280//4643 2156//4643
f 1658//4644 2157//4644 2156//4644
f 1324//4645 2175//4645 2174//4645
f 337//4602 336//4602 2110//4602
f 1177//4646 1174//4646 2119//4646
f 2119//4603 2118//4603 1177//4603
f 1174//4603 2124//4603 2119//4603
f 1195//4605 2118//4605 2117//4605
f 1192//4606 2117//4606 2116//4606
f 2128//4647 319//4647 2127//4647
f 322//4648 340//4648 2112//4648
f 322//4648 2112//4648 2111//4648
f 2127//4648 319//4648 322//4648
f 1191//4609 2116//4609 2115//4609
f 2157//4649 1658//4649 1662//4649
f 2113//4611 2112//4611 340//4611
f 2137//4612 2138//4612 1985//4612
f 2171//4650 1311//4650 753//4650
f 2140//4651 1663//4651 1664//4651
f 2152//4652 2151//4652 751//4652
f 2138//4653 2139//4653 1664//4653
f 2153//4654 2154//4654 750//4654
f 751//4619 2151//4619 2145//4619
f 2144//4619 2148//4619 751//4619
f 1662//4655 2142//4655 2143//4655
f 2146//4656 2159//4656 1662//4656
f 2178//4657 753//4657 1070//4657
f 1280//4658 2160//4658 2161//4658
f 2161//4659 2162//4659 2165//4659
f 2165//4660 2166//4660 2167//4660
f 1266//4661 1280//4661 2161//4661
f 2165//4662 2167//4662 1266//4662
f 381//4663 2133//4663 2132//4663
f 2131//4664 2130//4664 381//4664
f 381//4665 2132//4665 2131//4665
f 2164//4666 395//4666 2163//4666
f 2130//4667 2163//4667 381//4667
f 2134//4626 2135//4626 1665//4626
f 2173//4668 2176//4668 1665//4668
f 2135//4669 2136//4669 1985//4669
f 2150//4670 1070//4670 752//4670
f 753//4635 2178//4635 2169//4635
f 2169//4671 2168//4671 753//4671
f 2142//4672 1662//4672 1663//4672
f 2148//4673 2147//4673 752//4673
f 336//4609 2115//4609 2114//4609
f 2114//4609 2109//4609 336//4609
f 2179//4674 2182//4674 2183//4674
f 2181//4675 2180//4675 2184//4675
f 2182//4676 2185//4676 2183//4676
f 2180//4677 2186//4677 2184//4677
f 2186//4678 2187//4678 2188//4678
f 2188//4679 2187//4679 2189//4679
f 2187//4680 2179//4680 2189//4680
f 2192//4681 2191//4681 2190//4681
f 2192//4682 2190//4682 2193//4682
f 2193//4683 2194//4683 2192//4683
f 2194//4684 2193//4684 2195//4684
f 2195//4685 2196//4685 2194//4685
f 2196//4686 2195//4686 2197//4686
f 2198//4687 2196//4687 2197//4687
f 2200//4688 2197//4688 2199//4688
f 2200//4689 2198//4689 2197//4689
f 2199//4690 2201//4690 2200//4690
f 2202//4691 2201//4691 2199//4691
f 2202//4692 2203//4692 2201//4692
f 2203//4693 2202//4693 2204//4693
f 2204//4694 2205//4694 2203//4694
f 2206//4695 2205//4695 2204//4695
f 2206//4696 2207//4696 2205//4696
f 2207//4697 2206//4697 2208//4697
f 2208//4698 2209//4698 2207//4698
f 2210//4699 2208//4699 2211//4699
f 2210//4700 2209//4700 2208//4700
f 2211//4701 2212//4701 2210//4701
f 2191//4702 2501//4702 2190//4702
f 2212//4703 2211//4703 2507//4703
f 2213//4704 2466//4704 2369//4704
f 2213//4705 2369//4705 2214//4705
f 2215//4706 2213//4706 2214//4706
f 2215//4707 2214//4707 2216//4707
f 2217//4708 2215//4708 2216//4708
f 2217//4709 2216//4709 2218//4709
f 2219//4710 2217//4710 2218//4710
f 2219//4711 2218//4711 2220//4711
f 2221//4712 2219//4712 2220//4712
f 2222//4713 2221//4713 2220//4713
f 2222//4714 2220//4714 2223//4714
f 2224//4715 2222//4715 2223//4715
f 2225//4716 2224//4716 2223//4716
f 2225//4717 2223//4717 2226//4717
f 2227//4718 2225//4718 2226//4718
f 2228//4719 2227//4719 2226//4719
f 2228//4720 2226//4720 2229//4720
f 2230//4721 2228//4721 2229//4721
f 2231//4722 2230//4722 2229//4722
f 2231//4723 2229//4723 2232//4723
f 2233//4724 2231//4724 2232//4724
f 2234//4725 2233//4725 2232//4725
f 2234//4726 2232//4726 2235//4726
f 2236//4727 2234//4727 2235//4727
f 2237//4728 2236//4728 2235//4728
f 2237//4729 2235//4729 2238//4729
f 2239//4730 2237//4730 2238//4730
f 2239//4731 2238//4731 2240//4731
f 2241//4732 2239//4732 2240//4732
f 2241//4733 2240//4733 2242//4733
f 2243//4734 2241//4734 2242//4734
f 2244//4735 2179//4735 2246//4735
f 2245//4736 2181//4736 2247//4736
f 2179//4737 2183//4737 2246//4737
f 2181//4738 2184//4738 2247//4738
f 2247//4739 2184//4739 2248//4739
f 2183//4740 2185//4740 2246//4740
f 2246//4741 2185//4741 2249//4741
f 2184//4742 2186//4742 2248//4742
f 2186//4743 2188//4743 2248//4743
f 2248//4744 2188//4744 2250//4744
f 2188//4745 2189//4745 2250//4745
f 2250//4746 2189//4746 2244//4746
f 2189//4747 2179//4747 2244//4747
f 2252//4748 2191//4748 2192//4748
f 2252//4749 2251//4749 2191//4749
f 2253//4750 2252//4750 2192//4750
f 2253//4751 2192//4751 2194//4751
f 2254//4752 2253//4752 2194//4752
f 2254//4753 2194//4753 2196//4753
f 2254//4754 2196//4754 2198//4754
f 2255//4755 2254//4755 2198//4755
f 2255//4756 2198//4756 2200//4756
f 2256//4757 2200//4757 2201//4757
f 2256//4758 2255//4758 2200//4758
f 2256//4759 2201//4759 2203//4759
f 2257//4760 2256//4760 2203//4760
f 2257//4761 2203//4761 2205//4761
f 2258//4762 2257//4762 2205//4762
f 2258//4763 2205//4763 2207//4763
f 2259//4764 2258//4764 2207//4764
f 2260//4765 2259//4765 2207//4765
f 2260//4766 2207//4766 2209//4766
f 2260//4767 2209//4767 2210//4767
f 2261//4768 2260//4768 2210//4768
f 2356//4769 2210//4769 2212//4769
f 2356//4770 2261//4770 2210//4770
f 2458//4771 2264//4771 2265//4771
f 2263//4772 2266//4772 2267//4772
f 2262//4773 2266//4773 2263//4773
f 2264//4774 2268//4774 2265//4774
f 2265//4775 2268//4775 2269//4775
f 2267//4776 2270//4776 2271//4776
f 2266//4777 2270//4777 2267//4777
f 2268//4778 2272//4778 2269//4778
f 2269//4779 2272//4779 2273//4779
f 2270//4780 2274//4780 2271//4780
f 2271//4781 2274//4781 2275//4781
f 2274//4782 2276//4782 2275//4782
f 2272//4783 2262//4783 2273//4783
f 2273//4784 2262//4784 2263//4784
f 2275//4785 2276//4785 2277//4785
f 2278//4786 2280//4786 2288//4786
f 2288//4787 2280//4787 2281//4787
f 2418//4788 2282//4788 2279//4788
f 2282//4789 2283//4789 2279//4789
f 2279//4790 2283//4790 2284//4790
f 2280//4791 2285//4791 2281//4791
f 2281//4792 2285//4792 2286//4792
f 2285//4793 2287//4793 2286//4793
f 2283//4794 2278//4794 2284//4794
f 2284//4795 2278//4795 2288//4795
f 2298//4796 2299//4796 2289//4796
f 2299//4797 2290//4797 2289//4797
f 2292//4798 2291//4798 2293//4798
f 2289//4799 2290//4799 2359//4799
f 2290//4800 2294//4800 2359//4800
f 2291//4801 2295//4801 2293//4801
f 2293//4802 2295//4802 2296//4802
f 2295//4803 2297//4803 2296//4803
f 2296//4804 2297//4804 2298//4804
f 2297//4805 2299//4805 2298//4805
f 2312//4806 2300//4806 2301//4806
f 2303//4807 2302//4807 2304//4807
f 2300//4808 2305//4808 2301//4808
f 2301//4809 2305//4809 2306//4809
f 2304//4810 2307//4810 2308//4810
f 2302//4811 2307//4811 2304//4811
f 2307//4812 2309//4812 2308//4812
f 2308//4813 2309//4813 2310//4813
f 2309//4814 2311//4814 2310//4814
f 2310//4815 2311//4815 2312//4815
f 2311//4816 2300//4816 2312//4816
f 2322//4817 2323//4817 2324//4817
f 2325//4818 2322//4818 2324//4818
f 2325//4819 2324//4819 2326//4819
f 2327//4820 2325//4820 2326//4820
f 2327//4821 2326//4821 2328//4821
f 2329//4822 2327//4822 2328//4822
f 2329//4823 2328//4823 2330//4823
f 2331//4824 2329//4824 2330//4824
f 2331//4825 2330//4825 2332//4825
f 2333//4826 2331//4826 2332//4826
f 2333//4827 2332//4827 2334//4827
f 2335//4828 2333//4828 2334//4828
f 2335//4829 2334//4829 2336//4829
f 2337//4830 2335//4830 2336//4830
f 2337//4831 2336//4831 2338//4831
f 2339//4832 2337//4832 2338//4832
f 2339//4833 2338//4833 2340//4833
f 2341//4834 2339//4834 2340//4834
f 2341//4835 2340//4835 2342//4835
f 2343//4836 2341//4836 2342//4836
f 2343//4837 2342//4837 2344//4837
f 2345//4838 2343//4838 2344//4838
f 2345//4839 2344//4839 2346//4839
f 2347//4840 2345//4840 2346//4840
f 2347//4841 2346//4841 2348//4841
f 2349//4842 2347//4842 2348//4842
f 2349//4843 2348//4843 2350//4843
f 2351//4844 2349//4844 2350//4844
f 2384//4845 2386//4845 2352//4845
f 2385//4846 2353//4846 2354//4846
f 2298//4846 2289//4846 2372//4846
f 2372//4846 2289//4846 2357//4846
f 2301//4846 2223//4846 2255//4846
f 2252//4846 2216//4846 2214//4846
f 2253//4846 2216//4846 2252//4846
f 2310//4846 2312//4846 2256//4846
f 2255//4846 2223//4846 2254//4846
f 2256//4846 2312//4846 2255//4846
f 2223//4846 2220//4846 2254//4846
f 2386//4847 2358//4847 2352//4847
f 2253//4846 2218//4846 2216//4846
f 2254//4846 2218//4846 2253//4846
f 2242//4846 2356//4846 2355//4846
f 2254//4846 2220//4846 2218//4846
f 2362//4848 2360//4848 2180//4848
f 2354//4846 2353//4846 2363//4846
f 2235//4846 2232//4846 2258//4846
f 2353//4846 2364//4846 2363//4846
f 2312//4846 2301//4846 2255//4846
f 2289//4846 2359//4846 2357//4846
f 2242//4846 2261//4846 2356//4846
f 2366//4846 2367//4846 2368//4846
f 2362//4849 2365//4849 2360//4849
f 2240//4846 2261//4846 2242//4846
f 2361//4846 2369//4846 2374//4846
f 2303//4846 2229//4846 2370//4846
f 2367//4846 2371//4846 2368//4846
f 2258//4846 2232//4846 2257//4846
f 2240//4846 2260//4846 2261//4846
f 2293//4846 2296//4846 2372//4846
f 2364//4846 2373//4846 2363//4846
f 2363//4846 2373//4846 2359//4846
f 2362//4850 2374//4850 2365//4850
f 2251//4846 2369//4846 2361//4846
f 2375//4846 2293//4846 2372//4846
f 2238//4846 2260//4846 2240//4846
f 2366//4846 2376//4846 2367//4846
f 2352//4851 2374//4851 2362//4851
f 2370//4852 2226//4852 2377//4852
f 2229//4852 2226//4852 2370//4852
f 2378//4846 2376//4846 2366//4846
f 2358//4853 2374//4853 2352//4853
f 2182//4854 2179//4854 2379//4854
f 2359//4846 2182//4846 2357//4846
f 2375//4846 2292//4846 2293//4846
f 2357//4855 2182//4855 2379//4855
f 2373//4846 2182//4846 2359//4846
f 2368//4846 2371//4846 2375//4846
f 2377//4852 2226//4852 2380//4852
f 2179//4856 2187//4856 2379//4856
f 2296//4846 2298//4846 2372//4846
f 2373//4857 2185//4857 2182//4857
f 2375//4846 2381//4846 2292//4846
f 2382//4858 2185//4858 2373//4858
f 2371//4846 2381//4846 2375//4846
f 2238//4846 2259//4846 2260//4846
f 2235//4846 2259//4846 2238//4846
f 2361//4846 2374//4846 2358//4846
f 2379//4859 2187//4859 2360//4859
f 2257//4846 2308//4846 2256//4846
f 2380//4860 2226//4860 2383//4860
f 2257//4846 2304//4846 2308//4846
f 2232//4846 2304//4846 2257//4846
f 2382//4861 2384//4861 2185//4861
f 2251//4846 2214//4846 2369//4846
f 2292//4846 2381//4846 2385//4846
f 2308//4846 2310//4846 2256//4846
f 2187//4862 2186//4862 2360//4862
f 2229//4846 2304//4846 2232//4846
f 2382//4863 2386//4863 2384//4863
f 2226//4846 2223//4846 2383//4846
f 2383//4846 2223//4846 2306//4846
f 2355//4846 2376//4846 2378//4846
f 2180//4864 2360//4864 2186//4864
f 2252//4846 2214//4846 2251//4846
f 2229//4846 2303//4846 2304//4846
f 2355//4846 2356//4846 2376//4846
f 2259//4846 2235//4846 2258//4846
f 2306//4846 2223//4846 2301//4846
f 2381//4846 2353//4846 2385//4846
f 2370//4865 2387//4865 2303//4865
f 2390//4866 2387//4866 2370//4866
f 2306//4867 2305//4867 2383//4867
f 2305//4868 2388//4868 2383//4868
f 2383//4869 2388//4869 2380//4869
f 2387//4870 2302//4870 2303//4870
f 2388//4871 2389//4871 2380//4871
f 2380//4872 2389//4872 2377//4872
f 2377//4873 2389//4873 2370//4873
f 2389//4874 2390//4874 2370//4874
f 2385//4875 2392//4875 2292//4875
f 2391//4876 2392//4876 2385//4876
f 2359//4877 2294//4877 2363//4877
f 2294//4878 2393//4878 2363//4878
f 2392//4879 2291//4879 2292//4879
f 2363//4880 2393//4880 2354//4880
f 2393//4881 2394//4881 2354//4881
f 2394//4882 2391//4882 2354//4882
f 2354//4883 2391//4883 2385//4883
f 2404//4884 2400//4884 2464//4884
f 2404//4884 2396//4884 2400//4884
f 2321//4885 2243//4885 2318//4885
f 2321//4886 2398//4886 2320//4886
f 2321//4886 2320//4886 2243//4886
f 2315//4887 2406//4887 2407//4887
f 2408//4888 2409//4888 2405//4888
f 2415//4889 2416//4889 2414//4889
f 2395//4890 2319//4890 2417//4890
f 2418//96 2419//96 2432//96
f 2420//96 2419//96 2418//96
f 2421//96 2419//96 2420//96
f 2421//96 2422//96 2419//96
f 2421//4891 2423//4891 2422//4891
f 2426//4892 2423//4892 2421//4892
f 2424//4893 2423//4893 2425//4893
f 2424//4894 2425//4894 2433//4894
f 2425//4895 2423//4895 2426//4895
f 2427//4896 2285//4896 2280//4896
f 2427//4897 2287//4897 2285//4897
f 2280//4898 2278//4898 2427//4898
f 2428//96 2287//96 2427//96
f 2428//96 2429//96 2287//96
f 2428//96 2430//96 2429//96
f 2431//96 2430//96 2428//96
f 2283//4899 2432//4899 2278//4899
f 2424//4900 2430//4900 2431//4900
f 2424//4901 2433//4901 2430//4901
f 2283//96 2282//96 2432//96
f 2282//4902 2418//4902 2432//4902
f 2237//4903 2239//4903 2434//4903
f 2237//4904 2434//4904 2435//4904
f 2236//4905 2237//4905 2435//4905
f 2236//4906 2435//4906 2436//4906
f 2234//4907 2236//4907 2436//4907
f 2234//4908 2436//4908 2437//4908
f 2233//4909 2234//4909 2437//4909
f 2233//4910 2437//4910 2438//4910
f 2231//4911 2233//4911 2438//4911
f 2231//4912 2438//4912 2439//4912
f 2230//4913 2231//4913 2439//4913
f 2230//4914 2439//4914 2440//4914
f 2228//4915 2230//4915 2440//4915
f 2228//4916 2440//4916 2441//4916
f 2227//4917 2228//4917 2441//4917
f 2227//4918 2441//4918 2442//4918
f 2225//4919 2227//4919 2442//4919
f 2225//4920 2442//4920 2443//4920
f 2224//4921 2225//4921 2443//4921
f 2224//4922 2443//4922 2444//4922
f 2222//4923 2224//4923 2444//4923
f 2222//4924 2444//4924 2445//4924
f 2221//4925 2222//4925 2445//4925
f 2221//4926 2445//4926 2446//4926
f 2219//4927 2221//4927 2446//4927
f 2217//4928 2219//4928 2446//4928
f 2217//4929 2446//4929 2447//4929
f 2448//4930 2270//4930 2449//4930
f 2270//4931 2266//4931 2449//4931
f 2450//96 2270//96 2448//96
f 2450//96 2274//96 2270//96
f 2266//4932 2262//4932 2449//4932
f 2450//96 2276//96 2274//96
f 2451//96 2276//96 2450//96
f 2451//4933 2452//4933 2276//4933
f 2451//96 2453//96 2452//96
f 2451//4934 2454//4934 2453//4934
f 2455//4935 2456//4935 2454//4935
f 2456//4936 2455//4936 2457//4936
f 2457//4936 2455//4936 2458//4936
f 2455//96 2459//96 2458//96
f 2458//96 2459//96 2264//96
f 2264//96 2459//96 2268//96
f 2459//96 2460//96 2268//96
f 2262//4937 2461//4937 2449//4937
f 2268//4938 2461//4938 2272//4938
f 2272//4939 2461//4939 2262//4939
f 2268//4940 2460//4940 2461//4940
f 2215//4846 2465//4846 2462//4846
f 2404//4941 2463//4941 2466//4941
f 2466//4942 2401//4942 2396//4942
f 2466//4884 2396//4884 2404//4884
f 2217//4943 2465//4943 2215//4943
f 2462//4944 2403//4944 2402//4944
f 2463//4846 2464//4846 2467//4846
f 2402//4945 2213//4945 2462//4945
f 2463//4946 2467//4946 2322//4946
f 2215//4846 2462//4846 2213//4846
f 2469//4947 2239//4947 2241//4947
f 2468//4948 2399//4948 2243//4948
f 2471//4949 2470//4949 2351//4949
f 2472//4846 2469//4846 2241//4846
f 2473//4846 2470//4846 2471//4846
f 2468//4846 2470//4846 2473//4846
f 2241//4860 2320//4860 2472//4860
f 2475//96 2393//96 2474//96
f 2295//96 2279//96 2284//96
f 2291//96 2279//96 2295//96
f 2297//96 2295//96 2284//96
f 2297//96 2284//96 2288//96
f 2299//96 2297//96 2288//96
f 2291//96 2476//96 2279//96
f 2392//96 2476//96 2291//96
f 2299//96 2288//96 2281//96
f 2392//96 2477//96 2476//96
f 2391//96 2477//96 2392//96
f 2290//96 2299//96 2281//96
f 2478//96 2477//96 2391//96
f 2478//96 2391//96 2394//96
f 2286//96 2290//96 2281//96
f 2286//96 2294//96 2290//96
f 2479//96 2478//96 2394//96
f 2480//96 2294//96 2286//96
f 2481//96 2394//96 2393//96
f 2481//96 2479//96 2394//96
f 2474//96 2294//96 2480//96
f 2475//96 2481//96 2393//96
f 2474//96 2393//96 2294//96
f 2425//4950 2426//4950 2479//4950
f 2287//4951 2429//4951 2286//4951
f 2286//4952 2429//4952 2480//4952
f 2479//4953 2426//4953 2478//4953
f 2426//4954 2421//4954 2478//4954
f 2480//4955 2430//4955 2474//4955
f 2429//4956 2430//4956 2480//4956
f 2478//4957 2421//4957 2477//4957
f 2474//4958 2430//4958 2475//4958
f 2421//4959 2420//4959 2477//4959
f 2430//4960 2433//4960 2475//4960
f 2477//4961 2420//4961 2476//4961
f 2475//4962 2433//4962 2481//4962
f 2420//4963 2418//4963 2476//4963
f 2433//4964 2425//4964 2481//4964
f 2476//4965 2418//4965 2279//4965
f 2481//4966 2425//4966 2479//4966
f 2482//96 2388//96 2277//96
f 2307//96 2269//96 2273//96
f 2309//96 2307//96 2273//96
f 2302//96 2265//96 2269//96
f 2302//96 2269//96 2307//96
f 2309//96 2273//96 2263//96
f 2311//96 2309//96 2263//96
f 2387//96 2265//96 2302//96
f 2387//96 2483//96 2265//96
f 2311//96 2263//96 2267//96
f 2300//96 2311//96 2267//96
f 2387//96 2484//96 2483//96
f 2300//96 2267//96 2271//96
f 2390//96 2484//96 2387//96
f 2271//96 2305//96 2300//96
f 2275//96 2305//96 2271//96
f 2485//96 2484//96 2390//96
f 2485//96 2390//96 2389//96
f 2277//96 2305//96 2275//96
f 2277//96 2388//96 2305//96
f 2482//96 2485//96 2389//96
f 2482//96 2389//96 2388//96
f 2454//4967 2456//4967 2485//4967
f 2485//4968 2456//4968 2484//4968
f 2276//4969 2452//4969 2277//4969
f 2452//4970 2453//4970 2277//4970
f 2277//4971 2453//4971 2482//4971
f 2456//4972 2457//4972 2484//4972
f 2484//4973 2457//4973 2483//4973
f 2457//4974 2458//4974 2483//4974
f 2483//4975 2458//4975 2265//4975
f 2453//4976 2454//4976 2482//4976
f 2482//4977 2454//4977 2485//4977
f 2356//4978 2212//4978 2486//4978
f 2376//4979 2356//4979 2486//4979
f 2376//4980 2486//4980 2487//4980
f 2376//4981 2487//4981 2488//4981
f 2367//4982 2376//4982 2488//4982
f 2367//4983 2488//4983 2489//4983
f 2371//4984 2367//4984 2489//4984
f 2371//4985 2489//4985 2490//4985
f 2381//4986 2371//4986 2490//4986
f 2381//4987 2490//4987 2491//4987
f 2353//4988 2381//4988 2491//4988
f 2353//4989 2491//4989 2492//4989
f 2364//4990 2353//4990 2492//4990
f 2364//4991 2492//4991 2493//4991
f 2373//4992 2364//4992 2493//4992
f 2373//4993 2493//4993 2494//4993
f 2382//4994 2373//4994 2494//4994
f 2386//4995 2382//4995 2494//4995
f 2386//4996 2494//4996 2495//4996
f 2358//4997 2386//4997 2495//4997
f 2358//4998 2495//4998 2496//4998
f 2358//4999 2496//4999 2497//4999
f 2361//5000 2358//5000 2497//5000
f 2251//5001 2497//5001 2191//5001
f 2251//5002 2361//5002 2497//5002
f 2502//5003 2498//5003 2499//5003
f 2502//5004 2500//5004 2498//5004
f 2503//4852 2501//4852 2500//4852
f 2503//4846 2500//4846 2502//4846
f 2190//5005 2501//5005 2503//5005
f 2504//5006 2190//5006 2503//5006
f 2197//4846 2193//4846 2190//4846
f 2197//5007 2195//5007 2193//5007
f 2506//4846 2190//4846 2504//4846
f 2506//5008 2504//5008 2505//5008
f 2211//5009 2506//5009 2507//5009
f 2204//4855 2202//4855 2199//4855
f 2204//4846 2197//4846 2190//4846
f 2204//4855 2199//4855 2197//4855
f 2204//4941 2211//4941 2208//4941
f 2204//4846 2190//4846 2506//4846
f 2204//4846 2506//4846 2211//4846
f 2206//4848 2204//4848 2208//4848
f 2510//5010 2534//5010 2511//5010
f 2513//5011 2316//5011 2512//5011
f 2511//5012 2508//5012 2512//5012
f 2316//5013 2313//5013 2512//5013
f 2534//5014 2508//5014 2511//5014
f 2509//5015 2449//5015 2461//5015
f 2509//5016 2510//5016 2449//5016
f 2510//5017 2509//5017 2534//5017
f 2508//5018 2513//5018 2512//5018
f 2516//5019 2519//5019 2517//5019
f 2515//5020 2519//5020 2516//5020
f 2520//5021 2412//5021 2518//5021
f 2517//5022 2514//5022 2518//5022
f 2412//5023 2410//5023 2518//5023
f 2519//5024 2514//5024 2517//5024
f 2515//5025 2423//5025 2424//5025
f 2515//5026 2516//5026 2423//5026
f 2514//5027 2520//5027 2518//5027
f 2406//5028 2465//5028 2407//5028
f 2462//5029 2465//5029 2406//5029
f 2407//5030 2465//5030 2315//5030
f 2315//5031 2521//5031 2314//5031
f 2315//5032 2465//5032 2521//5032
f 2465//5033 2217//5033 2521//5033
f 2521//5034 2217//5034 2447//5034
f 2434//5035 2239//5035 2522//5035
f 2522//5036 2239//5036 2317//5036
f 2317//5037 2239//5037 2319//5037
f 2239//5038 2469//5038 2319//5038
f 2319//5039 2469//5039 2417//5039
f 2469//5040 2472//5040 2417//5040
f 2417//5041 2472//5041 2395//5041
f 2405//5042 2471//5042 2408//5042
f 2473//5043 2471//5043 2405//5043
f 2408//5044 2471//5044 2409//5044
f 2409//5045 2523//5045 2411//5045
f 2409//5046 2471//5046 2523//5046
f 2471//5047 2351//5047 2523//5047
f 2523//5048 2351//5048 2350//5048
f 2323//5049 2322//5049 2524//5049
f 2524//5050 2322//5050 2413//5050
f 2413//5051 2322//5051 2414//5051
f 2322//5052 2467//5052 2414//5052
f 2414//5053 2467//5053 2415//5053
f 2467//5054 2464//5054 2415//5054
f 2415//5055 2464//5055 2416//5055
f 2526//5056 2527//5056 2525//5056
f 2185//5057 2528//5057 2249//5057
f 2525//5058 2527//5058 2245//5058
f 2527//5059 2181//5059 2245//5059
f 2249//5060 2529//5060 2530//5060
f 2528//5061 2529//5061 2249//5061
f 2529//5062 2531//5062 2530//5062
f 2530//5063 2531//5063 2532//5063
f 2531//5064 2533//5064 2532//5064
f 2532//5065 2533//5065 2525//5065
f 2533//5066 2526//5066 2525//5066
f 2525//4846 2245//4846 2247//4846
f 2525//4846 2248//4846 2250//4846
f 2525//4846 2247//4846 2248//4846
f 2530//4846 2525//4846 2250//4846
f 2530//4846 2244//4846 2246//4846
f 2530//4846 2246//4846 2249//4846
f 2530//4846 2532//4846 2525//4846
f 2530//4846 2250//4846 2244//4846
f 2447//5067 2510//5067 2511//5067
f 2447//5068 2511//5068 2521//5068
f 2447//5069 2449//5069 2510//5069
f 2512//5070 2313//5070 2314//5070
f 2521//5071 2512//5071 2314//5071
f 2521//5072 2511//5072 2512//5072
f 2435//5073 2434//5073 2461//5073
f 2435//5074 2461//5074 2460//5074
f 2436//5075 2435//5075 2460//5075
f 2437//5076 2436//5076 2460//5076
f 2437//5077 2460//5077 2459//5077
f 2438//5078 2437//5078 2459//5078
f 2439//5079 2459//5079 2455//5079
f 2439//5080 2438//5080 2459//5080
f 2440//5081 2439//5081 2455//5081
f 2441//5082 2440//5082 2455//5082
f 2441//5083 2455//5083 2454//5083
f 2441//5084 2454//5084 2451//5084
f 2442//5085 2441//5085 2451//5085
f 2443//5086 2442//5086 2451//5086
f 2443//5087 2451//5087 2450//5087
f 2444//5088 2443//5088 2450//5088
f 2445//5089 2444//5089 2450//5089
f 2445//5090 2450//5090 2448//5090
f 2446//5091 2445//5091 2448//5091
f 2446//5092 2448//5092 2449//5092
f 2447//5093 2446//5093 2449//5093
f 2434//5094 2509//5094 2461//5094
f 2317//5095 2508//5095 2522//5095
f 2317//5096 2316//5096 2513//5096
f 2509//5097 2434//5097 2522//5097
f 2522//5098 2508//5098 2534//5098
f 2317//5099 2513//5099 2508//5099
f 2534//5100 2509//5100 2522//5100
f 2523//5101 2516//5101 2517//5101
f 2523//5102 2423//5102 2516//5102
f 2523//5103 2350//5103 2423//5103
f 2518//5104 2410//5104 2411//5104
f 2523//5105 2518//5105 2411//5105
f 2523//5106 2517//5106 2518//5106
f 2324//5107 2323//5107 2424//5107
f 2324//5108 2424//5108 2431//5108
f 2326//5109 2324//5109 2431//5109
f 2328//5110 2326//5110 2431//5110
f 2328//5111 2431//5111 2428//5111
f 2330//5112 2328//5112 2428//5112
f 2332//5113 2330//5113 2428//5113
f 2332//5114 2428//5114 2427//5114
f 2334//5115 2332//5115 2427//5115
f 2336//5116 2334//5116 2427//5116
f 2336//5117 2427//5117 2278//5117
f 2338//5118 2278//5118 2432//5118
f 2338//5119 2336//5119 2278//5119
f 2340//5120 2338//5120 2432//5120
f 2342//5121 2340//5121 2432//5121
f 2342//5122 2432//5122 2419//5122
f 2344//5123 2342//5123 2419//5123
f 2346//5124 2344//5124 2419//5124
f 2346//5125 2419//5125 2422//5125
f 2348//5126 2346//5126 2422//5126
f 2348//5127 2422//5127 2423//5127
f 2350//5128 2348//5128 2423//5128
f 2323//5129 2515//5129 2424//5129
f 2519//5130 2515//5130 2524//5130
f 2413//5131 2514//5131 2524//5131
f 2413//5132 2412//5132 2520//5132
f 2515//5133 2323//5133 2524//5133
f 2524//5134 2514//5134 2519//5134
f 2413//5135 2520//5135 2514//5135
f 2468//5136 2243//5136 2242//5136
f 2468//5137 2242//5137 2355//5137
f 2470//5138 2468//5138 2355//5138
f 2470//5139 2355//5139 2378//5139
f 2351//5140 2470//5140 2378//5140
f 2351//5141 2378//5141 2366//5141
f 2349//5142 2351//5142 2366//5142
f 2347//5143 2349//5143 2366//5143
f 2347//5144 2366//5144 2368//5144
f 2345//5145 2347//5145 2368//5145
f 2343//5146 2345//5146 2368//5146
f 2343//5147 2368//5147 2375//5147
f 2341//5148 2343//5148 2375//5148
f 2339//5149 2341//5149 2375//5149
f 2339//5150 2375//5150 2372//5150
f 2337//5151 2339//5151 2372//5151
f 2335//5152 2337//5152 2372//5152
f 2335//5153 2372//5153 2357//5153
f 2333//5154 2335//5154 2357//5154
f 2331//5155 2333//5155 2357//5155
f 2331//5156 2357//5156 2379//5156
f 2329//5157 2331//5157 2379//5157
f 2327//5158 2329//5158 2379//5158
f 2327//5159 2379//5159 2360//5159
f 2325//5160 2327//5160 2360//5160
f 2322//5161 2325//5161 2360//5161
f 2322//5162 2360//5162 2365//5162
f 2322//5163 2365//5163 2374//5163
f 2463//5164 2322//5164 2374//5164
f 2463//5165 2374//5165 2369//5165
f 2466//5166 2463//5166 2369//5166
f 2507//5167 2486//5167 2212//5167
f 2486//5168 2507//5168 2506//5168
f 2506//5169 2487//5169 2486//5169
f 2506//5170 2488//5170 2487//5170
f 2505//5171 2488//5171 2506//5171
f 2505//5172 2489//5172 2488//5172
f 2490//5173 2489//5173 2505//5173
f 2490//5174 2505//5174 2504//5174
f 2504//5175 2491//5175 2490//5175
f 2491//5176 2504//5176 2503//5176
f 2503//5177 2492//5177 2491//5177
f 2502//5178 2492//5178 2503//5178
f 2502//5179 2493//5179 2492//5179
f 2499//5180 2493//5180 2502//5180
f 2499//5181 2494//5181 2493//5181
f 2498//5182 2495//5182 2494//5182
f 2498//5183 2494//5183 2499//5183
f 2500//5184 2496//5184 2495//5184
f 2500//5185 2495//5185 2498//5185
f 2497//5186 2500//5186 2501//5186
f 2497//5187 2496//5187 2500//5187
f 2501//5188 2191//5188 2497//5188
f 2352//5189 2362//5189 2526//5189
f 2526//5190 2362//5190 2527//5190
f 2185//5191 2384//5191 2528//5191
f 2362//5192 2181//5192 2527//5192
f 2362//5193 2180//5193 2181//5193
f 2528//5194 2384//5194 2529//5194
f 2529//5195 2384//5195 2531//5195
f 2384//5196 2352//5196 2531//5196
f 2531//5197 2352//5197 2533//5197
f 2533//5198 2352//5198 2526//5198
f 2402//4944 2403//4944 2401//4944
f 2397//5199 2318//5199 2399//5199
f 2398//4886 2472//4886 2320//4886
f 2318//5199 2243//5199 2399//5199
f 2397//5199 2399//5199 2473//5199
f 2402//4944 2401//4944 2466//4944
f 2404//4941 2464//4941 2463//4941
f 2402//4945 2466//4945 2213//4945
f 2468//4948 2473//4948 2399//4948
f 2241//4860 2243//4860 2320//4860
f 2853//5200 320//5200 319//5200
f 2853//5201 378//5201 320//5201
f 2853//5202 376//5202 378//5202
f 2853//5203 377//5203 376//5203
f 2853//5204 375//5204 377//5204
f 2853//5205 392//5205 375//5205
f 2853//5206 391//5206 392//5206
f 2853//5207 389//5207 391//5207
f 2853//5208 1037//5208 389//5208
f 2853//5209 386//5209 1037//5209
f 2853//5210 385//5210 386//5210
f 2853//5211 334//5211 385//5211
f 2853//5212 333//5212 334//5212
f 2853//5213 324//5213 333//5213
f 2853//5214 323//5214 324//5214
f 2853//5215 325//5215 323//5215
f 2853//5216 335//5216 325//5216
f 2853//5217 332//5217 335//5217
f 2853//5218 331//5218 332//5218
f 2853//5219 330//5219 331//5219
f 2853//5220 329//5220 330//5220
f 2853//5221 328//5221 329//5221
f 2853//5222 327//5222 328//5222
f 2853//5223 326//5223 327//5223
f 2853//5224 388//5224 326//5224
f 2853//5225 387//5225 388//5225
f 2853//5226 384//5226 387//5226
f 2853//5227 390//5227 384//5227
f 2853//5228 380//5228 390//5228
f 2853//5229 749//5229 380//5229
f 2853//5230 748//5230 749//5230
f 2853//5231 381//5231 748//5231
f 2853//5232 2133//5232 381//5232
f 2853//5233 2132//5233 2133//5233
f 2853//5234 2131//5234 2132//5234
f 2853//5235 2130//5235 2131//5235
f 2853//5236 2163//5236 2130//5236
f 2853//5237 2164//5237 2163//5237
f 2853//5238 2153//5238 2164//5238
f 2853//5239 2154//5239 2153//5239
f 2853//5240 2155//5240 2154//5240
f 2853//5241 2152//5241 2155//5241
f 2853//5242 2151//5242 2152//5242
f 2853//5243 2145//5243 2151//5243
f 2853//5244 2144//5244 2145//5244
f 2853//5245 2148//5245 2144//5245
f 2853//5246 2147//5246 2148//5246
f 2853//5247 2150//5247 2147//5247
f 2853//5248 2149//5248 2150//5248
f 2853//5249 2178//5249 2149//5249
f 2853//5250 2169//5250 2178//5250
f 2853//5251 2168//5251 2169//5251
f 2853//5252 2170//5252 2168//5252
f 2853//5253 2171//5253 2170//5253
f 2853//5254 2172//5254 2171//5254
f 2853//5255 2177//5255 2172//5255
f 2853//5256 412//5256 2177//5256
f 2853//5257 1311//5257 412//5257
f 2853//5258 1324//5258 1311//5258
f 2853//5259 2175//5259 1324//5259
f 2853//5260 2174//5260 2175//5260
f 2853//5261 2173//5261 2174//5261
f 2853//5262 2176//5262 2173//5262
f 2853//5263 2134//5263 2176//5263
f 2853//5264 2135//5264 2134//5264
f 2853//5265 2136//5265 2135//5265
f 2853//5266 2137//5266 2136//5266
f 2853//5267 2138//5267 2137//5267
f 2853//5268 2139//5268 2138//5268
f 2853//5269 2140//5269 2139//5269
f 2853//5270 2141//5270 2140//5270
f 2853//5271 2142//5271 2141//5271
f 2853//5272 2143//5272 2142//5272
f 2853//5273 2146//5273 2143//5273
f 2853//5274 2159//5274 2146//5274
f 2853//5275 2158//5275 2159//5275
f 2853//5276 2157//5276 2158//5276
f 2853//5277 2156//5277 2157//5277
f 2853//5278 2160//5278 2156//5278
f 2853//5279 2161//5279 2160//5279
f 2853//5280 2162//5280 2161//5280
f 2853//5281 2165//5281 2162//5281
f 2853//5282 2166//5282 2165//5282
f 2853//5283 2167//5283 2166//5283
f 2853//5284 1266//5284 2167//5284
f 2853//5285 1660//5285 1266//5285
f 2853//5286 1661//5286 1660//5286
f 2853//5287 1265//5287 1661//5287
f 2853//5288 1275//5288 1265//5288
f 2853//5289 1269//5289 1275//5289
f 2853//5290 1272//5290 1269//5290
f 2853//5291 1273//5291 1272//5291
f 2853//5292 1181//5292 1273//5292
f 2853//5293 1182//5293 1181//5293
f 2853//5294 1183//5294 1182//5294
f 2853//5295 1184//5295 1183//5295
f 2853//5296 1185//5296 1184//5296
f 2853//5297 1186//5297 1185//5297
f 2853//5298 1187//5298 1186//5298
f 2853//5299 1190//5299 1187//5299
f 2853//5300 1180//5300 1190//5300
f 2853//5301 1178//5301 1180//5301
f 2853//5302 1179//5302 1178//5302
f 2853//5303 1188//5303 1179//5303
f 2853//5304 1189//5304 1188//5304
f 2853//5305 1270//5305 1189//5305
f 2853//5306 1271//5306 1270//5306
f 2853//5307 1949//5307 1271//5307
f 2853//5308 1274//5308 1949//5308
f 2853//5309 1276//5309 1274//5309
f 2853//5310 1277//5310 1276//5310
f 2853//5311 1260//5311 1277//5311
f 2853//5312 1262//5312 1260//5312
f 2853//5313 1261//5313 1262//5313
f 2853//5314 1263//5314 1261//5314
f 2853//5315 1175//5315 1263//5315
f 2853//5316 1174//5316 1175//5316
f 2853//5317 2120//5317 1174//5317
f 2853//5318 2121//5318 2120//5318
f 2853//5319 2122//5319 2121//5319
f 2853//5320 2123//5320 2122//5320
f 2853//5321 2124//5321 2123//5321
f 2853//5322 2119//5322 2124//5322
f 2853//5323 2118//5323 2119//5323
f 2853//5324 2117//5324 2118//5324
f 2853//5325 2116//5325 2117//5325
f 2853//5326 2115//5326 2116//5326
f 2853//5327 2114//5327 2115//5327
f 2853//5328 2109//5328 2114//5328
f 2853//5329 2110//5329 2109//5329
f 2853//5330 2113//5330 2110//5330
f 2853//5331 2112//5331 2113//5331
f 2853//5332 2111//5332 2112//5332
f 2853//5333 2127//5333 2111//5333
f 2853//5334 2128//5334 2127//5334
f 2853//5335 2129//5335 2128//5335
f 2853//5336 2126//5336 2129//5336
f 2853//5337 2125//5337 2126//5337
f 2853//5338 319//5338 2125//5338
